rowId,family,status,ordinaryOrMeta,bucket,likelyOwningTask,representativeAssetOrRule,notes,sourceRcid,sourceLookupId,geometryType,tableName,ruleId,reasons
######|Area|Plain|0|32036,######,unsupported,internal_meta,internal_or_meta_row_only,108-s52-all-lookuprow-closure,LS_DASH_1_CHMGD,object acronym is internal/meta and still carries degraded status,32036,0,Area,Plain,,compiler_missing_lookup_row;scene_harness_not_covered
######|Area|Symbolized|340|32375,######,unsupported,internal_meta,internal_or_meta_row_only,108-s52-all-lookuprow-closure,LS_DASH_1_CHMGD,object acronym is internal/meta and still carries degraded status,32375,340,Area,Symbolized,,compiler_missing_lookup_row;scene_harness_not_covered
######|Line|Lines|687|31763,######,unsupported,internal_meta,internal_or_meta_row_only,108-s52-all-lookuprow-closure,QUESMRK1,object acronym is internal/meta and still carries degraded status,31763,687,Line,Lines,,compiler_missing_lookup_row;scene_harness_not_covered
######|Point|Paper|1711|30000,######,unsupported,internal_meta,internal_or_meta_row_only,108-s52-all-lookuprow-closure,QUESMRK1,object acronym is internal/meta and still carries degraded status,30000,1711,Point,Paper,,compiler_missing_lookup_row;scene_harness_not_covered
######|Point|Simplified|960|31012,######,unsupported,internal_meta,internal_or_meta_row_only,108-s52-all-lookuprow-closure,QUESMRK1,object acronym is internal/meta and still carries degraded status,31012,960,Point,Simplified,,compiler_missing_lookup_row;scene_harness_not_covered
$AREAS|Area|Plain|312|32347,$AREAS,unsupported,internal_meta,internal_or_meta_row_only,108-s52-all-lookuprow-closure,LS_SOLD_2_CHGRD,object acronym is internal/meta and still carries degraded status,32347,312,Area,Plain,,compiler_missing_lookup_row;scene_harness_not_covered
$AREAS|Area|Plain|313|32348,$AREAS,unsupported,internal_meta,internal_or_meta_row_only,108-s52-all-lookuprow-closure,CHCRDEL1,object acronym is internal/meta and still carries degraded status,32348,313,Area,Plain,,compiler_missing_lookup_row;scene_harness_not_covered
$AREAS|Area|Plain|314|32349,$AREAS,unsupported,internal_meta,internal_or_meta_row_only,108-s52-all-lookuprow-closure,CHCRID01,object acronym is internal/meta and still carries degraded status,32349,314,Area,Plain,,compiler_missing_lookup_row;scene_harness_not_covered
$AREAS|Area|Plain|315|32350,$AREAS,unsupported,internal_meta,internal_or_meta_row_only,108-s52-all-lookuprow-closure,DIAMOND1,object acronym is internal/meta and still carries degraded status,32350,315,Area,Plain,,compiler_missing_lookup_row;scene_harness_not_covered
$AREAS|Area|Plain|316|32351,$AREAS,unsupported,internal_meta,internal_or_meta_row_only,108-s52-all-lookuprow-closure,OVERSC01,object acronym is internal/meta and still carries degraded status,32351,316,Area,Plain,,compiler_missing_lookup_row;scene_harness_not_covered
$AREAS|Area|Plain|317|32352,$AREAS,unsupported,internal_meta,internal_or_meta_row_only,108-s52-all-lookuprow-closure,LS_DASH_1_CHGRD,object acronym is internal/meta and still carries degraded status,32352,317,Area,Plain,,compiler_missing_lookup_row;scene_harness_not_covered
$AREAS|Area|Plain|318|32353,$AREAS,unsupported,internal_meta,internal_or_meta_row_only,108-s52-all-lookuprow-closure,LS_SOLD_1_CHGRD,object acronym is internal/meta and still carries degraded status,32353,318,Area,Plain,,compiler_missing_lookup_row;scene_harness_not_covered
$AREAS|Area|Plain|319|32354,$AREAS,unsupported,internal_meta,internal_or_meta_row_only,108-s52-all-lookuprow-closure,LS_SOLD_1_CHGRD,object acronym is internal/meta and still carries degraded status,32354,319,Area,Plain,,compiler_missing_lookup_row;scene_harness_not_covered
$AREAS|Area|Plain|320|32355,$AREAS,unsupported,internal_meta,internal_or_meta_row_only,108-s52-all-lookuprow-closure,LS_SOLD_1_CHGRD,object acronym is internal/meta and still carries degraded status,32355,320,Area,Plain,,compiler_missing_lookup_row;scene_harness_not_covered
$AREAS|Area|Plain|321|32356,$AREAS,unsupported,internal_meta,internal_or_meta_row_only,108-s52-all-lookuprow-closure,LS_SOLD_1_CHGRD,object acronym is internal/meta and still carries degraded status,32356,321,Area,Plain,,compiler_missing_lookup_row;scene_harness_not_covered
$AREAS|Area|Plain|322|32357,$AREAS,unsupported,internal_meta,internal_or_meta_row_only,108-s52-all-lookuprow-closure,LS_SOLD_1_CHGRD,object acronym is internal/meta and still carries degraded status,32357,322,Area,Plain,,compiler_missing_lookup_row;scene_harness_not_covered
$AREAS|Area|Plain|323|32358,$AREAS,unsupported,internal_meta,internal_or_meta_row_only,108-s52-all-lookuprow-closure,LS_SOLD_1_CHGRD,object acronym is internal/meta and still carries degraded status,32358,323,Area,Plain,,compiler_missing_lookup_row;scene_harness_not_covered
$AREAS|Area|Plain|324|32359,$AREAS,unsupported,internal_meta,internal_or_meta_row_only,108-s52-all-lookuprow-closure,LS_SOLD_1_CHGRD,object acronym is internal/meta and still carries degraded status,32359,324,Area,Plain,,compiler_missing_lookup_row;scene_harness_not_covered
$AREAS|Area|Plain|325|32360,$AREAS,unsupported,internal_meta,internal_or_meta_row_only,108-s52-all-lookuprow-closure,LS_SOLD_1_CHGRD,object acronym is internal/meta and still carries degraded status,32360,325,Area,Plain,,compiler_missing_lookup_row;scene_harness_not_covered
$AREAS|Area|Plain|326|32361,$AREAS,unsupported,internal_meta,internal_or_meta_row_only,108-s52-all-lookuprow-closure,LS_SOLD_1_CHGRD,object acronym is internal/meta and still carries degraded status,32361,326,Area,Plain,,compiler_missing_lookup_row;scene_harness_not_covered
$AREAS|Area|Plain|327|32362,$AREAS,unsupported,internal_meta,internal_or_meta_row_only,108-s52-all-lookuprow-closure,LS_SOLD_1_CHGRD,object acronym is internal/meta and still carries degraded status,32362,327,Area,Plain,,compiler_missing_lookup_row;scene_harness_not_covered
$AREAS|Area|Plain|328|32363,$AREAS,unsupported,internal_meta,internal_or_meta_row_only,108-s52-all-lookuprow-closure,LS_SOLD_1_CHGRD,object acronym is internal/meta and still carries degraded status,32363,328,Area,Plain,,compiler_missing_lookup_row;scene_harness_not_covered
$AREAS|Area|Plain|329|32364,$AREAS,unsupported,internal_meta,internal_or_meta_row_only,108-s52-all-lookuprow-closure,LS_SOLD_1_CHGRD,object acronym is internal/meta and still carries degraded status,32364,329,Area,Plain,,compiler_missing_lookup_row;scene_harness_not_covered
$AREAS|Area|Plain|330|32365,$AREAS,unsupported,internal_meta,internal_or_meta_row_only,108-s52-all-lookuprow-closure,LS_SOLD_1_CHGRD,object acronym is internal/meta and still carries degraded status,32365,330,Area,Plain,,compiler_missing_lookup_row;scene_harness_not_covered
$AREAS|Area|Plain|331|32366,$AREAS,unsupported,internal_meta,internal_or_meta_row_only,108-s52-all-lookuprow-closure,LS_SOLD_1_CHGRD,object acronym is internal/meta and still carries degraded status,32366,331,Area,Plain,,compiler_missing_lookup_row;scene_harness_not_covered
$AREAS|Area|Plain|332|32367,$AREAS,unsupported,internal_meta,internal_or_meta_row_only,108-s52-all-lookuprow-closure,LS_SOLD_1_CHGRD,object acronym is internal/meta and still carries degraded status,32367,332,Area,Plain,,compiler_missing_lookup_row;scene_harness_not_covered
$AREAS|Area|Plain|333|32368,$AREAS,unsupported,internal_meta,internal_or_meta_row_only,108-s52-all-lookuprow-closure,LS_SOLD_1_CHGRD,object acronym is internal/meta and still carries degraded status,32368,333,Area,Plain,,compiler_missing_lookup_row;scene_harness_not_covered
$AREAS|Area|Plain|334|32369,$AREAS,unsupported,internal_meta,internal_or_meta_row_only,108-s52-all-lookuprow-closure,LS_SOLD_1_CHGRD,object acronym is internal/meta and still carries degraded status,32369,334,Area,Plain,,compiler_missing_lookup_row;scene_harness_not_covered
$AREAS|Area|Plain|335|32370,$AREAS,unsupported,internal_meta,internal_or_meta_row_only,108-s52-all-lookuprow-closure,LS_SOLD_1_CHGRD,object acronym is internal/meta and still carries degraded status,32370,335,Area,Plain,,compiler_missing_lookup_row;scene_harness_not_covered
$AREAS|Area|Plain|336|32371,$AREAS,unsupported,internal_meta,internal_or_meta_row_only,108-s52-all-lookuprow-closure,LS_SOLD_1_CHGRD,object acronym is internal/meta and still carries degraded status,32371,336,Area,Plain,,compiler_missing_lookup_row;scene_harness_not_covered
$AREAS|Area|Plain|337|32372,$AREAS,unsupported,internal_meta,internal_or_meta_row_only,108-s52-all-lookuprow-closure,LS_SOLD_1_CHGRD,object acronym is internal/meta and still carries degraded status,32372,337,Area,Plain,,compiler_missing_lookup_row;scene_harness_not_covered
$AREAS|Area|Plain|338|32373,$AREAS,unsupported,internal_meta,internal_or_meta_row_only,108-s52-all-lookuprow-closure,QUESMRK1,object acronym is internal/meta and still carries degraded status,32373,338,Area,Plain,,compiler_missing_lookup_row;scene_harness_not_covered
$AREAS|Area|Symbolized|659|32694,$AREAS,unsupported,internal_meta,internal_or_meta_row_only,108-s52-all-lookuprow-closure,LS_SOLD_2_CHGRD,object acronym is internal/meta and still carries degraded status,32694,659,Area,Symbolized,,compiler_missing_lookup_row;scene_harness_not_covered
$AREAS|Area|Symbolized|660|32695,$AREAS,unsupported,internal_meta,internal_or_meta_row_only,108-s52-all-lookuprow-closure,CHCRDEL1,object acronym is internal/meta and still carries degraded status,32695,660,Area,Symbolized,,compiler_missing_lookup_row;scene_harness_not_covered
$AREAS|Area|Symbolized|661|32696,$AREAS,unsupported,internal_meta,internal_or_meta_row_only,108-s52-all-lookuprow-closure,CHCRID01,object acronym is internal/meta and still carries degraded status,32696,661,Area,Symbolized,,compiler_missing_lookup_row;scene_harness_not_covered
$AREAS|Area|Symbolized|662|32697,$AREAS,unsupported,internal_meta,internal_or_meta_row_only,108-s52-all-lookuprow-closure,DIAMOND1,object acronym is internal/meta and still carries degraded status,32697,662,Area,Symbolized,,compiler_missing_lookup_row;scene_harness_not_covered
$AREAS|Area|Symbolized|663|32698,$AREAS,unsupported,internal_meta,internal_or_meta_row_only,108-s52-all-lookuprow-closure,OVERSC01,object acronym is internal/meta and still carries degraded status,32698,663,Area,Symbolized,,compiler_missing_lookup_row;scene_harness_not_covered
$AREAS|Area|Symbolized|664|32699,$AREAS,unsupported,internal_meta,internal_or_meta_row_only,108-s52-all-lookuprow-closure,LS_DASH_1_CHGRD,object acronym is internal/meta and still carries degraded status,32699,664,Area,Symbolized,,compiler_missing_lookup_row;scene_harness_not_covered
$AREAS|Area|Symbolized|665|32700,$AREAS,unsupported,internal_meta,internal_or_meta_row_only,108-s52-all-lookuprow-closure,LS_SOLD_1_CHGRD,object acronym is internal/meta and still carries degraded status,32700,665,Area,Symbolized,,compiler_missing_lookup_row;scene_harness_not_covered
$AREAS|Area|Symbolized|666|32701,$AREAS,unsupported,internal_meta,internal_or_meta_row_only,108-s52-all-lookuprow-closure,LS_SOLD_1_CHGRD,object acronym is internal/meta and still carries degraded status,32701,666,Area,Symbolized,,compiler_missing_lookup_row;scene_harness_not_covered
$AREAS|Area|Symbolized|667|32702,$AREAS,unsupported,internal_meta,internal_or_meta_row_only,108-s52-all-lookuprow-closure,LS_SOLD_1_CHGRD,object acronym is internal/meta and still carries degraded status,32702,667,Area,Symbolized,,compiler_missing_lookup_row;scene_harness_not_covered
$AREAS|Area|Symbolized|668|32703,$AREAS,unsupported,internal_meta,internal_or_meta_row_only,108-s52-all-lookuprow-closure,LS_SOLD_1_CHGRD,object acronym is internal/meta and still carries degraded status,32703,668,Area,Symbolized,,compiler_missing_lookup_row;scene_harness_not_covered
$AREAS|Area|Symbolized|669|32704,$AREAS,unsupported,internal_meta,internal_or_meta_row_only,108-s52-all-lookuprow-closure,LS_SOLD_1_CHGRD,object acronym is internal/meta and still carries degraded status,32704,669,Area,Symbolized,,compiler_missing_lookup_row;scene_harness_not_covered
$AREAS|Area|Symbolized|670|32705,$AREAS,unsupported,internal_meta,internal_or_meta_row_only,108-s52-all-lookuprow-closure,LS_SOLD_1_CHGRD,object acronym is internal/meta and still carries degraded status,32705,670,Area,Symbolized,,compiler_missing_lookup_row;scene_harness_not_covered
$AREAS|Area|Symbolized|671|32706,$AREAS,unsupported,internal_meta,internal_or_meta_row_only,108-s52-all-lookuprow-closure,LS_SOLD_1_CHGRD,object acronym is internal/meta and still carries degraded status,32706,671,Area,Symbolized,,compiler_missing_lookup_row;scene_harness_not_covered
$AREAS|Area|Symbolized|672|32707,$AREAS,unsupported,internal_meta,internal_or_meta_row_only,108-s52-all-lookuprow-closure,LS_SOLD_1_CHGRD,object acronym is internal/meta and still carries degraded status,32707,672,Area,Symbolized,,compiler_missing_lookup_row;scene_harness_not_covered
$AREAS|Area|Symbolized|673|32708,$AREAS,unsupported,internal_meta,internal_or_meta_row_only,108-s52-all-lookuprow-closure,LS_SOLD_1_CHGRD,object acronym is internal/meta and still carries degraded status,32708,673,Area,Symbolized,,compiler_missing_lookup_row;scene_harness_not_covered
$AREAS|Area|Symbolized|674|32709,$AREAS,unsupported,internal_meta,internal_or_meta_row_only,108-s52-all-lookuprow-closure,LS_SOLD_1_CHGRD,object acronym is internal/meta and still carries degraded status,32709,674,Area,Symbolized,,compiler_missing_lookup_row;scene_harness_not_covered
$AREAS|Area|Symbolized|675|32710,$AREAS,unsupported,internal_meta,internal_or_meta_row_only,108-s52-all-lookuprow-closure,LS_SOLD_1_CHGRD,object acronym is internal/meta and still carries degraded status,32710,675,Area,Symbolized,,compiler_missing_lookup_row;scene_harness_not_covered
$AREAS|Area|Symbolized|676|32711,$AREAS,unsupported,internal_meta,internal_or_meta_row_only,108-s52-all-lookuprow-closure,LS_SOLD_1_CHGRD,object acronym is internal/meta and still carries degraded status,32711,676,Area,Symbolized,,compiler_missing_lookup_row;scene_harness_not_covered
$AREAS|Area|Symbolized|677|32712,$AREAS,unsupported,internal_meta,internal_or_meta_row_only,108-s52-all-lookuprow-closure,LS_SOLD_1_CHGRD,object acronym is internal/meta and still carries degraded status,32712,677,Area,Symbolized,,compiler_missing_lookup_row;scene_harness_not_covered
$AREAS|Area|Symbolized|678|32713,$AREAS,unsupported,internal_meta,internal_or_meta_row_only,108-s52-all-lookuprow-closure,LS_SOLD_1_CHGRD,object acronym is internal/meta and still carries degraded status,32713,678,Area,Symbolized,,compiler_missing_lookup_row;scene_harness_not_covered
$AREAS|Area|Symbolized|679|32714,$AREAS,unsupported,internal_meta,internal_or_meta_row_only,108-s52-all-lookuprow-closure,LS_SOLD_1_CHGRD,object acronym is internal/meta and still carries degraded status,32714,679,Area,Symbolized,,compiler_missing_lookup_row;scene_harness_not_covered
$AREAS|Area|Symbolized|680|32715,$AREAS,unsupported,internal_meta,internal_or_meta_row_only,108-s52-all-lookuprow-closure,LS_SOLD_1_CHGRD,object acronym is internal/meta and still carries degraded status,32715,680,Area,Symbolized,,compiler_missing_lookup_row;scene_harness_not_covered
$AREAS|Area|Symbolized|681|32716,$AREAS,unsupported,internal_meta,internal_or_meta_row_only,108-s52-all-lookuprow-closure,LS_SOLD_1_CHGRD,object acronym is internal/meta and still carries degraded status,32716,681,Area,Symbolized,,compiler_missing_lookup_row;scene_harness_not_covered
$AREAS|Area|Symbolized|682|32717,$AREAS,unsupported,internal_meta,internal_or_meta_row_only,108-s52-all-lookuprow-closure,LS_SOLD_1_CHGRD,object acronym is internal/meta and still carries degraded status,32717,682,Area,Symbolized,,compiler_missing_lookup_row;scene_harness_not_covered
$AREAS|Area|Symbolized|683|32718,$AREAS,unsupported,internal_meta,internal_or_meta_row_only,108-s52-all-lookuprow-closure,LS_SOLD_1_CHGRD,object acronym is internal/meta and still carries degraded status,32718,683,Area,Symbolized,,compiler_missing_lookup_row;scene_harness_not_covered
$AREAS|Area|Symbolized|684|32719,$AREAS,unsupported,internal_meta,internal_or_meta_row_only,108-s52-all-lookuprow-closure,LS_SOLD_1_CHGRD,object acronym is internal/meta and still carries degraded status,32719,684,Area,Symbolized,,compiler_missing_lookup_row;scene_harness_not_covered
$AREAS|Area|Symbolized|685|32720,$AREAS,unsupported,internal_meta,internal_or_meta_row_only,108-s52-all-lookuprow-closure,QUESMRK1,object acronym is internal/meta and still carries degraded status,32720,685,Area,Symbolized,,compiler_missing_lookup_row;scene_harness_not_covered
$CSYMB|Point|Paper|2879|30907,$CSYMB,unsupported,internal_meta,internal_or_meta_row_only,108-s52-all-lookuprow-closure,ACHRES61,object acronym is internal/meta and still carries degraded status,30907,2879,Point,Paper,,compiler_missing_lookup_row;scene_harness_not_covered
$CSYMB|Point|Paper|2880|30908,$CSYMB,unsupported,internal_meta,internal_or_meta_row_only,108-s52-all-lookuprow-closure,ACHRES71,object acronym is internal/meta and still carries degraded status,30908,2880,Point,Paper,,compiler_missing_lookup_row;scene_harness_not_covered
$CSYMB|Point|Paper|2881|30909,$CSYMB,unsupported,internal_meta,internal_or_meta_row_only,108-s52-all-lookuprow-closure,AISDEF01,object acronym is internal/meta and still carries degraded status,30909,2881,Point,Paper,,compiler_missing_lookup_row;scene_harness_not_covered
$CSYMB|Point|Paper|2882|30910,$CSYMB,unsupported,internal_meta,internal_or_meta_row_only,108-s52-all-lookuprow-closure,AISONE01,object acronym is internal/meta and still carries degraded status,30910,2882,Point,Paper,,compiler_missing_lookup_row;scene_harness_not_covered
$CSYMB|Point|Paper|2883|30911,$CSYMB,unsupported,internal_meta,internal_or_meta_row_only,108-s52-all-lookuprow-closure,AISSIX01,object acronym is internal/meta and still carries degraded status,30911,2883,Point,Paper,,compiler_missing_lookup_row;scene_harness_not_covered
$CSYMB|Point|Paper|2884|30912,$CSYMB,unsupported,internal_meta,internal_or_meta_row_only,108-s52-all-lookuprow-closure,AISSLP01,object acronym is internal/meta and still carries degraded status,30912,2884,Point,Paper,,compiler_missing_lookup_row;scene_harness_not_covered
$CSYMB|Point|Paper|2885|30913,$CSYMB,unsupported,internal_meta,internal_or_meta_row_only,108-s52-all-lookuprow-closure,AISVES01,object acronym is internal/meta and still carries degraded status,30913,2885,Point,Paper,,compiler_missing_lookup_row;scene_harness_not_covered
$CSYMB|Point|Paper|2886|30914,$CSYMB,unsupported,internal_meta,internal_or_meta_row_only,108-s52-all-lookuprow-closure,ARPATG01,object acronym is internal/meta and still carries degraded status,30914,2886,Point,Paper,,compiler_missing_lookup_row;scene_harness_not_covered
$CSYMB|Point|Paper|2887|30915,$CSYMB,unsupported,internal_meta,internal_or_meta_row_only,108-s52-all-lookuprow-closure,ARPONE01,object acronym is internal/meta and still carries degraded status,30915,2887,Point,Paper,,compiler_missing_lookup_row;scene_harness_not_covered
$CSYMB|Point|Paper|2888|30916,$CSYMB,unsupported,internal_meta,internal_or_meta_row_only,108-s52-all-lookuprow-closure,ARPSIX01,object acronym is internal/meta and still carries degraded status,30916,2888,Point,Paper,,compiler_missing_lookup_row;scene_harness_not_covered
$CSYMB|Point|Paper|2889|30917,$CSYMB,unsupported,internal_meta,internal_or_meta_row_only,108-s52-all-lookuprow-closure,BLKADJ01,object acronym is internal/meta and still carries degraded status,30917,2889,Point,Paper,,compiler_missing_lookup_row;scene_harness_not_covered
$CSYMB|Point|Paper|2890|30918,$CSYMB,unsupported,internal_meta,internal_or_meta_row_only,108-s52-all-lookuprow-closure,BRIDGE01,object acronym is internal/meta and still carries degraded status,30918,2890,Point,Paper,,compiler_missing_lookup_row;scene_harness_not_covered
$CSYMB|Point|Paper|2891|30919,$CSYMB,unsupported,internal_meta,internal_or_meta_row_only,108-s52-all-lookuprow-closure,CHCRDEL1,object acronym is internal/meta and still carries degraded status,30919,2891,Point,Paper,,compiler_missing_lookup_row;scene_harness_not_covered
$CSYMB|Point|Paper|2892|30920,$CSYMB,unsupported,internal_meta,internal_or_meta_row_only,108-s52-all-lookuprow-closure,CHCRID01,object acronym is internal/meta and still carries degraded status,30920,2892,Point,Paper,,compiler_missing_lookup_row;scene_harness_not_covered
$CSYMB|Point|Paper|2893|30921,$CSYMB,unsupported,internal_meta,internal_or_meta_row_only,108-s52-all-lookuprow-closure,CHINFO08,object acronym is internal/meta and still carries degraded status,30921,2893,Point,Paper,,compiler_missing_lookup_row;scene_harness_not_covered
$CSYMB|Point|Paper|2894|30922,$CSYMB,unsupported,internal_meta,internal_or_meta_row_only,108-s52-all-lookuprow-closure,CHINFO09,object acronym is internal/meta and still carries degraded status,30922,2894,Point,Paper,,compiler_missing_lookup_row;scene_harness_not_covered
$CSYMB|Point|Paper|2895|30923,$CSYMB,unsupported,internal_meta,internal_or_meta_row_only,108-s52-all-lookuprow-closure,CHINFO10,object acronym is internal/meta and still carries degraded status,30923,2895,Point,Paper,,compiler_missing_lookup_row;scene_harness_not_covered
$CSYMB|Point|Paper|2896|30924,$CSYMB,unsupported,internal_meta,internal_or_meta_row_only,108-s52-all-lookuprow-closure,CHINFO11,object acronym is internal/meta and still carries degraded status,30924,2896,Point,Paper,,compiler_missing_lookup_row;scene_harness_not_covered
$CSYMB|Point|Paper|2897|30925,$CSYMB,unsupported,internal_meta,internal_or_meta_row_only,108-s52-all-lookuprow-closure,CHKSYM01,object acronym is internal/meta and still carries degraded status,30925,2897,Point,Paper,,compiler_missing_lookup_row;scene_harness_not_covered
$CSYMB|Point|Paper|2898|30926,$CSYMB,unsupported,internal_meta,internal_or_meta_row_only,108-s52-all-lookuprow-closure,CLRLIN01,object acronym is internal/meta and still carries degraded status,30926,2898,Point,Paper,,compiler_missing_lookup_row;scene_harness_not_covered
$CSYMB|Point|Paper|2899|30927,$CSYMB,unsupported,internal_meta,internal_or_meta_row_only,108-s52-all-lookuprow-closure,CURSRA01,object acronym is internal/meta and still carries degraded status,30927,2899,Point,Paper,,compiler_missing_lookup_row;scene_harness_not_covered
$CSYMB|Point|Paper|2900|30928,$CSYMB,unsupported,internal_meta,internal_or_meta_row_only,108-s52-all-lookuprow-closure,CURSRB01,object acronym is internal/meta and still carries degraded status,30928,2900,Point,Paper,,compiler_missing_lookup_row;scene_harness_not_covered
$CSYMB|Point|Paper|2901|30929,$CSYMB,unsupported,internal_meta,internal_or_meta_row_only,108-s52-all-lookuprow-closure,DANGER51,object acronym is internal/meta and still carries degraded status,30929,2901,Point,Paper,,compiler_missing_lookup_row;scene_harness_not_covered
$CSYMB|Point|Paper|2902|30930,$CSYMB,unsupported,internal_meta,internal_or_meta_row_only,108-s52-all-lookuprow-closure,DANGER52,object acronym is internal/meta and still carries degraded status,30930,2902,Point,Paper,,compiler_missing_lookup_row;scene_harness_not_covered
$CSYMB|Point|Paper|2903|30931,$CSYMB,unsupported,internal_meta,internal_or_meta_row_only,108-s52-all-lookuprow-closure,DANGER53,object acronym is internal/meta and still carries degraded status,30931,2903,Point,Paper,,compiler_missing_lookup_row;compiler_missing_point_asset:DANGER53;scene_harness_not_covered
$CSYMB|Point|Paper|2904|30932,$CSYMB,unsupported,internal_meta,internal_or_meta_row_only,108-s52-all-lookuprow-closure,DIRBOY01,object acronym is internal/meta and still carries degraded status,30932,2904,Point,Paper,,compiler_missing_lookup_row;scene_harness_not_covered
$CSYMB|Point|Paper|2905|30933,$CSYMB,unsupported,internal_meta,internal_or_meta_row_only,108-s52-all-lookuprow-closure,DIRBOYA1,object acronym is internal/meta and still carries degraded status,30933,2905,Point,Paper,,compiler_missing_lookup_row;scene_harness_not_covered
$CSYMB|Point|Paper|2906|30934,$CSYMB,unsupported,internal_meta,internal_or_meta_row_only,108-s52-all-lookuprow-closure,DIRBOYB1,object acronym is internal/meta and still carries degraded status,30934,2906,Point,Paper,,compiler_missing_lookup_row;scene_harness_not_covered
$CSYMB|Point|Paper|2907|30935,$CSYMB,unsupported,internal_meta,internal_or_meta_row_only,108-s52-all-lookuprow-closure,DNGHILIT,object acronym is internal/meta and still carries degraded status,30935,2907,Point,Paper,,compiler_missing_lookup_row;scene_harness_not_covered
$CSYMB|Point|Paper|2908|30936,$CSYMB,unsupported,internal_meta,internal_or_meta_row_only,108-s52-all-lookuprow-closure,EBLVRM11,object acronym is internal/meta and still carries degraded status,30936,2908,Point,Paper,,compiler_missing_lookup_row;scene_harness_not_covered
$CSYMB|Point|Paper|2909|30937,$CSYMB,unsupported,internal_meta,internal_or_meta_row_only,108-s52-all-lookuprow-closure,ERBLTIK1,object acronym is internal/meta and still carries degraded status,30937,2909,Point,Paper,,compiler_missing_lookup_row;scene_harness_not_covered
$CSYMB|Point|Paper|2910|30938,$CSYMB,unsupported,internal_meta,internal_or_meta_row_only,108-s52-all-lookuprow-closure,EVENTS02,object acronym is internal/meta and still carries degraded status,30938,2910,Point,Paper,,compiler_missing_lookup_row;scene_harness_not_covered
$CSYMB|Point|Paper|2911|30939,$CSYMB,unsupported,internal_meta,internal_or_meta_row_only,108-s52-all-lookuprow-closure,INFORM01,object acronym is internal/meta and still carries degraded status,30939,2911,Point,Paper,,compiler_missing_lookup_row;scene_harness_not_covered
$CSYMB|Point|Paper|2912|30940,$CSYMB,unsupported,internal_meta,internal_or_meta_row_only,108-s52-all-lookuprow-closure,ISODGR51,object acronym is internal/meta and still carries degraded status,30940,2912,Point,Paper,,compiler_missing_lookup_row;scene_harness_not_covered
$CSYMB|Point|Paper|2913|30941,$CSYMB,unsupported,internal_meta,internal_or_meta_row_only,108-s52-all-lookuprow-closure,LOWACC01,object acronym is internal/meta and still carries degraded status,30941,2913,Point,Paper,,compiler_missing_lookup_row;scene_harness_not_covered
$CSYMB|Point|Paper|2914|30942,$CSYMB,unsupported,internal_meta,internal_or_meta_row_only,108-s52-all-lookuprow-closure,NORTHAR1,object acronym is internal/meta and still carries degraded status,30942,2914,Point,Paper,,compiler_missing_lookup_row;scene_harness_not_covered
$CSYMB|Point|Paper|2915|30943,$CSYMB,unsupported,internal_meta,internal_or_meta_row_only,108-s52-all-lookuprow-closure,OBSTRN01,object acronym is internal/meta and still carries degraded status,30943,2915,Point,Paper,,compiler_missing_lookup_row;scene_harness_not_covered
$CSYMB|Point|Paper|2916|30944,$CSYMB,unsupported,internal_meta,internal_or_meta_row_only,108-s52-all-lookuprow-closure,OBSTRN02,object acronym is internal/meta and still carries degraded status,30944,2916,Point,Paper,,compiler_missing_lookup_row;scene_harness_not_covered
$CSYMB|Point|Paper|2917|30945,$CSYMB,unsupported,internal_meta,internal_or_meta_row_only,108-s52-all-lookuprow-closure,OBSTRN03,object acronym is internal/meta and still carries degraded status,30945,2917,Point,Paper,,compiler_missing_lookup_row;scene_harness_not_covered
$CSYMB|Point|Paper|2918|30946,$CSYMB,unsupported,internal_meta,internal_or_meta_row_only,108-s52-all-lookuprow-closure,OBSTRN11,object acronym is internal/meta and still carries degraded status,30946,2918,Point,Paper,,compiler_missing_lookup_row;scene_harness_not_covered
$CSYMB|Point|Paper|2919|30947,$CSYMB,unsupported,internal_meta,internal_or_meta_row_only,108-s52-all-lookuprow-closure,OSPONE02,object acronym is internal/meta and still carries degraded status,30947,2919,Point,Paper,,compiler_missing_lookup_row;scene_harness_not_covered
$CSYMB|Point|Paper|2920|30948,$CSYMB,unsupported,internal_meta,internal_or_meta_row_only,108-s52-all-lookuprow-closure,OSPSIX02,object acronym is internal/meta and still carries degraded status,30948,2920,Point,Paper,,compiler_missing_lookup_row;scene_harness_not_covered
$CSYMB|Point|Paper|2921|30949,$CSYMB,unsupported,internal_meta,internal_or_meta_row_only,108-s52-all-lookuprow-closure,OWNSHP01,object acronym is internal/meta and still carries degraded status,30949,2921,Point,Paper,,compiler_missing_lookup_row;scene_harness_not_covered
$CSYMB|Point|Paper|2922|30950,$CSYMB,unsupported,internal_meta,internal_or_meta_row_only,108-s52-all-lookuprow-closure,OWNSHP05,object acronym is internal/meta and still carries degraded status,30950,2922,Point,Paper,,compiler_missing_lookup_row;scene_harness_not_covered
$CSYMB|Point|Paper|2923|30951,$CSYMB,unsupported,internal_meta,internal_or_meta_row_only,108-s52-all-lookuprow-closure,PLNPOS01,object acronym is internal/meta and still carries degraded status,30951,2923,Point,Paper,,compiler_missing_lookup_row;scene_harness_not_covered
$CSYMB|Point|Paper|2924|30952,$CSYMB,unsupported,internal_meta,internal_or_meta_row_only,108-s52-all-lookuprow-closure,PLNSPD03,object acronym is internal/meta and still carries degraded status,30952,2924,Point,Paper,,compiler_missing_lookup_row;scene_harness_not_covered
$CSYMB|Point|Paper|2925|30953,$CSYMB,unsupported,internal_meta,internal_or_meta_row_only,108-s52-all-lookuprow-closure,PLNSPD04,object acronym is internal/meta and still carries degraded status,30953,2925,Point,Paper,,compiler_missing_lookup_row;scene_harness_not_covered
$CSYMB|Point|Paper|2926|30954,$CSYMB,unsupported,internal_meta,internal_or_meta_row_only,108-s52-all-lookuprow-closure,POSITN02,object acronym is internal/meta and still carries degraded status,30954,2926,Point,Paper,,compiler_missing_lookup_row;scene_harness_not_covered
$CSYMB|Point|Paper|2927|30955,$CSYMB,unsupported,internal_meta,internal_or_meta_row_only,108-s52-all-lookuprow-closure,QUAPOS01,object acronym is internal/meta and still carries degraded status,30955,2927,Point,Paper,,compiler_missing_lookup_row;scene_harness_not_covered
$CSYMB|Point|Paper|2928|30956,$CSYMB,unsupported,internal_meta,internal_or_meta_row_only,108-s52-all-lookuprow-closure,QUARRY01,object acronym is internal/meta and still carries degraded status,30956,2928,Point,Paper,,compiler_missing_lookup_row;scene_harness_not_covered
$CSYMB|Point|Paper|2929|30957,$CSYMB,unsupported,internal_meta,internal_or_meta_row_only,108-s52-all-lookuprow-closure,QUESMRK1,object acronym is internal/meta and still carries degraded status,30957,2929,Point,Paper,,compiler_missing_lookup_row;scene_harness_not_covered
$CSYMB|Point|Paper|2930|30958,$CSYMB,unsupported,internal_meta,internal_or_meta_row_only,108-s52-all-lookuprow-closure,RACNSP01,object acronym is internal/meta and still carries degraded status,30958,2930,Point,Paper,,compiler_missing_lookup_row;scene_harness_not_covered
$CSYMB|Point|Paper|2931|30959,$CSYMB,unsupported,internal_meta,internal_or_meta_row_only,108-s52-all-lookuprow-closure,RECDEF51,object acronym is internal/meta and still carries degraded status,30959,2931,Point,Paper,,compiler_missing_lookup_row;scene_harness_not_covered
$CSYMB|Point|Paper|2932|30960,$CSYMB,unsupported,internal_meta,internal_or_meta_row_only,108-s52-all-lookuprow-closure,RECTRC55,object acronym is internal/meta and still carries degraded status,30960,2932,Point,Paper,,compiler_missing_lookup_row;scene_harness_not_covered
$CSYMB|Point|Paper|2933|30961,$CSYMB,unsupported,internal_meta,internal_or_meta_row_only,108-s52-all-lookuprow-closure,RECTRC56,object acronym is internal/meta and still carries degraded status,30961,2933,Point,Paper,,compiler_missing_lookup_row;scene_harness_not_covered
$CSYMB|Point|Paper|2934|30962,$CSYMB,unsupported,internal_meta,internal_or_meta_row_only,108-s52-all-lookuprow-closure,RECTRC57,object acronym is internal/meta and still carries degraded status,30962,2934,Point,Paper,,compiler_missing_lookup_row;scene_harness_not_covered
$CSYMB|Point|Paper|2935|30963,$CSYMB,unsupported,internal_meta,internal_or_meta_row_only,108-s52-all-lookuprow-closure,RECTRC58,object acronym is internal/meta and still carries degraded status,30963,2935,Point,Paper,,compiler_missing_lookup_row;scene_harness_not_covered
$CSYMB|Point|Paper|2936|30964,$CSYMB,unsupported,internal_meta,internal_or_meta_row_only,108-s52-all-lookuprow-closure,REFPNT02,object acronym is internal/meta and still carries degraded status,30964,2936,Point,Paper,,compiler_missing_lookup_row;scene_harness_not_covered
$CSYMB|Point|Paper|2937|30965,$CSYMB,unsupported,internal_meta,internal_or_meta_row_only,108-s52-all-lookuprow-closure,RFNERY01,object acronym is internal/meta and still carries degraded status,30965,2937,Point,Paper,,compiler_missing_lookup_row;scene_harness_not_covered
$CSYMB|Point|Paper|2938|30966,$CSYMB,unsupported,internal_meta,internal_or_meta_row_only,108-s52-all-lookuprow-closure,RFNERY11,object acronym is internal/meta and still carries degraded status,30966,2938,Point,Paper,,compiler_missing_lookup_row;scene_harness_not_covered
$CSYMB|Point|Paper|2939|30967,$CSYMB,unsupported,internal_meta,internal_or_meta_row_only,108-s52-all-lookuprow-closure,SCALEB10,object acronym is internal/meta and still carries degraded status,30967,2939,Point,Paper,,compiler_missing_lookup_row;scene_harness_not_covered
$CSYMB|Point|Paper|2940|30968,$CSYMB,unsupported,internal_meta,internal_or_meta_row_only,108-s52-all-lookuprow-closure,SCALEB11,object acronym is internal/meta and still carries degraded status,30968,2940,Point,Paper,,compiler_missing_lookup_row;scene_harness_not_covered
$CSYMB|Point|Paper|2941|30969,$CSYMB,unsupported,internal_meta,internal_or_meta_row_only,108-s52-all-lookuprow-closure,TIDCUR01,object acronym is internal/meta and still carries degraded status,30969,2941,Point,Paper,,compiler_missing_lookup_row;scene_harness_not_covered
$CSYMB|Point|Paper|2942|30970,$CSYMB,unsupported,internal_meta,internal_or_meta_row_only,108-s52-all-lookuprow-closure,TIDCUR02,object acronym is internal/meta and still carries degraded status,30970,2942,Point,Paper,,compiler_missing_lookup_row;scene_harness_not_covered
$CSYMB|Point|Paper|2943|30971,$CSYMB,unsupported,internal_meta,internal_or_meta_row_only,108-s52-all-lookuprow-closure,TIDCUR03,object acronym is internal/meta and still carries degraded status,30971,2943,Point,Paper,,compiler_missing_lookup_row;scene_harness_not_covered
$CSYMB|Point|Paper|2944|30972,$CSYMB,unsupported,internal_meta,internal_or_meta_row_only,108-s52-all-lookuprow-closure,TMBYRD01,object acronym is internal/meta and still carries degraded status,30972,2944,Point,Paper,,compiler_missing_lookup_row;scene_harness_not_covered
$CSYMB|Point|Paper|2945|30973,$CSYMB,unsupported,internal_meta,internal_or_meta_row_only,108-s52-all-lookuprow-closure,TNKFRM01,object acronym is internal/meta and still carries degraded status,30973,2945,Point,Paper,,compiler_missing_lookup_row;scene_harness_not_covered
$CSYMB|Point|Paper|2946|30974,$CSYMB,unsupported,internal_meta,internal_or_meta_row_only,108-s52-all-lookuprow-closure,TNKFRM11,object acronym is internal/meta and still carries degraded status,30974,2946,Point,Paper,,compiler_missing_lookup_row;scene_harness_not_covered
$CSYMB|Point|Paper|2947|30975,$CSYMB,unsupported,internal_meta,internal_or_meta_row_only,108-s52-all-lookuprow-closure,TOWERS05,object acronym is internal/meta and still carries degraded status,30975,2947,Point,Paper,,compiler_missing_lookup_row;scene_harness_not_covered
$CSYMB|Point|Paper|2948|30976,$CSYMB,unsupported,internal_meta,internal_or_meta_row_only,108-s52-all-lookuprow-closure,TOWERS15,object acronym is internal/meta and still carries degraded status,30976,2948,Point,Paper,,compiler_missing_lookup_row;scene_harness_not_covered
$CSYMB|Point|Paper|2949|30977,$CSYMB,unsupported,internal_meta,internal_or_meta_row_only,108-s52-all-lookuprow-closure,TREPNT04,object acronym is internal/meta and still carries degraded status,30977,2949,Point,Paper,,compiler_missing_lookup_row;scene_harness_not_covered
$CSYMB|Point|Paper|2950|30978,$CSYMB,unsupported,internal_meta,internal_or_meta_row_only,108-s52-all-lookuprow-closure,TREPNT05,object acronym is internal/meta and still carries degraded status,30978,2950,Point,Paper,,compiler_missing_lookup_row;scene_harness_not_covered
$CSYMB|Point|Paper|2951|30979,$CSYMB,unsupported,internal_meta,internal_or_meta_row_only,108-s52-all-lookuprow-closure,UNITFTH1,object acronym is internal/meta and still carries degraded status,30979,2951,Point,Paper,,compiler_missing_lookup_row;scene_harness_not_covered
$CSYMB|Point|Paper|2952|30980,$CSYMB,unsupported,internal_meta,internal_or_meta_row_only,108-s52-all-lookuprow-closure,UNITMTR1,object acronym is internal/meta and still carries degraded status,30980,2952,Point,Paper,,compiler_missing_lookup_row;scene_harness_not_covered
$CSYMB|Point|Paper|2953|30981,$CSYMB,unsupported,internal_meta,internal_or_meta_row_only,108-s52-all-lookuprow-closure,UWTROC03,object acronym is internal/meta and still carries degraded status,30981,2953,Point,Paper,,compiler_missing_lookup_row;scene_harness_not_covered
$CSYMB|Point|Paper|2954|30982,$CSYMB,unsupported,internal_meta,internal_or_meta_row_only,108-s52-all-lookuprow-closure,UWTROC04,object acronym is internal/meta and still carries degraded status,30982,2954,Point,Paper,,compiler_missing_lookup_row;scene_harness_not_covered
$CSYMB|Point|Paper|2955|30983,$CSYMB,unsupported,internal_meta,internal_or_meta_row_only,108-s52-all-lookuprow-closure,VECGND01,object acronym is internal/meta and still carries degraded status,30983,2955,Point,Paper,,compiler_missing_lookup_row;scene_harness_not_covered
$CSYMB|Point|Paper|2956|30984,$CSYMB,unsupported,internal_meta,internal_or_meta_row_only,108-s52-all-lookuprow-closure,VECGND21,object acronym is internal/meta and still carries degraded status,30984,2956,Point,Paper,,compiler_missing_lookup_row;scene_harness_not_covered
$CSYMB|Point|Paper|2957|30985,$CSYMB,unsupported,internal_meta,internal_or_meta_row_only,108-s52-all-lookuprow-closure,VECWTR01,object acronym is internal/meta and still carries degraded status,30985,2957,Point,Paper,,compiler_missing_lookup_row;scene_harness_not_covered
$CSYMB|Point|Paper|2958|30986,$CSYMB,unsupported,internal_meta,internal_or_meta_row_only,108-s52-all-lookuprow-closure,VECWTR21,object acronym is internal/meta and still carries degraded status,30986,2958,Point,Paper,,compiler_missing_lookup_row;scene_harness_not_covered
$CSYMB|Point|Paper|2959|30987,$CSYMB,unsupported,internal_meta,internal_or_meta_row_only,108-s52-all-lookuprow-closure,WAYPNT01,object acronym is internal/meta and still carries degraded status,30987,2959,Point,Paper,,compiler_missing_lookup_row;scene_harness_not_covered
$CSYMB|Point|Paper|2960|30988,$CSYMB,unsupported,internal_meta,internal_or_meta_row_only,108-s52-all-lookuprow-closure,WAYPNT03,object acronym is internal/meta and still carries degraded status,30988,2960,Point,Paper,,compiler_missing_lookup_row;scene_harness_not_covered
$CSYMB|Point|Paper|2961|30989,$CSYMB,unsupported,internal_meta,internal_or_meta_row_only,108-s52-all-lookuprow-closure,WAYPNT11,object acronym is internal/meta and still carries degraded status,30989,2961,Point,Paper,,compiler_missing_lookup_row;scene_harness_not_covered
$CSYMB|Point|Paper|2962|30990,$CSYMB,unsupported,internal_meta,internal_or_meta_row_only,108-s52-all-lookuprow-closure,WNDFRM51,object acronym is internal/meta and still carries degraded status,30990,2962,Point,Paper,,compiler_missing_lookup_row;scene_harness_not_covered
$CSYMB|Point|Paper|2963|30991,$CSYMB,unsupported,internal_meta,internal_or_meta_row_only,108-s52-all-lookuprow-closure,WNDFRM61,object acronym is internal/meta and still carries degraded status,30991,2963,Point,Paper,,compiler_missing_lookup_row;scene_harness_not_covered
$CSYMB|Point|Paper|2964|30992,$CSYMB,unsupported,internal_meta,internal_or_meta_row_only,108-s52-all-lookuprow-closure,WRECKS01,object acronym is internal/meta and still carries degraded status,30992,2964,Point,Paper,,compiler_missing_lookup_row;scene_harness_not_covered
$CSYMB|Point|Paper|2965|30993,$CSYMB,unsupported,internal_meta,internal_or_meta_row_only,108-s52-all-lookuprow-closure,WRECKS04,object acronym is internal/meta and still carries degraded status,30993,2965,Point,Paper,,compiler_missing_lookup_row;scene_harness_not_covered
$CSYMB|Point|Paper|2966|30994,$CSYMB,unsupported,internal_meta,internal_or_meta_row_only,108-s52-all-lookuprow-closure,WRECKS05,object acronym is internal/meta and still carries degraded status,30994,2966,Point,Paper,,compiler_missing_lookup_row;scene_harness_not_covered
$CSYMB|Point|Paper|2967|30995,$CSYMB,unsupported,internal_meta,internal_or_meta_row_only,108-s52-all-lookuprow-closure,QUESMRK1,object acronym is internal/meta and still carries degraded status,30995,2967,Point,Paper,,compiler_missing_lookup_row;scene_harness_not_covered
$CSYMB|Point|Simplified|1606|31658,$CSYMB,unsupported,internal_meta,internal_or_meta_row_only,108-s52-all-lookuprow-closure,ACHRES61,object acronym is internal/meta and still carries degraded status,31658,1606,Point,Simplified,,compiler_missing_lookup_row;scene_harness_not_covered
$CSYMB|Point|Simplified|1607|31659,$CSYMB,unsupported,internal_meta,internal_or_meta_row_only,108-s52-all-lookuprow-closure,ACHRES71,object acronym is internal/meta and still carries degraded status,31659,1607,Point,Simplified,,compiler_missing_lookup_row;scene_harness_not_covered
$CSYMB|Point|Simplified|1608|31660,$CSYMB,unsupported,internal_meta,internal_or_meta_row_only,108-s52-all-lookuprow-closure,AISDEF01,object acronym is internal/meta and still carries degraded status,31660,1608,Point,Simplified,,compiler_missing_lookup_row;scene_harness_not_covered
$CSYMB|Point|Simplified|1609|31661,$CSYMB,unsupported,internal_meta,internal_or_meta_row_only,108-s52-all-lookuprow-closure,AISONE01,object acronym is internal/meta and still carries degraded status,31661,1609,Point,Simplified,,compiler_missing_lookup_row;scene_harness_not_covered
$CSYMB|Point|Simplified|1610|31662,$CSYMB,unsupported,internal_meta,internal_or_meta_row_only,108-s52-all-lookuprow-closure,AISSIX01,object acronym is internal/meta and still carries degraded status,31662,1610,Point,Simplified,,compiler_missing_lookup_row;scene_harness_not_covered
$CSYMB|Point|Simplified|1611|31663,$CSYMB,unsupported,internal_meta,internal_or_meta_row_only,108-s52-all-lookuprow-closure,AISSLP01,object acronym is internal/meta and still carries degraded status,31663,1611,Point,Simplified,,compiler_missing_lookup_row;scene_harness_not_covered
$CSYMB|Point|Simplified|1612|31664,$CSYMB,unsupported,internal_meta,internal_or_meta_row_only,108-s52-all-lookuprow-closure,AISVES01,object acronym is internal/meta and still carries degraded status,31664,1612,Point,Simplified,,compiler_missing_lookup_row;scene_harness_not_covered
$CSYMB|Point|Simplified|1613|31665,$CSYMB,unsupported,internal_meta,internal_or_meta_row_only,108-s52-all-lookuprow-closure,ARPATG01,object acronym is internal/meta and still carries degraded status,31665,1613,Point,Simplified,,compiler_missing_lookup_row;scene_harness_not_covered
$CSYMB|Point|Simplified|1614|31666,$CSYMB,unsupported,internal_meta,internal_or_meta_row_only,108-s52-all-lookuprow-closure,ARPONE01,object acronym is internal/meta and still carries degraded status,31666,1614,Point,Simplified,,compiler_missing_lookup_row;scene_harness_not_covered
$CSYMB|Point|Simplified|1615|31667,$CSYMB,unsupported,internal_meta,internal_or_meta_row_only,108-s52-all-lookuprow-closure,ARPSIX01,object acronym is internal/meta and still carries degraded status,31667,1615,Point,Simplified,,compiler_missing_lookup_row;scene_harness_not_covered
$CSYMB|Point|Simplified|1616|31668,$CSYMB,unsupported,internal_meta,internal_or_meta_row_only,108-s52-all-lookuprow-closure,BLKADJ01,object acronym is internal/meta and still carries degraded status,31668,1616,Point,Simplified,,compiler_missing_lookup_row;scene_harness_not_covered
$CSYMB|Point|Simplified|1617|31669,$CSYMB,unsupported,internal_meta,internal_or_meta_row_only,108-s52-all-lookuprow-closure,BRIDGE01,object acronym is internal/meta and still carries degraded status,31669,1617,Point,Simplified,,compiler_missing_lookup_row;scene_harness_not_covered
$CSYMB|Point|Simplified|1618|31670,$CSYMB,unsupported,internal_meta,internal_or_meta_row_only,108-s52-all-lookuprow-closure,CHCRDEL1,object acronym is internal/meta and still carries degraded status,31670,1618,Point,Simplified,,compiler_missing_lookup_row;scene_harness_not_covered
$CSYMB|Point|Simplified|1619|31671,$CSYMB,unsupported,internal_meta,internal_or_meta_row_only,108-s52-all-lookuprow-closure,CHCRID01,object acronym is internal/meta and still carries degraded status,31671,1619,Point,Simplified,,compiler_missing_lookup_row;scene_harness_not_covered
$CSYMB|Point|Simplified|1620|31672,$CSYMB,unsupported,internal_meta,internal_or_meta_row_only,108-s52-all-lookuprow-closure,CHINFO08,object acronym is internal/meta and still carries degraded status,31672,1620,Point,Simplified,,compiler_missing_lookup_row;scene_harness_not_covered
$CSYMB|Point|Simplified|1621|31673,$CSYMB,unsupported,internal_meta,internal_or_meta_row_only,108-s52-all-lookuprow-closure,CHINFO09,object acronym is internal/meta and still carries degraded status,31673,1621,Point,Simplified,,compiler_missing_lookup_row;scene_harness_not_covered
$CSYMB|Point|Simplified|1622|31674,$CSYMB,unsupported,internal_meta,internal_or_meta_row_only,108-s52-all-lookuprow-closure,CHINFO10,object acronym is internal/meta and still carries degraded status,31674,1622,Point,Simplified,,compiler_missing_lookup_row;scene_harness_not_covered
$CSYMB|Point|Simplified|1623|31675,$CSYMB,unsupported,internal_meta,internal_or_meta_row_only,108-s52-all-lookuprow-closure,CHINFO11,object acronym is internal/meta and still carries degraded status,31675,1623,Point,Simplified,,compiler_missing_lookup_row;scene_harness_not_covered
$CSYMB|Point|Simplified|1624|31676,$CSYMB,unsupported,internal_meta,internal_or_meta_row_only,108-s52-all-lookuprow-closure,CHKSYM01,object acronym is internal/meta and still carries degraded status,31676,1624,Point,Simplified,,compiler_missing_lookup_row;scene_harness_not_covered
$CSYMB|Point|Simplified|1625|31677,$CSYMB,unsupported,internal_meta,internal_or_meta_row_only,108-s52-all-lookuprow-closure,CLRLIN01,object acronym is internal/meta and still carries degraded status,31677,1625,Point,Simplified,,compiler_missing_lookup_row;scene_harness_not_covered
$CSYMB|Point|Simplified|1626|31678,$CSYMB,unsupported,internal_meta,internal_or_meta_row_only,108-s52-all-lookuprow-closure,CURSRA01,object acronym is internal/meta and still carries degraded status,31678,1626,Point,Simplified,,compiler_missing_lookup_row;scene_harness_not_covered
$CSYMB|Point|Simplified|1627|31679,$CSYMB,unsupported,internal_meta,internal_or_meta_row_only,108-s52-all-lookuprow-closure,CURSRB01,object acronym is internal/meta and still carries degraded status,31679,1627,Point,Simplified,,compiler_missing_lookup_row;scene_harness_not_covered
$CSYMB|Point|Simplified|1628|31680,$CSYMB,unsupported,internal_meta,internal_or_meta_row_only,108-s52-all-lookuprow-closure,DANGER51,object acronym is internal/meta and still carries degraded status,31680,1628,Point,Simplified,,compiler_missing_lookup_row;scene_harness_not_covered
$CSYMB|Point|Simplified|1629|31681,$CSYMB,unsupported,internal_meta,internal_or_meta_row_only,108-s52-all-lookuprow-closure,DANGER52,object acronym is internal/meta and still carries degraded status,31681,1629,Point,Simplified,,compiler_missing_lookup_row;scene_harness_not_covered
$CSYMB|Point|Simplified|1630|31682,$CSYMB,unsupported,internal_meta,internal_or_meta_row_only,108-s52-all-lookuprow-closure,DANGER53,object acronym is internal/meta and still carries degraded status,31682,1630,Point,Simplified,,compiler_missing_lookup_row;compiler_missing_point_asset:DANGER53;scene_harness_not_covered
$CSYMB|Point|Simplified|1631|31683,$CSYMB,unsupported,internal_meta,internal_or_meta_row_only,108-s52-all-lookuprow-closure,DIRBOY01,object acronym is internal/meta and still carries degraded status,31683,1631,Point,Simplified,,compiler_missing_lookup_row;scene_harness_not_covered
$CSYMB|Point|Simplified|1632|31684,$CSYMB,unsupported,internal_meta,internal_or_meta_row_only,108-s52-all-lookuprow-closure,DIRBOYA1,object acronym is internal/meta and still carries degraded status,31684,1632,Point,Simplified,,compiler_missing_lookup_row;scene_harness_not_covered
$CSYMB|Point|Simplified|1633|31685,$CSYMB,unsupported,internal_meta,internal_or_meta_row_only,108-s52-all-lookuprow-closure,DIRBOYB1,object acronym is internal/meta and still carries degraded status,31685,1633,Point,Simplified,,compiler_missing_lookup_row;scene_harness_not_covered
$CSYMB|Point|Simplified|1634|31686,$CSYMB,unsupported,internal_meta,internal_or_meta_row_only,108-s52-all-lookuprow-closure,DNGHILIT,object acronym is internal/meta and still carries degraded status,31686,1634,Point,Simplified,,compiler_missing_lookup_row;scene_harness_not_covered
$CSYMB|Point|Simplified|1635|31687,$CSYMB,unsupported,internal_meta,internal_or_meta_row_only,108-s52-all-lookuprow-closure,EBLVRM11,object acronym is internal/meta and still carries degraded status,31687,1635,Point,Simplified,,compiler_missing_lookup_row;scene_harness_not_covered
$CSYMB|Point|Simplified|1636|31688,$CSYMB,unsupported,internal_meta,internal_or_meta_row_only,108-s52-all-lookuprow-closure,ERBLTIK1,object acronym is internal/meta and still carries degraded status,31688,1636,Point,Simplified,,compiler_missing_lookup_row;scene_harness_not_covered
$CSYMB|Point|Simplified|1637|31689,$CSYMB,unsupported,internal_meta,internal_or_meta_row_only,108-s52-all-lookuprow-closure,EVENTS02,object acronym is internal/meta and still carries degraded status,31689,1637,Point,Simplified,,compiler_missing_lookup_row;scene_harness_not_covered
$CSYMB|Point|Simplified|1638|31690,$CSYMB,unsupported,internal_meta,internal_or_meta_row_only,108-s52-all-lookuprow-closure,INFORM01,object acronym is internal/meta and still carries degraded status,31690,1638,Point,Simplified,,compiler_missing_lookup_row;scene_harness_not_covered
$CSYMB|Point|Simplified|1639|31691,$CSYMB,unsupported,internal_meta,internal_or_meta_row_only,108-s52-all-lookuprow-closure,ISODGR51,object acronym is internal/meta and still carries degraded status,31691,1639,Point,Simplified,,compiler_missing_lookup_row;scene_harness_not_covered
$CSYMB|Point|Simplified|1640|31692,$CSYMB,unsupported,internal_meta,internal_or_meta_row_only,108-s52-all-lookuprow-closure,LOWACC01,object acronym is internal/meta and still carries degraded status,31692,1640,Point,Simplified,,compiler_missing_lookup_row;scene_harness_not_covered
$CSYMB|Point|Simplified|1641|31693,$CSYMB,unsupported,internal_meta,internal_or_meta_row_only,108-s52-all-lookuprow-closure,NORTHAR1,object acronym is internal/meta and still carries degraded status,31693,1641,Point,Simplified,,compiler_missing_lookup_row;scene_harness_not_covered
$CSYMB|Point|Simplified|1642|31694,$CSYMB,unsupported,internal_meta,internal_or_meta_row_only,108-s52-all-lookuprow-closure,OBSTRN01,object acronym is internal/meta and still carries degraded status,31694,1642,Point,Simplified,,compiler_missing_lookup_row;scene_harness_not_covered
$CSYMB|Point|Simplified|1643|31695,$CSYMB,unsupported,internal_meta,internal_or_meta_row_only,108-s52-all-lookuprow-closure,OBSTRN02,object acronym is internal/meta and still carries degraded status,31695,1643,Point,Simplified,,compiler_missing_lookup_row;scene_harness_not_covered
$CSYMB|Point|Simplified|1644|31696,$CSYMB,unsupported,internal_meta,internal_or_meta_row_only,108-s52-all-lookuprow-closure,OBSTRN03,object acronym is internal/meta and still carries degraded status,31696,1644,Point,Simplified,,compiler_missing_lookup_row;scene_harness_not_covered
$CSYMB|Point|Simplified|1645|31697,$CSYMB,unsupported,internal_meta,internal_or_meta_row_only,108-s52-all-lookuprow-closure,OBSTRN11,object acronym is internal/meta and still carries degraded status,31697,1645,Point,Simplified,,compiler_missing_lookup_row;scene_harness_not_covered
$CSYMB|Point|Simplified|1646|31698,$CSYMB,unsupported,internal_meta,internal_or_meta_row_only,108-s52-all-lookuprow-closure,OSPONE02,object acronym is internal/meta and still carries degraded status,31698,1646,Point,Simplified,,compiler_missing_lookup_row;scene_harness_not_covered
$CSYMB|Point|Simplified|1647|31699,$CSYMB,unsupported,internal_meta,internal_or_meta_row_only,108-s52-all-lookuprow-closure,OSPSIX02,object acronym is internal/meta and still carries degraded status,31699,1647,Point,Simplified,,compiler_missing_lookup_row;scene_harness_not_covered
$CSYMB|Point|Simplified|1648|31700,$CSYMB,unsupported,internal_meta,internal_or_meta_row_only,108-s52-all-lookuprow-closure,OWNSHP01,object acronym is internal/meta and still carries degraded status,31700,1648,Point,Simplified,,compiler_missing_lookup_row;scene_harness_not_covered
$CSYMB|Point|Simplified|1649|31701,$CSYMB,unsupported,internal_meta,internal_or_meta_row_only,108-s52-all-lookuprow-closure,OWNSHP05,object acronym is internal/meta and still carries degraded status,31701,1649,Point,Simplified,,compiler_missing_lookup_row;scene_harness_not_covered
$CSYMB|Point|Simplified|1650|31702,$CSYMB,unsupported,internal_meta,internal_or_meta_row_only,108-s52-all-lookuprow-closure,PLNPOS01,object acronym is internal/meta and still carries degraded status,31702,1650,Point,Simplified,,compiler_missing_lookup_row;scene_harness_not_covered
$CSYMB|Point|Simplified|1651|31703,$CSYMB,unsupported,internal_meta,internal_or_meta_row_only,108-s52-all-lookuprow-closure,PLNSPD03,object acronym is internal/meta and still carries degraded status,31703,1651,Point,Simplified,,compiler_missing_lookup_row;scene_harness_not_covered
$CSYMB|Point|Simplified|1652|31704,$CSYMB,unsupported,internal_meta,internal_or_meta_row_only,108-s52-all-lookuprow-closure,PLNSPD04,object acronym is internal/meta and still carries degraded status,31704,1652,Point,Simplified,,compiler_missing_lookup_row;scene_harness_not_covered
$CSYMB|Point|Simplified|1653|31705,$CSYMB,unsupported,internal_meta,internal_or_meta_row_only,108-s52-all-lookuprow-closure,POSITN02,object acronym is internal/meta and still carries degraded status,31705,1653,Point,Simplified,,compiler_missing_lookup_row;scene_harness_not_covered
$CSYMB|Point|Simplified|1654|31706,$CSYMB,unsupported,internal_meta,internal_or_meta_row_only,108-s52-all-lookuprow-closure,QUAPOS01,object acronym is internal/meta and still carries degraded status,31706,1654,Point,Simplified,,compiler_missing_lookup_row;scene_harness_not_covered
$CSYMB|Point|Simplified|1655|31707,$CSYMB,unsupported,internal_meta,internal_or_meta_row_only,108-s52-all-lookuprow-closure,QUARRY01,object acronym is internal/meta and still carries degraded status,31707,1655,Point,Simplified,,compiler_missing_lookup_row;scene_harness_not_covered
$CSYMB|Point|Simplified|1656|31708,$CSYMB,unsupported,internal_meta,internal_or_meta_row_only,108-s52-all-lookuprow-closure,QUESMRK1,object acronym is internal/meta and still carries degraded status,31708,1656,Point,Simplified,,compiler_missing_lookup_row;scene_harness_not_covered
$CSYMB|Point|Simplified|1657|31709,$CSYMB,unsupported,internal_meta,internal_or_meta_row_only,108-s52-all-lookuprow-closure,RACNSP01,object acronym is internal/meta and still carries degraded status,31709,1657,Point,Simplified,,compiler_missing_lookup_row;scene_harness_not_covered
$CSYMB|Point|Simplified|1658|31710,$CSYMB,unsupported,internal_meta,internal_or_meta_row_only,108-s52-all-lookuprow-closure,RECDEF51,object acronym is internal/meta and still carries degraded status,31710,1658,Point,Simplified,,compiler_missing_lookup_row;scene_harness_not_covered
$CSYMB|Point|Simplified|1659|31711,$CSYMB,unsupported,internal_meta,internal_or_meta_row_only,108-s52-all-lookuprow-closure,RECTRC55,object acronym is internal/meta and still carries degraded status,31711,1659,Point,Simplified,,compiler_missing_lookup_row;scene_harness_not_covered
$CSYMB|Point|Simplified|1660|31712,$CSYMB,unsupported,internal_meta,internal_or_meta_row_only,108-s52-all-lookuprow-closure,RECTRC56,object acronym is internal/meta and still carries degraded status,31712,1660,Point,Simplified,,compiler_missing_lookup_row;scene_harness_not_covered
$CSYMB|Point|Simplified|1661|31713,$CSYMB,unsupported,internal_meta,internal_or_meta_row_only,108-s52-all-lookuprow-closure,RECTRC57,object acronym is internal/meta and still carries degraded status,31713,1661,Point,Simplified,,compiler_missing_lookup_row;scene_harness_not_covered
$CSYMB|Point|Simplified|1662|31714,$CSYMB,unsupported,internal_meta,internal_or_meta_row_only,108-s52-all-lookuprow-closure,RECTRC58,object acronym is internal/meta and still carries degraded status,31714,1662,Point,Simplified,,compiler_missing_lookup_row;scene_harness_not_covered
$CSYMB|Point|Simplified|1663|31715,$CSYMB,unsupported,internal_meta,internal_or_meta_row_only,108-s52-all-lookuprow-closure,REFPNT02,object acronym is internal/meta and still carries degraded status,31715,1663,Point,Simplified,,compiler_missing_lookup_row;scene_harness_not_covered
$CSYMB|Point|Simplified|1664|31716,$CSYMB,unsupported,internal_meta,internal_or_meta_row_only,108-s52-all-lookuprow-closure,RFNERY01,object acronym is internal/meta and still carries degraded status,31716,1664,Point,Simplified,,compiler_missing_lookup_row;scene_harness_not_covered
$CSYMB|Point|Simplified|1665|31717,$CSYMB,unsupported,internal_meta,internal_or_meta_row_only,108-s52-all-lookuprow-closure,RFNERY11,object acronym is internal/meta and still carries degraded status,31717,1665,Point,Simplified,,compiler_missing_lookup_row;scene_harness_not_covered
$CSYMB|Point|Simplified|1666|31718,$CSYMB,unsupported,internal_meta,internal_or_meta_row_only,108-s52-all-lookuprow-closure,SCALEB10,object acronym is internal/meta and still carries degraded status,31718,1666,Point,Simplified,,compiler_missing_lookup_row;scene_harness_not_covered
$CSYMB|Point|Simplified|1667|31719,$CSYMB,unsupported,internal_meta,internal_or_meta_row_only,108-s52-all-lookuprow-closure,SCALEB11,object acronym is internal/meta and still carries degraded status,31719,1667,Point,Simplified,,compiler_missing_lookup_row;scene_harness_not_covered
$CSYMB|Point|Simplified|1668|31720,$CSYMB,unsupported,internal_meta,internal_or_meta_row_only,108-s52-all-lookuprow-closure,TIDCUR01,object acronym is internal/meta and still carries degraded status,31720,1668,Point,Simplified,,compiler_missing_lookup_row;scene_harness_not_covered
$CSYMB|Point|Simplified|1669|31721,$CSYMB,unsupported,internal_meta,internal_or_meta_row_only,108-s52-all-lookuprow-closure,TIDCUR02,object acronym is internal/meta and still carries degraded status,31721,1669,Point,Simplified,,compiler_missing_lookup_row;scene_harness_not_covered
$CSYMB|Point|Simplified|1670|31722,$CSYMB,unsupported,internal_meta,internal_or_meta_row_only,108-s52-all-lookuprow-closure,TIDCUR03,object acronym is internal/meta and still carries degraded status,31722,1670,Point,Simplified,,compiler_missing_lookup_row;scene_harness_not_covered
$CSYMB|Point|Simplified|1671|31723,$CSYMB,unsupported,internal_meta,internal_or_meta_row_only,108-s52-all-lookuprow-closure,TMBYRD01,object acronym is internal/meta and still carries degraded status,31723,1671,Point,Simplified,,compiler_missing_lookup_row;scene_harness_not_covered
$CSYMB|Point|Simplified|1672|31724,$CSYMB,unsupported,internal_meta,internal_or_meta_row_only,108-s52-all-lookuprow-closure,TNKFRM01,object acronym is internal/meta and still carries degraded status,31724,1672,Point,Simplified,,compiler_missing_lookup_row;scene_harness_not_covered
$CSYMB|Point|Simplified|1673|31725,$CSYMB,unsupported,internal_meta,internal_or_meta_row_only,108-s52-all-lookuprow-closure,TNKFRM11,object acronym is internal/meta and still carries degraded status,31725,1673,Point,Simplified,,compiler_missing_lookup_row;scene_harness_not_covered
$CSYMB|Point|Simplified|1674|31726,$CSYMB,unsupported,internal_meta,internal_or_meta_row_only,108-s52-all-lookuprow-closure,TOWERS05,object acronym is internal/meta and still carries degraded status,31726,1674,Point,Simplified,,compiler_missing_lookup_row;scene_harness_not_covered
$CSYMB|Point|Simplified|1675|31727,$CSYMB,unsupported,internal_meta,internal_or_meta_row_only,108-s52-all-lookuprow-closure,TOWERS15,object acronym is internal/meta and still carries degraded status,31727,1675,Point,Simplified,,compiler_missing_lookup_row;scene_harness_not_covered
$CSYMB|Point|Simplified|1676|31728,$CSYMB,unsupported,internal_meta,internal_or_meta_row_only,108-s52-all-lookuprow-closure,TREPNT04,object acronym is internal/meta and still carries degraded status,31728,1676,Point,Simplified,,compiler_missing_lookup_row;scene_harness_not_covered
$CSYMB|Point|Simplified|1677|31729,$CSYMB,unsupported,internal_meta,internal_or_meta_row_only,108-s52-all-lookuprow-closure,TREPNT05,object acronym is internal/meta and still carries degraded status,31729,1677,Point,Simplified,,compiler_missing_lookup_row;scene_harness_not_covered
$CSYMB|Point|Simplified|1678|31730,$CSYMB,unsupported,internal_meta,internal_or_meta_row_only,108-s52-all-lookuprow-closure,UNITFTH1,object acronym is internal/meta and still carries degraded status,31730,1678,Point,Simplified,,compiler_missing_lookup_row;scene_harness_not_covered
$CSYMB|Point|Simplified|1679|31731,$CSYMB,unsupported,internal_meta,internal_or_meta_row_only,108-s52-all-lookuprow-closure,UNITMTR1,object acronym is internal/meta and still carries degraded status,31731,1679,Point,Simplified,,compiler_missing_lookup_row;scene_harness_not_covered
$CSYMB|Point|Simplified|1680|31732,$CSYMB,unsupported,internal_meta,internal_or_meta_row_only,108-s52-all-lookuprow-closure,UWTROC03,object acronym is internal/meta and still carries degraded status,31732,1680,Point,Simplified,,compiler_missing_lookup_row;scene_harness_not_covered
$CSYMB|Point|Simplified|1681|31733,$CSYMB,unsupported,internal_meta,internal_or_meta_row_only,108-s52-all-lookuprow-closure,UWTROC04,object acronym is internal/meta and still carries degraded status,31733,1681,Point,Simplified,,compiler_missing_lookup_row;scene_harness_not_covered
$CSYMB|Point|Simplified|1682|31734,$CSYMB,unsupported,internal_meta,internal_or_meta_row_only,108-s52-all-lookuprow-closure,VECGND01,object acronym is internal/meta and still carries degraded status,31734,1682,Point,Simplified,,compiler_missing_lookup_row;scene_harness_not_covered
$CSYMB|Point|Simplified|1683|31735,$CSYMB,unsupported,internal_meta,internal_or_meta_row_only,108-s52-all-lookuprow-closure,VECGND21,object acronym is internal/meta and still carries degraded status,31735,1683,Point,Simplified,,compiler_missing_lookup_row;scene_harness_not_covered
$CSYMB|Point|Simplified|1684|31736,$CSYMB,unsupported,internal_meta,internal_or_meta_row_only,108-s52-all-lookuprow-closure,VECWTR01,object acronym is internal/meta and still carries degraded status,31736,1684,Point,Simplified,,compiler_missing_lookup_row;scene_harness_not_covered
$CSYMB|Point|Simplified|1685|31737,$CSYMB,unsupported,internal_meta,internal_or_meta_row_only,108-s52-all-lookuprow-closure,VECWTR21,object acronym is internal/meta and still carries degraded status,31737,1685,Point,Simplified,,compiler_missing_lookup_row;scene_harness_not_covered
$CSYMB|Point|Simplified|1686|31738,$CSYMB,unsupported,internal_meta,internal_or_meta_row_only,108-s52-all-lookuprow-closure,WAYPNT01,object acronym is internal/meta and still carries degraded status,31738,1686,Point,Simplified,,compiler_missing_lookup_row;scene_harness_not_covered
$CSYMB|Point|Simplified|1687|31739,$CSYMB,unsupported,internal_meta,internal_or_meta_row_only,108-s52-all-lookuprow-closure,WAYPNT03,object acronym is internal/meta and still carries degraded status,31739,1687,Point,Simplified,,compiler_missing_lookup_row;scene_harness_not_covered
$CSYMB|Point|Simplified|1688|31740,$CSYMB,unsupported,internal_meta,internal_or_meta_row_only,108-s52-all-lookuprow-closure,WAYPNT11,object acronym is internal/meta and still carries degraded status,31740,1688,Point,Simplified,,compiler_missing_lookup_row;scene_harness_not_covered
$CSYMB|Point|Simplified|1689|31741,$CSYMB,unsupported,internal_meta,internal_or_meta_row_only,108-s52-all-lookuprow-closure,WNDFRM51,object acronym is internal/meta and still carries degraded status,31741,1689,Point,Simplified,,compiler_missing_lookup_row;scene_harness_not_covered
$CSYMB|Point|Simplified|1690|31742,$CSYMB,unsupported,internal_meta,internal_or_meta_row_only,108-s52-all-lookuprow-closure,WNDFRM61,object acronym is internal/meta and still carries degraded status,31742,1690,Point,Simplified,,compiler_missing_lookup_row;scene_harness_not_covered
$CSYMB|Point|Simplified|1691|31743,$CSYMB,unsupported,internal_meta,internal_or_meta_row_only,108-s52-all-lookuprow-closure,WRECKS01,object acronym is internal/meta and still carries degraded status,31743,1691,Point,Simplified,,compiler_missing_lookup_row;scene_harness_not_covered
$CSYMB|Point|Simplified|1692|31744,$CSYMB,unsupported,internal_meta,internal_or_meta_row_only,108-s52-all-lookuprow-closure,WRECKS04,object acronym is internal/meta and still carries degraded status,31744,1692,Point,Simplified,,compiler_missing_lookup_row;scene_harness_not_covered
$CSYMB|Point|Simplified|1693|31745,$CSYMB,unsupported,internal_meta,internal_or_meta_row_only,108-s52-all-lookuprow-closure,WRECKS05,object acronym is internal/meta and still carries degraded status,31745,1693,Point,Simplified,,compiler_missing_lookup_row;scene_harness_not_covered
$CSYMB|Point|Simplified|1694|31746,$CSYMB,unsupported,internal_meta,internal_or_meta_row_only,108-s52-all-lookuprow-closure,QUESMRK1,object acronym is internal/meta and still carries degraded status,31746,1694,Point,Simplified,,compiler_missing_lookup_row;scene_harness_not_covered
$LINES|Line|Lines|911|31987,$LINES,unsupported,internal_meta,internal_or_meta_row_only,108-s52-all-lookuprow-closure,CHCRDEL1,object acronym is internal/meta and still carries degraded status,31987,911,Line,Lines,,compiler_missing_lookup_row;scene_harness_not_covered
$LINES|Line|Lines|912|31988,$LINES,unsupported,internal_meta,internal_or_meta_row_only,108-s52-all-lookuprow-closure,CHCRID01,object acronym is internal/meta and still carries degraded status,31988,912,Line,Lines,,compiler_missing_lookup_row;scene_harness_not_covered
$LINES|Line|Lines|913|31989,$LINES,unsupported,internal_meta,internal_or_meta_row_only,108-s52-all-lookuprow-closure,ERBLNA01,object acronym is internal/meta and still carries degraded status,31989,913,Line,Lines,,compiler_missing_lookup_row;scene_harness_not_covered
$LINES|Line|Lines|914|31990,$LINES,unsupported,internal_meta,internal_or_meta_row_only,108-s52-all-lookuprow-closure,ERBLNB01,object acronym is internal/meta and still carries degraded status,31990,914,Line,Lines,,compiler_missing_lookup_row;scene_harness_not_covered
$LINES|Line|Lines|915|31991,$LINES,unsupported,internal_meta,internal_or_meta_row_only,108-s52-all-lookuprow-closure,LS_SOLD_1_CHGRD,object acronym is internal/meta and still carries degraded status,31991,915,Line,Lines,,compiler_missing_lookup_row;scene_harness_not_covered
$LINES|Line|Lines|916|31992,$LINES,unsupported,internal_meta,internal_or_meta_row_only,108-s52-all-lookuprow-closure,HODATA01,object acronym is internal/meta and still carries degraded status,31992,916,Line,Lines,,compiler_missing_lookup_row;scene_harness_not_covered
$LINES|Line|Lines|917|31993,$LINES,unsupported,internal_meta,internal_or_meta_row_only,108-s52-all-lookuprow-closure,LOWACC41,object acronym is internal/meta and still carries degraded status,31993,917,Line,Lines,,compiler_missing_lookup_row;scene_harness_not_covered
$LINES|Line|Lines|918|31994,$LINES,unsupported,internal_meta,internal_or_meta_row_only,108-s52-all-lookuprow-closure,MARSYS51,object acronym is internal/meta and still carries degraded status,31994,918,Line,Lines,,compiler_missing_lookup_row;scene_harness_not_covered
$LINES|Line|Lines|919|31995,$LINES,unsupported,internal_meta,internal_or_meta_row_only,108-s52-all-lookuprow-closure,PLNRTE03,object acronym is internal/meta and still carries degraded status,31995,919,Line,Lines,,compiler_missing_lookup_row;scene_harness_not_covered
$LINES|Line|Lines|920|31996,$LINES,unsupported,internal_meta,internal_or_meta_row_only,108-s52-all-lookuprow-closure,QUESMRK1,object acronym is internal/meta and still carries degraded status,31996,920,Line,Lines,,compiler_missing_lookup_row;scene_harness_not_covered
$LINES|Line|Lines|921|31997,$LINES,unsupported,internal_meta,internal_or_meta_row_only,108-s52-all-lookuprow-closure,SCLBDY51,object acronym is internal/meta and still carries degraded status,31997,921,Line,Lines,,compiler_missing_lookup_row;scene_harness_not_covered
$LINES|Line|Lines|922|31998,$LINES,unsupported,internal_meta,internal_or_meta_row_only,108-s52-all-lookuprow-closure,TIDINF51,object acronym is internal/meta and still carries degraded status,31998,922,Line,Lines,,compiler_missing_lookup_row;scene_harness_not_covered
$LINES|Line|Lines|923|31999,$LINES,unsupported,internal_meta,internal_or_meta_row_only,108-s52-all-lookuprow-closure,UNITMTR1,object acronym is internal/meta and still carries degraded status,31999,923,Line,Lines,,compiler_missing_lookup_row;scene_harness_not_covered
$LINES|Line|Lines|924|32000,$LINES,unsupported,internal_meta,internal_or_meta_row_only,108-s52-all-lookuprow-closure,LS_SOLD_1_ARPAT,object acronym is internal/meta and still carries degraded status,32000,924,Line,Lines,,compiler_missing_lookup_row;scene_harness_not_covered
$LINES|Line|Lines|925|32001,$LINES,unsupported,internal_meta,internal_or_meta_row_only,108-s52-all-lookuprow-closure,LS_DOTT_2_APLRT,object acronym is internal/meta and still carries degraded status,32001,925,Line,Lines,,compiler_missing_lookup_row;scene_harness_not_covered
$LINES|Line|Lines|926|32002,$LINES,unsupported,internal_meta,internal_or_meta_row_only,108-s52-all-lookuprow-closure,LS_SOLD_2_NINFO,object acronym is internal/meta and still carries degraded status,32002,926,Line,Lines,,compiler_missing_lookup_row;scene_harness_not_covered
$LINES|Line|Lines|927|32003,$LINES,unsupported,internal_meta,internal_or_meta_row_only,108-s52-all-lookuprow-closure,LS_DOTT_2_CHBLK,object acronym is internal/meta and still carries degraded status,32003,927,Line,Lines,,compiler_missing_lookup_row;scene_harness_not_covered
$LINES|Line|Lines|928|32004,$LINES,unsupported,internal_meta,internal_or_meta_row_only,108-s52-all-lookuprow-closure,LS_SOLD_3_DEPSC,object acronym is internal/meta and still carries degraded status,32004,928,Line,Lines,,compiler_missing_lookup_row;scene_harness_not_covered
$LINES|Line|Lines|929|32005,$LINES,unsupported,internal_meta,internal_or_meta_row_only,108-s52-all-lookuprow-closure,LS_SOLD_3_TRFCD,object acronym is internal/meta and still carries degraded status,32005,929,Line,Lines,,compiler_missing_lookup_row;scene_harness_not_covered
$LINES|Line|Lines|930|32006,$LINES,unsupported,internal_meta,internal_or_meta_row_only,108-s52-all-lookuprow-closure,LS_SOLD_3_ADINF,object acronym is internal/meta and still carries degraded status,32006,930,Line,Lines,,compiler_missing_lookup_row;scene_harness_not_covered
$LINES|Line|Lines|931|32007,$LINES,unsupported,internal_meta,internal_or_meta_row_only,108-s52-all-lookuprow-closure,LS_SOLD_3_RADLO,object acronym is internal/meta and still carries degraded status,32007,931,Line,Lines,,compiler_missing_lookup_row;scene_harness_not_covered
$LINES|Line|Lines|932|32008,$LINES,unsupported,internal_meta,internal_or_meta_row_only,108-s52-all-lookuprow-closure,LS_SOLD_3_NINFO,object acronym is internal/meta and still carries degraded status,32008,932,Line,Lines,,compiler_missing_lookup_row;scene_harness_not_covered
$LINES|Line|Lines|933|32009,$LINES,unsupported,internal_meta,internal_or_meta_row_only,108-s52-all-lookuprow-closure,LS_SOLD_3_ADINF,object acronym is internal/meta and still carries degraded status,32009,933,Line,Lines,,compiler_missing_lookup_row;scene_harness_not_covered
$LINES|Line|Lines|934|32010,$LINES,unsupported,internal_meta,internal_or_meta_row_only,108-s52-all-lookuprow-closure,LS_SOLD_3_NINFO,object acronym is internal/meta and still carries degraded status,32010,934,Line,Lines,,compiler_missing_lookup_row;scene_harness_not_covered
$LINES|Line|Lines|935|32011,$LINES,unsupported,internal_meta,internal_or_meta_row_only,108-s52-all-lookuprow-closure,LS_SOLD_3_DEPSC,object acronym is internal/meta and still carries degraded status,32011,935,Line,Lines,,compiler_missing_lookup_row;scene_harness_not_covered
$LINES|Line|Lines|936|32012,$LINES,unsupported,internal_meta,internal_or_meta_row_only,108-s52-all-lookuprow-closure,LS_SOLD_3_RADLO,object acronym is internal/meta and still carries degraded status,32012,936,Line,Lines,,compiler_missing_lookup_row;scene_harness_not_covered
$LINES|Line|Lines|937|32013,$LINES,unsupported,internal_meta,internal_or_meta_row_only,108-s52-all-lookuprow-closure,LS_SOLD_3_ADINF,object acronym is internal/meta and still carries degraded status,32013,937,Line,Lines,,compiler_missing_lookup_row;scene_harness_not_covered
$LINES|Line|Lines|938|32014,$LINES,unsupported,internal_meta,internal_or_meta_row_only,108-s52-all-lookuprow-closure,LS_SOLD_3_RESBL,object acronym is internal/meta and still carries degraded status,32014,938,Line,Lines,,compiler_missing_lookup_row;scene_harness_not_covered
$LINES|Line|Lines|939|32015,$LINES,unsupported,internal_meta,internal_or_meta_row_only,108-s52-all-lookuprow-closure,LS_DASH_2_CHGRD,object acronym is internal/meta and still carries degraded status,32015,939,Line,Lines,,compiler_missing_lookup_row;scene_harness_not_covered
$LINES|Line|Lines|940|32016,$LINES,unsupported,internal_meta,internal_or_meta_row_only,108-s52-all-lookuprow-closure,LS_SOLD_1_SHIPS,object acronym is internal/meta and still carries degraded status,32016,940,Line,Lines,,compiler_missing_lookup_row;scene_harness_not_covered
$LINES|Line|Lines|941|32017,$LINES,unsupported,internal_meta,internal_or_meta_row_only,108-s52-all-lookuprow-closure,LS_SOLD_3_TRFCD,object acronym is internal/meta and still carries degraded status,32017,941,Line,Lines,,compiler_missing_lookup_row;scene_harness_not_covered
$LINES|Line|Lines|942|32018,$LINES,unsupported,internal_meta,internal_or_meta_row_only,108-s52-all-lookuprow-closure,LS_SOLD_3_RESBL,object acronym is internal/meta and still carries degraded status,32018,942,Line,Lines,,compiler_missing_lookup_row;scene_harness_not_covered
$LINES|Line|Lines|943|32019,$LINES,unsupported,internal_meta,internal_or_meta_row_only,108-s52-all-lookuprow-closure,LS_SOLD_3_DEPSC,object acronym is internal/meta and still carries degraded status,32019,943,Line,Lines,,compiler_missing_lookup_row;scene_harness_not_covered
$LINES|Line|Lines|944|32020,$LINES,unsupported,internal_meta,internal_or_meta_row_only,108-s52-all-lookuprow-closure,LS_SOLD_3_RADLO,object acronym is internal/meta and still carries degraded status,32020,944,Line,Lines,,compiler_missing_lookup_row;scene_harness_not_covered
$LINES|Line|Lines|945|32021,$LINES,unsupported,internal_meta,internal_or_meta_row_only,108-s52-all-lookuprow-closure,LS_SOLD_3_NINFO,object acronym is internal/meta and still carries degraded status,32021,945,Line,Lines,,compiler_missing_lookup_row;scene_harness_not_covered
$LINES|Line|Lines|946|32022,$LINES,unsupported,internal_meta,internal_or_meta_row_only,108-s52-all-lookuprow-closure,LS_SOLD_3_RADLO,object acronym is internal/meta and still carries degraded status,32022,946,Line,Lines,,compiler_missing_lookup_row;scene_harness_not_covered
$LINES|Line|Lines|947|32023,$LINES,unsupported,internal_meta,internal_or_meta_row_only,108-s52-all-lookuprow-closure,LS_SOLD_3_RESBL,object acronym is internal/meta and still carries degraded status,32023,947,Line,Lines,,compiler_missing_lookup_row;scene_harness_not_covered
$LINES|Line|Lines|948|32024,$LINES,unsupported,internal_meta,internal_or_meta_row_only,108-s52-all-lookuprow-closure,LS_SOLD_3_NINFO,object acronym is internal/meta and still carries degraded status,32024,948,Line,Lines,,compiler_missing_lookup_row;scene_harness_not_covered
$LINES|Line|Lines|949|32025,$LINES,unsupported,internal_meta,internal_or_meta_row_only,108-s52-all-lookuprow-closure,LS_SOLD_3_TRFCD,object acronym is internal/meta and still carries degraded status,32025,949,Line,Lines,,compiler_missing_lookup_row;scene_harness_not_covered
$LINES|Line|Lines|950|32026,$LINES,unsupported,internal_meta,internal_or_meta_row_only,108-s52-all-lookuprow-closure,LS_SOLD_2_PSTRK,object acronym is internal/meta and still carries degraded status,32026,950,Line,Lines,,compiler_missing_lookup_row;scene_harness_not_covered
$LINES|Line|Lines|951|32027,$LINES,unsupported,internal_meta,internal_or_meta_row_only,108-s52-all-lookuprow-closure,LS_SOLD_1_SYTRK,object acronym is internal/meta and still carries degraded status,32027,951,Line,Lines,,compiler_missing_lookup_row;scene_harness_not_covered
$LINES|Line|Lines|952|32028,$LINES,unsupported,internal_meta,internal_or_meta_row_only,108-s52-all-lookuprow-closure,LS_SOLD_2_ARPAT,object acronym is internal/meta and still carries degraded status,32028,952,Line,Lines,,compiler_missing_lookup_row;scene_harness_not_covered
$LINES|Line|Lines|953|32029,$LINES,unsupported,internal_meta,internal_or_meta_row_only,108-s52-all-lookuprow-closure,LS_SOLD_2_ARPAT,object acronym is internal/meta and still carries degraded status,32029,953,Line,Lines,,compiler_missing_lookup_row;scene_harness_not_covered
$LINES|Line|Lines|954|32030,$LINES,unsupported,internal_meta,internal_or_meta_row_only,108-s52-all-lookuprow-closure,LS_DASH_2_NINFO,object acronym is internal/meta and still carries degraded status,32030,954,Line,Lines,,compiler_missing_lookup_row;scene_harness_not_covered
$LINES|Line|Lines|955|32031,$LINES,unsupported,internal_meta,internal_or_meta_row_only,108-s52-all-lookuprow-closure,LS_SOLD_1_SHIPS,object acronym is internal/meta and still carries degraded status,32031,955,Line,Lines,,compiler_missing_lookup_row;scene_harness_not_covered
$LINES|Line|Lines|956|32032,$LINES,unsupported,internal_meta,internal_or_meta_row_only,108-s52-all-lookuprow-closure,QUESMRK1,object acronym is internal/meta and still carries degraded status,32032,956,Line,Lines,,compiler_missing_lookup_row;scene_harness_not_covered
$TEXTS|Area|Plain|339|32374,$TEXTS,unsupported,internal_meta,internal_or_meta_row_only,108-s52-all-lookuprow-closure,TEXT01,object acronym is internal/meta and still carries degraded status,32374,339,Area,Plain,,compiler_missing_lookup_row;scene_harness_not_covered
$TEXTS|Area|Symbolized|686|32721,$TEXTS,unsupported,internal_meta,internal_or_meta_row_only,108-s52-all-lookuprow-closure,TEXT01,object acronym is internal/meta and still carries degraded status,32721,686,Area,Symbolized,,compiler_missing_lookup_row;scene_harness_not_covered
$TEXTS|Line|Lines|957|32033,$TEXTS,unsupported,internal_meta,internal_or_meta_row_only,108-s52-all-lookuprow-closure,TEXT01,object acronym is internal/meta and still carries degraded status,32033,957,Line,Lines,,compiler_missing_lookup_row;scene_harness_not_covered
$TEXTS|Point|Paper|2968|30996,$TEXTS,unsupported,internal_meta,internal_or_meta_row_only,108-s52-all-lookuprow-closure,TEXT01,object acronym is internal/meta and still carries degraded status,30996,2968,Point,Paper,,compiler_missing_lookup_row;scene_harness_not_covered
$TEXTS|Point|Simplified|1695|31747,$TEXTS,unsupported,internal_meta,internal_or_meta_row_only,108-s52-all-lookuprow-closure,TEXT01,object acronym is internal/meta and still carries degraded status,31747,1695,Point,Simplified,,compiler_missing_lookup_row;scene_harness_not_covered
ACHARE|Area|Plain|1|32037,ACHARE,partial,ordinary_s57,harness_only_partial,109-s52-harness-and-standalone-proof,ACHARE02,only remaining degraded reason is missing repository-owned harness/reference evidence,32037,1,Area,Plain,s52_area_achare_plain_rcid_32037,scene_harness_not_covered
ACHARE|Area|Plain|2|32038,ACHARE,partial,ordinary_s57,harness_only_partial,109-s52-harness-and-standalone-proof,ACHARE51,only remaining degraded reason is missing repository-owned harness/reference evidence,32038,2,Area,Plain,s52_area_achare_plain_rcid_32038,scene_harness_not_covered
ACHARE|Area|Plain|2|32038,ACHARE,partial,ordinary_s57,harness_only_partial,109-s52-harness-and-standalone-proof,ACHARE51,only remaining degraded reason is missing repository-owned harness/reference evidence,32038,2,Area,Plain,s52_area_achare_plain_rcid_32038,scene_harness_not_covered
ACHARE|Area|Symbolized|342|32377,ACHARE,partial,ordinary_s57,harness_only_partial,109-s52-harness-and-standalone-proof,ACHARE51,only remaining degraded reason is missing repository-owned harness/reference evidence,32377,342,Area,Symbolized,s52_area_achare_symbolized_rcid_32377,scene_harness_not_covered
ACHARE|Area|Symbolized|342|32377,ACHARE,partial,ordinary_s57,harness_only_partial,109-s52-harness-and-standalone-proof,ACHARE51,only remaining degraded reason is missing repository-owned harness/reference evidence,32377,342,Area,Symbolized,s52_area_achare_symbolized_rcid_32377,scene_harness_not_covered
ACHARE|Point|Paper|1712|30001,ACHARE,partial,ordinary_s57,harness_only_partial,109-s52-harness-and-standalone-proof,ACHARE02,only remaining degraded reason is missing repository-owned harness/reference evidence,30001,1712,Point,Paper,s52_point_achare_paper_rcid_30001,scene_harness_not_covered
ACHARE|Point|Simplified|961|31013,ACHARE,partial,ordinary_s57,harness_only_partial,109-s52-harness-and-standalone-proof,ACHARE02,only remaining degraded reason is missing repository-owned harness/reference evidence,31013,961,Point,Simplified,s52_point_achare_simplified_rcid_31013,scene_harness_not_covered
ACHBRT|Area|Plain|3|32039,ACHBRT,partial,ordinary_s57,harness_only_partial,109-s52-harness-and-standalone-proof,ACHBRT07,only remaining degraded reason is missing repository-owned harness/reference evidence,32039,3,Area,Plain,s52_area_achbrt_plain_rcid_32039,scene_harness_not_covered
ACHBRT|Area|Symbolized|343|32378,ACHBRT,partial,ordinary_s57,harness_only_partial,109-s52-harness-and-standalone-proof,ACHBRT07,only remaining degraded reason is missing repository-owned harness/reference evidence,32378,343,Area,Symbolized,s52_area_achbrt_symbolized_rcid_32378,scene_harness_not_covered
ACHBRT|Point|Paper|1713|30002,ACHBRT,partial,ordinary_s57,harness_only_partial,109-s52-harness-and-standalone-proof,ACHBRT07,only remaining degraded reason is missing repository-owned harness/reference evidence,30002,1713,Point,Paper,s52_point_achbrt_paper_rcid_30002,scene_harness_not_covered
ACHBRT|Point|Simplified|962|31014,ACHBRT,partial,ordinary_s57,harness_only_partial,109-s52-harness-and-standalone-proof,ACHBRT07,only remaining degraded reason is missing repository-owned harness/reference evidence,31014,962,Point,Simplified,s52_point_achbrt_simplified_rcid_31014,scene_harness_not_covered
ACHPNT|Point|Paper|1714|30003,ACHPNT,partial,ordinary_s57,harness_only_partial,109-s52-harness-and-standalone-proof,ACHPNT01,only remaining degraded reason is missing repository-owned harness/reference evidence,30003,1714,Point,Paper,s52_point_achpnt_paper_rcid_30003,scene_harness_not_covered
ACHPNT|Point|Simplified|963|31015,ACHPNT,partial,ordinary_s57,harness_only_partial,109-s52-harness-and-standalone-proof,ACHPNT01,only remaining degraded reason is missing repository-owned harness/reference evidence,31015,963,Point,Simplified,s52_point_achpnt_simplified_rcid_31015,scene_harness_not_covered
ADMARE|Area|Plain|4|32040,ADMARE,partial,ordinary_s57,harness_only_partial,109-s52-harness-and-standalone-proof,LS_DASH_2_CHGRF,only remaining degraded reason is missing repository-owned harness/reference evidence,32040,4,Area,Plain,s52_area_admare_plain_rcid_32040,scene_harness_not_covered
ADMARE|Area|Symbolized|344|32379,ADMARE,partial,ordinary_s57,harness_only_partial,109-s52-harness-and-standalone-proof,LS_DASH_2_CHGRF,only remaining degraded reason is missing repository-owned harness/reference evidence,32379,344,Area,Symbolized,s52_area_admare_symbolized_rcid_32379,scene_harness_not_covered
AIRARE|Area|Plain|5|32041,AIRARE,partial,ordinary_s57,harness_only_partial,109-s52-harness-and-standalone-proof,LS_SOLD_1_CHBLK,only remaining degraded reason is missing repository-owned harness/reference evidence,32041,5,Area,Plain,s52_area_airare_plain_rcid_32041,scene_harness_not_covered
AIRARE|Area|Plain|6|32042,AIRARE,partial,ordinary_s57,harness_only_partial,109-s52-harness-and-standalone-proof,LS_SOLD_1_LANDF,only remaining degraded reason is missing repository-owned harness/reference evidence,32042,6,Area,Plain,s52_area_airare_plain_rcid_32042,scene_harness_not_covered
AIRARE|Area|Symbolized|345|32380,AIRARE,partial,ordinary_s57,harness_only_partial,109-s52-harness-and-standalone-proof,LS_SOLD_1_CHBLK,only remaining degraded reason is missing repository-owned harness/reference evidence,32380,345,Area,Symbolized,s52_area_airare_symbolized_rcid_32380,scene_harness_not_covered
AIRARE|Area|Symbolized|346|32381,AIRARE,partial,ordinary_s57,harness_only_partial,109-s52-harness-and-standalone-proof,LS_SOLD_1_LANDF,only remaining degraded reason is missing repository-owned harness/reference evidence,32381,346,Area,Symbolized,s52_area_airare_symbolized_rcid_32381,scene_harness_not_covered
AIRARE|Point|Paper|1715|30004,AIRARE,partial,ordinary_s57,harness_only_partial,109-s52-harness-and-standalone-proof,AIRARE02,only remaining degraded reason is missing repository-owned harness/reference evidence,30004,1715,Point,Paper,s52_point_airare_paper_rcid_30004,scene_harness_not_covered
AIRARE|Point|Simplified|964|31016,AIRARE,partial,ordinary_s57,harness_only_partial,109-s52-harness-and-standalone-proof,AIRARE02,only remaining degraded reason is missing repository-owned harness/reference evidence,31016,964,Point,Simplified,s52_point_airare_simplified_rcid_31016,scene_harness_not_covered
ANNOTA|Point|Paper|1996|54023,ANNOTA,partial,ordinary_s57,harness_only_partial,109-s52-harness-and-standalone-proof,TEXT01,only remaining degraded reason is missing repository-owned harness/reference evidence,54023,1996,Point,Paper,s52_point_annota_paper_rcid_54023,scene_harness_not_covered
ANNOTA|Point|Simplified|1996|54027,ANNOTA,partial,ordinary_s57,harness_only_partial,109-s52-harness-and-standalone-proof,TEXT01,only remaining degraded reason is missing repository-owned harness/reference evidence,54027,1996,Point,Simplified,s52_point_annota_simplified_rcid_54027,scene_harness_not_covered
ARCSLN|Area|Plain|7|32043,ARCSLN,partial,ordinary_s57,supplemental_upstream_candidate,106-s52-upstream-supplemental-opencpn-assets,ARCSLN01,missing asset is not defined in the pinned snapshot and is a task-106 supplemental-upstream candidate,32043,7,Area,Plain,s52_area_arcsln_plain_rcid_32043,compiler_missing_line_asset:ARCSLN01;scene_harness_not_covered
ARCSLN|Area|Symbolized|347|32382,ARCSLN,partial,ordinary_s57,supplemental_upstream_candidate,106-s52-upstream-supplemental-opencpn-assets,ARCSLN01,missing asset is not defined in the pinned snapshot and is a task-106 supplemental-upstream candidate,32382,347,Area,Symbolized,s52_area_arcsln_symbolized_rcid_32382,compiler_missing_line_asset:ARCSLN01;scene_harness_not_covered
ASLXIS|Line|Lines|688|31764,ASLXIS,partial,ordinary_s57,harness_only_partial,109-s52-harness-and-standalone-proof,LS_DASH_2_CHMGF,only remaining degraded reason is missing repository-owned harness/reference evidence,31764,688,Line,Lines,s52_line_aslxis_lines_rcid_31764,scene_harness_not_covered
BCNCAR|Point|Paper|1716|30005,BCNCAR,partial,ordinary_s57,harness_only_partial,109-s52-harness-and-standalone-proof,BCNTOW70,only remaining degraded reason is missing repository-owned harness/reference evidence,30005,1716,Point,Paper,s52_point_bcncar_paper_rcid_30005,scene_harness_not_covered
BCNCAR|Point|Paper|1717|30006,BCNCAR,partial,ordinary_s57,harness_only_partial,109-s52-harness-and-standalone-proof,BCNTOW71,only remaining degraded reason is missing repository-owned harness/reference evidence,30006,1717,Point,Paper,s52_point_bcncar_paper_rcid_30006,scene_harness_not_covered
BCNCAR|Point|Paper|1718|30007,BCNCAR,partial,ordinary_s57,harness_only_partial,109-s52-harness-and-standalone-proof,BCNTOW68,only remaining degraded reason is missing repository-owned harness/reference evidence,30007,1718,Point,Paper,s52_point_bcncar_paper_rcid_30007,scene_harness_not_covered
BCNCAR|Point|Paper|1719|30008,BCNCAR,partial,ordinary_s57,harness_only_partial,109-s52-harness-and-standalone-proof,BCNTOW69,only remaining degraded reason is missing repository-owned harness/reference evidence,30008,1719,Point,Paper,s52_point_bcncar_paper_rcid_30008,scene_harness_not_covered
BCNCAR|Point|Paper|1720|30009,BCNCAR,partial,ordinary_s57,harness_only_partial,109-s52-harness-and-standalone-proof,BCNGEN70,only remaining degraded reason is missing repository-owned harness/reference evidence,30009,1720,Point,Paper,s52_point_bcncar_paper_rcid_30009,scene_harness_not_covered
BCNCAR|Point|Paper|1721|30010,BCNCAR,partial,ordinary_s57,harness_only_partial,109-s52-harness-and-standalone-proof,BCNGEN71,only remaining degraded reason is missing repository-owned harness/reference evidence,30010,1721,Point,Paper,s52_point_bcncar_paper_rcid_30010,scene_harness_not_covered
BCNCAR|Point|Paper|1722|30011,BCNCAR,partial,ordinary_s57,harness_only_partial,109-s52-harness-and-standalone-proof,BCNGEN68,only remaining degraded reason is missing repository-owned harness/reference evidence,30011,1722,Point,Paper,s52_point_bcncar_paper_rcid_30011,scene_harness_not_covered
BCNCAR|Point|Paper|1723|30012,BCNCAR,partial,ordinary_s57,harness_only_partial,109-s52-harness-and-standalone-proof,BCNGEN69,only remaining degraded reason is missing repository-owned harness/reference evidence,30012,1723,Point,Paper,s52_point_bcncar_paper_rcid_30012,scene_harness_not_covered
BCNCAR|Point|Paper|1724|30013,BCNCAR,partial,ordinary_s57,harness_only_partial,109-s52-harness-and-standalone-proof,BCNSTK02,only remaining degraded reason is missing repository-owned harness/reference evidence,30013,1724,Point,Paper,s52_point_bcncar_paper_rcid_30013,scene_harness_not_covered
BCNCAR|Point|Paper|1725|30014,BCNCAR,partial,ordinary_s57,harness_only_partial,109-s52-harness-and-standalone-proof,BCNTOW01,only remaining degraded reason is missing repository-owned harness/reference evidence,30014,1725,Point,Paper,s52_point_bcncar_paper_rcid_30014,scene_harness_not_covered
BCNCAR|Point|Paper|1726|30015,BCNCAR,partial,ordinary_s57,harness_only_partial,109-s52-harness-and-standalone-proof,BCNLTC01,only remaining degraded reason is missing repository-owned harness/reference evidence,30015,1726,Point,Paper,s52_point_bcncar_paper_rcid_30015,scene_harness_not_covered
BCNCAR|Point|Paper|1727|30016,BCNCAR,partial,ordinary_s57,harness_only_partial,109-s52-harness-and-standalone-proof,BCNGEN01,only remaining degraded reason is missing repository-owned harness/reference evidence,30016,1727,Point,Paper,s52_point_bcncar_paper_rcid_30016,scene_harness_not_covered
BCNCAR|Point|Paper|1728|30017,BCNCAR,partial,ordinary_s57,harness_only_partial,109-s52-harness-and-standalone-proof,BCNGEN01,only remaining degraded reason is missing repository-owned harness/reference evidence,30017,1728,Point,Paper,s52_point_bcncar_paper_rcid_30017,scene_harness_not_covered
BCNCAR|Point|Paper|1729|30018,BCNCAR,partial,ordinary_s57,harness_only_partial,109-s52-harness-and-standalone-proof,BCNGEN03,only remaining degraded reason is missing repository-owned harness/reference evidence,30018,1729,Point,Paper,s52_point_bcncar_paper_rcid_30018,scene_harness_not_covered
BCNCAR|Point|Simplified|965|31017,BCNCAR,partial,ordinary_s57,harness_only_partial,109-s52-harness-and-standalone-proof,BCNCAR01,only remaining degraded reason is missing repository-owned harness/reference evidence,31017,965,Point,Simplified,s52_point_bcncar_simplified_rcid_31017,scene_harness_not_covered
BCNCAR|Point|Simplified|966|31018,BCNCAR,partial,ordinary_s57,harness_only_partial,109-s52-harness-and-standalone-proof,BCNCAR02,only remaining degraded reason is missing repository-owned harness/reference evidence,31018,966,Point,Simplified,s52_point_bcncar_simplified_rcid_31018,scene_harness_not_covered
BCNCAR|Point|Simplified|967|31019,BCNCAR,partial,ordinary_s57,harness_only_partial,109-s52-harness-and-standalone-proof,BCNCAR03,only remaining degraded reason is missing repository-owned harness/reference evidence,31019,967,Point,Simplified,s52_point_bcncar_simplified_rcid_31019,scene_harness_not_covered
BCNCAR|Point|Simplified|968|31020,BCNCAR,partial,ordinary_s57,harness_only_partial,109-s52-harness-and-standalone-proof,BCNCAR04,only remaining degraded reason is missing repository-owned harness/reference evidence,31020,968,Point,Simplified,s52_point_bcncar_simplified_rcid_31020,scene_harness_not_covered
BCNCAR|Point|Simplified|969|31021,BCNCAR,partial,ordinary_s57,harness_only_partial,109-s52-harness-and-standalone-proof,BCNDEF13,only remaining degraded reason is missing repository-owned harness/reference evidence,31021,969,Point,Simplified,s52_point_bcncar_simplified_rcid_31021,scene_harness_not_covered
BCNISD|Point|Paper|1730|30019,BCNISD,partial,ordinary_s57,harness_only_partial,109-s52-harness-and-standalone-proof,BCNTOW76,only remaining degraded reason is missing repository-owned harness/reference evidence,30019,1730,Point,Paper,s52_point_bcnisd_paper_rcid_30019,scene_harness_not_covered
BCNISD|Point|Paper|1731|30020,BCNISD,partial,ordinary_s57,harness_only_partial,109-s52-harness-and-standalone-proof,BCNGEN76,only remaining degraded reason is missing repository-owned harness/reference evidence,30020,1731,Point,Paper,s52_point_bcnisd_paper_rcid_30020,scene_harness_not_covered
BCNISD|Point|Paper|1732|30021,BCNISD,partial,ordinary_s57,harness_only_partial,109-s52-harness-and-standalone-proof,BCNSTK02,only remaining degraded reason is missing repository-owned harness/reference evidence,30021,1732,Point,Paper,s52_point_bcnisd_paper_rcid_30021,scene_harness_not_covered
BCNISD|Point|Paper|1733|30022,BCNISD,partial,ordinary_s57,harness_only_partial,109-s52-harness-and-standalone-proof,BCNTOW01,only remaining degraded reason is missing repository-owned harness/reference evidence,30022,1733,Point,Paper,s52_point_bcnisd_paper_rcid_30022,scene_harness_not_covered
BCNISD|Point|Paper|1734|30023,BCNISD,partial,ordinary_s57,harness_only_partial,109-s52-harness-and-standalone-proof,BCNLTC01,only remaining degraded reason is missing repository-owned harness/reference evidence,30023,1734,Point,Paper,s52_point_bcnisd_paper_rcid_30023,scene_harness_not_covered
BCNISD|Point|Paper|1735|30024,BCNISD,partial,ordinary_s57,harness_only_partial,109-s52-harness-and-standalone-proof,BCNGEN01,only remaining degraded reason is missing repository-owned harness/reference evidence,30024,1735,Point,Paper,s52_point_bcnisd_paper_rcid_30024,scene_harness_not_covered
BCNISD|Point|Paper|1736|30025,BCNISD,partial,ordinary_s57,harness_only_partial,109-s52-harness-and-standalone-proof,BCNGEN01,only remaining degraded reason is missing repository-owned harness/reference evidence,30025,1736,Point,Paper,s52_point_bcnisd_paper_rcid_30025,scene_harness_not_covered
BCNISD|Point|Paper|1737|30026,BCNISD,partial,ordinary_s57,harness_only_partial,109-s52-harness-and-standalone-proof,BCNGEN03,only remaining degraded reason is missing repository-owned harness/reference evidence,30026,1737,Point,Paper,s52_point_bcnisd_paper_rcid_30026,scene_harness_not_covered
BCNISD|Point|Simplified|970|31022,BCNISD,partial,ordinary_s57,harness_only_partial,109-s52-harness-and-standalone-proof,BCNISD21,only remaining degraded reason is missing repository-owned harness/reference evidence,31022,970,Point,Simplified,s52_point_bcnisd_simplified_rcid_31022,scene_harness_not_covered
BCNLAT|Point|Paper|1743|30027,BCNLAT,partial,ordinary_s57,harness_only_partial,109-s52-harness-and-standalone-proof,BCNSTK61,only remaining degraded reason is missing repository-owned harness/reference evidence,30027,1743,Point,Paper,s52_point_bcnlat_paper_rcid_30027,scene_harness_not_covered
BCNLAT|Point|Paper|1744|30028,BCNLAT,partial,ordinary_s57,harness_only_partial,109-s52-harness-and-standalone-proof,BCNSTK60,only remaining degraded reason is missing repository-owned harness/reference evidence,30028,1744,Point,Paper,s52_point_bcnlat_paper_rcid_30028,scene_harness_not_covered
BCNLAT|Point|Paper|1745|30029,BCNLAT,partial,ordinary_s57,harness_only_partial,109-s52-harness-and-standalone-proof,BCNSTK77,only remaining degraded reason is missing repository-owned harness/reference evidence,30029,1745,Point,Paper,s52_point_bcnlat_paper_rcid_30029,scene_harness_not_covered
BCNLAT|Point|Paper|1746|30030,BCNLAT,partial,ordinary_s57,harness_only_partial,109-s52-harness-and-standalone-proof,BCNSTK78,only remaining degraded reason is missing repository-owned harness/reference evidence,30030,1746,Point,Paper,s52_point_bcnlat_paper_rcid_30030,scene_harness_not_covered
BCNLAT|Point|Paper|1747|30031,BCNLAT,partial,ordinary_s57,harness_only_partial,109-s52-harness-and-standalone-proof,BCNSTK77,only remaining degraded reason is missing repository-owned harness/reference evidence,30031,1747,Point,Paper,s52_point_bcnlat_paper_rcid_30031,scene_harness_not_covered
BCNLAT|Point|Paper|1741|30032,BCNLAT,partial,ordinary_s57,harness_only_partial,109-s52-harness-and-standalone-proof,BCNTOW63,only remaining degraded reason is missing repository-owned harness/reference evidence,30032,1741,Point,Paper,s52_point_bcnlat_paper_rcid_30032,scene_harness_not_covered
BCNLAT|Point|Paper|1739|30033,BCNLAT,partial,ordinary_s57,harness_only_partial,109-s52-harness-and-standalone-proof,BCNTOW66,only remaining degraded reason is missing repository-owned harness/reference evidence,30033,1739,Point,Paper,s52_point_bcnlat_paper_rcid_30033,scene_harness_not_covered
BCNLAT|Point|Paper|1742|30034,BCNLAT,partial,ordinary_s57,harness_only_partial,109-s52-harness-and-standalone-proof,BCNTOW64,only remaining degraded reason is missing repository-owned harness/reference evidence,30034,1742,Point,Paper,s52_point_bcnlat_paper_rcid_30034,scene_harness_not_covered
BCNLAT|Point|Paper|1740|30035,BCNLAT,partial,ordinary_s57,harness_only_partial,109-s52-harness-and-standalone-proof,BCNTOW65,only remaining degraded reason is missing repository-owned harness/reference evidence,30035,1740,Point,Paper,s52_point_bcnlat_paper_rcid_30035,scene_harness_not_covered
BCNLAT|Point|Paper|1748|30036,BCNLAT,partial,ordinary_s57,harness_only_partial,109-s52-harness-and-standalone-proof,BCNSTK60,only remaining degraded reason is missing repository-owned harness/reference evidence,30036,1748,Point,Paper,s52_point_bcnlat_paper_rcid_30036,scene_harness_not_covered
BCNLAT|Point|Paper|1749|30037,BCNLAT,partial,ordinary_s57,harness_only_partial,109-s52-harness-and-standalone-proof,BCNSTK61,only remaining degraded reason is missing repository-owned harness/reference evidence,30037,1749,Point,Paper,s52_point_bcnlat_paper_rcid_30037,scene_harness_not_covered
BCNLAT|Point|Paper|1750|30038,BCNLAT,partial,ordinary_s57,harness_only_partial,109-s52-harness-and-standalone-proof,PRICKE03,only remaining degraded reason is missing repository-owned harness/reference evidence,30038,1750,Point,Paper,s52_point_bcnlat_paper_rcid_30038,scene_harness_not_covered
BCNLAT|Point|Paper|1751|30039,BCNLAT,partial,ordinary_s57,harness_only_partial,109-s52-harness-and-standalone-proof,PRICKE04,only remaining degraded reason is missing repository-owned harness/reference evidence,30039,1751,Point,Paper,s52_point_bcnlat_paper_rcid_30039,scene_harness_not_covered
BCNLAT|Point|Paper|1752|30040,BCNLAT,partial,ordinary_s57,harness_only_partial,109-s52-harness-and-standalone-proof,BCNTOW60,only remaining degraded reason is missing repository-owned harness/reference evidence,30040,1752,Point,Paper,s52_point_bcnlat_paper_rcid_30040,scene_harness_not_covered
BCNLAT|Point|Paper|1753|30041,BCNLAT,partial,ordinary_s57,harness_only_partial,109-s52-harness-and-standalone-proof,BCNTOW61,only remaining degraded reason is missing repository-owned harness/reference evidence,30041,1753,Point,Paper,s52_point_bcnlat_paper_rcid_30041,scene_harness_not_covered
BCNLAT|Point|Paper|1754|30042,BCNLAT,partial,ordinary_s57,harness_only_partial,109-s52-harness-and-standalone-proof,BCNTOW60,only remaining degraded reason is missing repository-owned harness/reference evidence,30042,1754,Point,Paper,s52_point_bcnlat_paper_rcid_30042,scene_harness_not_covered
BCNLAT|Point|Paper|1755|30043,BCNLAT,partial,ordinary_s57,harness_only_partial,109-s52-harness-and-standalone-proof,BCNTOW61,only remaining degraded reason is missing repository-owned harness/reference evidence,30043,1755,Point,Paper,s52_point_bcnlat_paper_rcid_30043,scene_harness_not_covered
BCNLAT|Point|Paper|1757|30045,BCNLAT,partial,ordinary_s57,harness_only_partial,109-s52-harness-and-standalone-proof,BCNGEN01,only remaining degraded reason is missing repository-owned harness/reference evidence,30045,1757,Point,Paper,s52_point_bcnlat_paper_rcid_30045,scene_harness_not_covered
BCNLAT|Point|Paper|1758|30046,BCNLAT,partial,ordinary_s57,harness_only_partial,109-s52-harness-and-standalone-proof,CAIRNS11,only remaining degraded reason is missing repository-owned harness/reference evidence,30046,1758,Point,Paper,s52_point_bcnlat_paper_rcid_30046,scene_harness_not_covered
BCNLAT|Point|Paper|1759|30047,BCNLAT,partial,ordinary_s57,harness_only_partial,109-s52-harness-and-standalone-proof,BCNTOW05,only remaining degraded reason is missing repository-owned harness/reference evidence,30047,1759,Point,Paper,s52_point_bcnlat_paper_rcid_30047,scene_harness_not_covered
BCNLAT|Point|Paper|1760|30048,BCNLAT,partial,ordinary_s57,harness_only_partial,109-s52-harness-and-standalone-proof,BCNSTK60,only remaining degraded reason is missing repository-owned harness/reference evidence,30048,1760,Point,Paper,s52_point_bcnlat_paper_rcid_30048,scene_harness_not_covered
BCNLAT|Point|Paper|1761|30049,BCNLAT,partial,ordinary_s57,harness_only_partial,109-s52-harness-and-standalone-proof,BCNSTK61,only remaining degraded reason is missing repository-owned harness/reference evidence,30049,1761,Point,Paper,s52_point_bcnlat_paper_rcid_30049,scene_harness_not_covered
BCNLAT|Point|Paper|1762|30050,BCNLAT,partial,ordinary_s57,harness_only_partial,109-s52-harness-and-standalone-proof,BCNSTK78,only remaining degraded reason is missing repository-owned harness/reference evidence,30050,1762,Point,Paper,s52_point_bcnlat_paper_rcid_30050,scene_harness_not_covered
BCNLAT|Point|Paper|1763|30051,BCNLAT,partial,ordinary_s57,harness_only_partial,109-s52-harness-and-standalone-proof,BCNSTK77,only remaining degraded reason is missing repository-owned harness/reference evidence,30051,1763,Point,Paper,s52_point_bcnlat_paper_rcid_30051,scene_harness_not_covered
BCNLAT|Point|Paper|1764|30052,BCNLAT,partial,ordinary_s57,harness_only_partial,109-s52-harness-and-standalone-proof,BCNSTK02,only remaining degraded reason is missing repository-owned harness/reference evidence,30052,1764,Point,Paper,s52_point_bcnlat_paper_rcid_30052,scene_harness_not_covered
BCNLAT|Point|Paper|1765|30053,BCNLAT,partial,ordinary_s57,harness_only_partial,109-s52-harness-and-standalone-proof,BCNTOW01,only remaining degraded reason is missing repository-owned harness/reference evidence,30053,1765,Point,Paper,s52_point_bcnlat_paper_rcid_30053,scene_harness_not_covered
BCNLAT|Point|Paper|1766|30054,BCNLAT,partial,ordinary_s57,harness_only_partial,109-s52-harness-and-standalone-proof,BCNLTC01,only remaining degraded reason is missing repository-owned harness/reference evidence,30054,1766,Point,Paper,s52_point_bcnlat_paper_rcid_30054,scene_harness_not_covered
BCNLAT|Point|Paper|1767|30055,BCNLAT,partial,ordinary_s57,harness_only_partial,109-s52-harness-and-standalone-proof,BCNGEN01,only remaining degraded reason is missing repository-owned harness/reference evidence,30055,1767,Point,Paper,s52_point_bcnlat_paper_rcid_30055,scene_harness_not_covered
BCNLAT|Point|Paper|1768|30056,BCNLAT,partial,ordinary_s57,harness_only_partial,109-s52-harness-and-standalone-proof,CAIRNS01,only remaining degraded reason is missing repository-owned harness/reference evidence,30056,1768,Point,Paper,s52_point_bcnlat_paper_rcid_30056,scene_harness_not_covered
BCNLAT|Point|Paper|1769|30057,BCNLAT,partial,ordinary_s57,harness_only_partial,109-s52-harness-and-standalone-proof,BCNGEN01,only remaining degraded reason is missing repository-owned harness/reference evidence,30057,1769,Point,Paper,s52_point_bcnlat_paper_rcid_30057,scene_harness_not_covered
BCNLAT|Point|Paper|1770|30058,BCNLAT,partial,ordinary_s57,harness_only_partial,109-s52-harness-and-standalone-proof,BCNGEN60,only remaining degraded reason is missing repository-owned harness/reference evidence,30058,1770,Point,Paper,s52_point_bcnlat_paper_rcid_30058,scene_harness_not_covered
BCNLAT|Point|Paper|1771|30059,BCNLAT,partial,ordinary_s57,harness_only_partial,109-s52-harness-and-standalone-proof,BCNGEN61,only remaining degraded reason is missing repository-owned harness/reference evidence,30059,1771,Point,Paper,s52_point_bcnlat_paper_rcid_30059,scene_harness_not_covered
BCNLAT|Point|Paper|1772|30060,BCNLAT,partial,ordinary_s57,harness_only_partial,109-s52-harness-and-standalone-proof,BCNGEN01,only remaining degraded reason is missing repository-owned harness/reference evidence,30060,1772,Point,Paper,s52_point_bcnlat_paper_rcid_30060,scene_harness_not_covered
BCNLAT|Point|Paper|3022|3063038,BCNLAT,partial,ordinary_s57,harness_only_partial,109-s52-harness-and-standalone-proof,BCNSTK83,only remaining degraded reason is missing repository-owned harness/reference evidence,3063038,3022,Point,Paper,s52_point_bcnlat_paper_rcid_3063038,scene_harness_not_covered
BCNLAT|Point|Paper|3021|3063054,BCNLAT,partial,ordinary_s57,harness_only_partial,109-s52-harness-and-standalone-proof,BCNSTK82,only remaining degraded reason is missing repository-owned harness/reference evidence,3063054,3021,Point,Paper,s52_point_bcnlat_paper_rcid_3063054,scene_harness_not_covered
BCNLAT|Point|Paper|1738|93980,BCNLAT,partial,ordinary_s57,harness_only_partial,109-s52-harness-and-standalone-proof,BCNTOW74,only remaining degraded reason is missing repository-owned harness/reference evidence,93980,1738,Point,Paper,s52_point_bcnlat_paper_rcid_93980,scene_harness_not_covered
BCNLAT|Point|Simplified|971|31023,BCNLAT,partial,ordinary_s57,harness_only_partial,109-s52-harness-and-standalone-proof,BCNLAT21,only remaining degraded reason is missing repository-owned harness/reference evidence,31023,971,Point,Simplified,s52_point_bcnlat_simplified_rcid_31023,scene_harness_not_covered
BCNLAT|Point|Simplified|972|31024,BCNLAT,partial,ordinary_s57,harness_only_partial,109-s52-harness-and-standalone-proof,BCNLAT21,only remaining degraded reason is missing repository-owned harness/reference evidence,31024,972,Point,Simplified,s52_point_bcnlat_simplified_rcid_31024,scene_harness_not_covered
BCNLAT|Point|Simplified|973|31025,BCNLAT,partial,ordinary_s57,harness_only_partial,109-s52-harness-and-standalone-proof,BCNLAT15,only remaining degraded reason is missing repository-owned harness/reference evidence,31025,973,Point,Simplified,s52_point_bcnlat_simplified_rcid_31025,scene_harness_not_covered
BCNLAT|Point|Simplified|974|31026,BCNLAT,partial,ordinary_s57,harness_only_partial,109-s52-harness-and-standalone-proof,BCNLAT15,only remaining degraded reason is missing repository-owned harness/reference evidence,31026,974,Point,Simplified,s52_point_bcnlat_simplified_rcid_31026,scene_harness_not_covered
BCNLAT|Point|Simplified|975|31027,BCNLAT,partial,ordinary_s57,harness_only_partial,109-s52-harness-and-standalone-proof,BCNLAT15,only remaining degraded reason is missing repository-owned harness/reference evidence,31027,975,Point,Simplified,s52_point_bcnlat_simplified_rcid_31027,scene_harness_not_covered
BCNLAT|Point|Simplified|976|31028,BCNLAT,partial,ordinary_s57,harness_only_partial,109-s52-harness-and-standalone-proof,BCNLAT21,only remaining degraded reason is missing repository-owned harness/reference evidence,31028,976,Point,Simplified,s52_point_bcnlat_simplified_rcid_31028,scene_harness_not_covered
BCNLAT|Point|Simplified|977|31029,BCNLAT,partial,ordinary_s57,harness_only_partial,109-s52-harness-and-standalone-proof,BCNLAT22,only remaining degraded reason is missing repository-owned harness/reference evidence,31029,977,Point,Simplified,s52_point_bcnlat_simplified_rcid_31029,scene_harness_not_covered
BCNLAT|Point|Simplified|978|31030,BCNLAT,partial,ordinary_s57,harness_only_partial,109-s52-harness-and-standalone-proof,BCNLAT22,only remaining degraded reason is missing repository-owned harness/reference evidence,31030,978,Point,Simplified,s52_point_bcnlat_simplified_rcid_31030,scene_harness_not_covered
BCNLAT|Point|Simplified|979|31031,BCNLAT,partial,ordinary_s57,harness_only_partial,109-s52-harness-and-standalone-proof,BCNLAT16,only remaining degraded reason is missing repository-owned harness/reference evidence,31031,979,Point,Simplified,s52_point_bcnlat_simplified_rcid_31031,scene_harness_not_covered
BCNLAT|Point|Simplified|980|31032,BCNLAT,partial,ordinary_s57,harness_only_partial,109-s52-harness-and-standalone-proof,BCNLAT16,only remaining degraded reason is missing repository-owned harness/reference evidence,31032,980,Point,Simplified,s52_point_bcnlat_simplified_rcid_31032,scene_harness_not_covered
BCNLAT|Point|Simplified|981|31033,BCNLAT,partial,ordinary_s57,harness_only_partial,109-s52-harness-and-standalone-proof,BCNLAT16,only remaining degraded reason is missing repository-owned harness/reference evidence,31033,981,Point,Simplified,s52_point_bcnlat_simplified_rcid_31033,scene_harness_not_covered
BCNLAT|Point|Simplified|982|31034,BCNLAT,partial,ordinary_s57,harness_only_partial,109-s52-harness-and-standalone-proof,BCNLAT16,only remaining degraded reason is missing repository-owned harness/reference evidence,31034,982,Point,Simplified,s52_point_bcnlat_simplified_rcid_31034,scene_harness_not_covered
BCNLAT|Point|Simplified|983|31035,BCNLAT,partial,ordinary_s57,harness_only_partial,109-s52-harness-and-standalone-proof,BCNLAT22,only remaining degraded reason is missing repository-owned harness/reference evidence,31035,983,Point,Simplified,s52_point_bcnlat_simplified_rcid_31035,scene_harness_not_covered
BCNLAT|Point|Simplified|984|31036,BCNLAT,partial,ordinary_s57,harness_only_partial,109-s52-harness-and-standalone-proof,CAIRNS11,only remaining degraded reason is missing repository-owned harness/reference evidence,31036,984,Point,Simplified,s52_point_bcnlat_simplified_rcid_31036,scene_harness_not_covered
BCNLAT|Point|Simplified|985|31037,BCNLAT,partial,ordinary_s57,harness_only_partial,109-s52-harness-and-standalone-proof,BCNLAT21,only remaining degraded reason is missing repository-owned harness/reference evidence,31037,985,Point,Simplified,s52_point_bcnlat_simplified_rcid_31037,scene_harness_not_covered
BCNLAT|Point|Simplified|986|31038,BCNLAT,partial,ordinary_s57,harness_only_partial,109-s52-harness-and-standalone-proof,BCNLAT21,only remaining degraded reason is missing repository-owned harness/reference evidence,31038,986,Point,Simplified,s52_point_bcnlat_simplified_rcid_31038,scene_harness_not_covered
BCNLAT|Point|Simplified|987|31039,BCNLAT,partial,ordinary_s57,harness_only_partial,109-s52-harness-and-standalone-proof,BCNLAT15,only remaining degraded reason is missing repository-owned harness/reference evidence,31039,987,Point,Simplified,s52_point_bcnlat_simplified_rcid_31039,scene_harness_not_covered
BCNLAT|Point|Simplified|988|31040,BCNLAT,partial,ordinary_s57,harness_only_partial,109-s52-harness-and-standalone-proof,BCNLAT15,only remaining degraded reason is missing repository-owned harness/reference evidence,31040,988,Point,Simplified,s52_point_bcnlat_simplified_rcid_31040,scene_harness_not_covered
BCNLAT|Point|Simplified|989|31041,BCNLAT,partial,ordinary_s57,harness_only_partial,109-s52-harness-and-standalone-proof,BCNLAT15,only remaining degraded reason is missing repository-owned harness/reference evidence,31041,989,Point,Simplified,s52_point_bcnlat_simplified_rcid_31041,scene_harness_not_covered
BCNLAT|Point|Simplified|990|31042,BCNLAT,partial,ordinary_s57,harness_only_partial,109-s52-harness-and-standalone-proof,BCNLAT21,only remaining degraded reason is missing repository-owned harness/reference evidence,31042,990,Point,Simplified,s52_point_bcnlat_simplified_rcid_31042,scene_harness_not_covered
BCNLAT|Point|Simplified|991|31043,BCNLAT,partial,ordinary_s57,harness_only_partial,109-s52-harness-and-standalone-proof,BCNLAT22,only remaining degraded reason is missing repository-owned harness/reference evidence,31043,991,Point,Simplified,s52_point_bcnlat_simplified_rcid_31043,scene_harness_not_covered
BCNLAT|Point|Simplified|992|31044,BCNLAT,partial,ordinary_s57,harness_only_partial,109-s52-harness-and-standalone-proof,BCNLAT22,only remaining degraded reason is missing repository-owned harness/reference evidence,31044,992,Point,Simplified,s52_point_bcnlat_simplified_rcid_31044,scene_harness_not_covered
BCNLAT|Point|Simplified|993|31045,BCNLAT,partial,ordinary_s57,harness_only_partial,109-s52-harness-and-standalone-proof,BCNLAT16,only remaining degraded reason is missing repository-owned harness/reference evidence,31045,993,Point,Simplified,s52_point_bcnlat_simplified_rcid_31045,scene_harness_not_covered
BCNLAT|Point|Simplified|994|31046,BCNLAT,partial,ordinary_s57,harness_only_partial,109-s52-harness-and-standalone-proof,BCNLAT16,only remaining degraded reason is missing repository-owned harness/reference evidence,31046,994,Point,Simplified,s52_point_bcnlat_simplified_rcid_31046,scene_harness_not_covered
BCNLAT|Point|Simplified|995|31047,BCNLAT,partial,ordinary_s57,harness_only_partial,109-s52-harness-and-standalone-proof,BCNLAT16,only remaining degraded reason is missing repository-owned harness/reference evidence,31047,995,Point,Simplified,s52_point_bcnlat_simplified_rcid_31047,scene_harness_not_covered
BCNLAT|Point|Simplified|996|31048,BCNLAT,partial,ordinary_s57,harness_only_partial,109-s52-harness-and-standalone-proof,BCNLAT22,only remaining degraded reason is missing repository-owned harness/reference evidence,31048,996,Point,Simplified,s52_point_bcnlat_simplified_rcid_31048,scene_harness_not_covered
BCNLAT|Point|Simplified|997|31049,BCNLAT,partial,ordinary_s57,harness_only_partial,109-s52-harness-and-standalone-proof,BCNLAT15,only remaining degraded reason is missing repository-owned harness/reference evidence,31049,997,Point,Simplified,s52_point_bcnlat_simplified_rcid_31049,scene_harness_not_covered
BCNLAT|Point|Simplified|998|31050,BCNLAT,partial,ordinary_s57,harness_only_partial,109-s52-harness-and-standalone-proof,BCNLAT16,only remaining degraded reason is missing repository-owned harness/reference evidence,31050,998,Point,Simplified,s52_point_bcnlat_simplified_rcid_31050,scene_harness_not_covered
BCNLAT|Point|Simplified|999|31051,BCNLAT,partial,ordinary_s57,harness_only_partial,109-s52-harness-and-standalone-proof,CAIRNS01,only remaining degraded reason is missing repository-owned harness/reference evidence,31051,999,Point,Simplified,s52_point_bcnlat_simplified_rcid_31051,scene_harness_not_covered
BCNLAT|Point|Simplified|1000|31052,BCNLAT,partial,ordinary_s57,harness_only_partial,109-s52-harness-and-standalone-proof,BCNLAT15,only remaining degraded reason is missing repository-owned harness/reference evidence,31052,1000,Point,Simplified,s52_point_bcnlat_simplified_rcid_31052,scene_harness_not_covered
BCNLAT|Point|Simplified|1001|31053,BCNLAT,partial,ordinary_s57,harness_only_partial,109-s52-harness-and-standalone-proof,BCNLAT16,only remaining degraded reason is missing repository-owned harness/reference evidence,31053,1001,Point,Simplified,s52_point_bcnlat_simplified_rcid_31053,scene_harness_not_covered
BCNLAT|Point|Simplified|1002|31054,BCNLAT,partial,ordinary_s57,harness_only_partial,109-s52-harness-and-standalone-proof,BCNDEF13,only remaining degraded reason is missing repository-owned harness/reference evidence,31054,1002,Point,Simplified,s52_point_bcnlat_simplified_rcid_31054,scene_harness_not_covered
BCNLAT|Point|Simplified|12705|31541,BCNLAT,partial,ordinary_s57,harness_only_partial,109-s52-harness-and-standalone-proof,BCNSTK02,only remaining degraded reason is missing repository-owned harness/reference evidence,31541,12705,Point,Simplified,s52_point_bcnlat_simplified_rcid_31541,scene_harness_not_covered
BCNSAW|Point|Paper|1773|30061,BCNSAW,partial,ordinary_s57,harness_only_partial,109-s52-harness-and-standalone-proof,BCNSTK78,only remaining degraded reason is missing repository-owned harness/reference evidence,30061,1773,Point,Paper,s52_point_bcnsaw_paper_rcid_30061,scene_harness_not_covered
BCNSAW|Point|Paper|1774|30062,BCNSAW,partial,ordinary_s57,harness_only_partial,109-s52-harness-and-standalone-proof,BCNSTK78,only remaining degraded reason is missing repository-owned harness/reference evidence,30062,1774,Point,Paper,s52_point_bcnsaw_paper_rcid_30062,scene_harness_not_covered
BCNSAW|Point|Paper|1775|30063,BCNSAW,partial,ordinary_s57,harness_only_partial,109-s52-harness-and-standalone-proof,BCNSTK02,only remaining degraded reason is missing repository-owned harness/reference evidence,30063,1775,Point,Paper,s52_point_bcnsaw_paper_rcid_30063,scene_harness_not_covered
BCNSAW|Point|Paper|1776|30064,BCNSAW,partial,ordinary_s57,harness_only_partial,109-s52-harness-and-standalone-proof,BCNTOW01,only remaining degraded reason is missing repository-owned harness/reference evidence,30064,1776,Point,Paper,s52_point_bcnsaw_paper_rcid_30064,scene_harness_not_covered
BCNSAW|Point|Paper|1777|30065,BCNSAW,partial,ordinary_s57,harness_only_partial,109-s52-harness-and-standalone-proof,BCNLTC01,only remaining degraded reason is missing repository-owned harness/reference evidence,30065,1777,Point,Paper,s52_point_bcnsaw_paper_rcid_30065,scene_harness_not_covered
BCNSAW|Point|Paper|1778|30066,BCNSAW,partial,ordinary_s57,harness_only_partial,109-s52-harness-and-standalone-proof,BCNGEN01,only remaining degraded reason is missing repository-owned harness/reference evidence,30066,1778,Point,Paper,s52_point_bcnsaw_paper_rcid_30066,scene_harness_not_covered
BCNSAW|Point|Paper|1779|30067,BCNSAW,partial,ordinary_s57,harness_only_partial,109-s52-harness-and-standalone-proof,BCNGEN01,only remaining degraded reason is missing repository-owned harness/reference evidence,30067,1779,Point,Paper,s52_point_bcnsaw_paper_rcid_30067,scene_harness_not_covered
BCNSAW|Point|Paper|1780|30068,BCNSAW,partial,ordinary_s57,harness_only_partial,109-s52-harness-and-standalone-proof,BCNGEN03,only remaining degraded reason is missing repository-owned harness/reference evidence,30068,1780,Point,Paper,s52_point_bcnsaw_paper_rcid_30068,scene_harness_not_covered
BCNSAW|Point|Simplified|1003|31055,BCNSAW,partial,ordinary_s57,harness_only_partial,109-s52-harness-and-standalone-proof,BCNSAW21,only remaining degraded reason is missing repository-owned harness/reference evidence,31055,1003,Point,Simplified,s52_point_bcnsaw_simplified_rcid_31055,scene_harness_not_covered
BCNSAW|Point|Simplified|1004|31056,BCNSAW,partial,ordinary_s57,harness_only_partial,109-s52-harness-and-standalone-proof,BCNSAW21,only remaining degraded reason is missing repository-owned harness/reference evidence,31056,1004,Point,Simplified,s52_point_bcnsaw_simplified_rcid_31056,scene_harness_not_covered
BCNSAW|Point|Simplified|1005|31057,BCNSAW,partial,ordinary_s57,harness_only_partial,109-s52-harness-and-standalone-proof,BCNSAW13,only remaining degraded reason is missing repository-owned harness/reference evidence,31057,1005,Point,Simplified,s52_point_bcnsaw_simplified_rcid_31057,scene_harness_not_covered
BCNSAW|Point|Simplified|1006|31058,BCNSAW,partial,ordinary_s57,harness_only_partial,109-s52-harness-and-standalone-proof,BCNSAW13,only remaining degraded reason is missing repository-owned harness/reference evidence,31058,1006,Point,Simplified,s52_point_bcnsaw_simplified_rcid_31058,scene_harness_not_covered
BCNSAW|Point|Simplified|1007|31059,BCNSAW,partial,ordinary_s57,harness_only_partial,109-s52-harness-and-standalone-proof,BCNSAW13,only remaining degraded reason is missing repository-owned harness/reference evidence,31059,1007,Point,Simplified,s52_point_bcnsaw_simplified_rcid_31059,scene_harness_not_covered
BCNSAW|Point|Simplified|1008|31060,BCNSAW,partial,ordinary_s57,harness_only_partial,109-s52-harness-and-standalone-proof,BCNSAW21,only remaining degraded reason is missing repository-owned harness/reference evidence,31060,1008,Point,Simplified,s52_point_bcnsaw_simplified_rcid_31060,scene_harness_not_covered
BCNSAW|Point|Simplified|1009|31061,BCNSAW,partial,ordinary_s57,harness_only_partial,109-s52-harness-and-standalone-proof,BCNSAW13,only remaining degraded reason is missing repository-owned harness/reference evidence,31061,1009,Point,Simplified,s52_point_bcnsaw_simplified_rcid_31061,scene_harness_not_covered
BCNSPP|Point|Paper|1782|30069,BCNSPP,partial,ordinary_s57,harness_only_partial,109-s52-harness-and-standalone-proof,BCNTOW87,only remaining degraded reason is missing repository-owned harness/reference evidence,30069,1782,Point,Paper,s52_point_bcnspp_paper_rcid_30069,scene_harness_not_covered
BCNSPP|Point|Paper|1783|30070,BCNSPP,partial,ordinary_s57,harness_only_partial,109-s52-harness-and-standalone-proof,BCNTOW85,only remaining degraded reason is missing repository-owned harness/reference evidence,30070,1783,Point,Paper,s52_point_bcnspp_paper_rcid_30070,scene_harness_not_covered
BCNSPP|Point|Paper|1784|30071,BCNSPP,partial,ordinary_s57,harness_only_partial,109-s52-harness-and-standalone-proof,BCNSTK61,only remaining degraded reason is missing repository-owned harness/reference evidence,30071,1784,Point,Paper,s52_point_bcnspp_paper_rcid_30071,scene_harness_not_covered
BCNSPP|Point|Paper|1785|30072,BCNSPP,partial,ordinary_s57,harness_only_partial,109-s52-harness-and-standalone-proof,BCNTOW65,only remaining degraded reason is missing repository-owned harness/reference evidence,30072,1785,Point,Paper,s52_point_bcnspp_paper_rcid_30072,scene_harness_not_covered
BCNSPP|Point|Paper|1786|30073,BCNSPP,partial,ordinary_s57,harness_only_partial,109-s52-harness-and-standalone-proof,BCNTOW86,only remaining degraded reason is missing repository-owned harness/reference evidence,30073,1786,Point,Paper,s52_point_bcnspp_paper_rcid_30073,scene_harness_not_covered
BCNSPP|Point|Paper|1787|30074,BCNSPP,partial,ordinary_s57,harness_only_partial,109-s52-harness-and-standalone-proof,BCNTOW88,only remaining degraded reason is missing repository-owned harness/reference evidence,30074,1787,Point,Paper,s52_point_bcnspp_paper_rcid_30074,scene_harness_not_covered
BCNSPP|Point|Paper|1788|30075,BCNSPP,partial,ordinary_s57,harness_only_partial,109-s52-harness-and-standalone-proof,NOTBRD12,only remaining degraded reason is missing repository-owned harness/reference evidence,30075,1788,Point,Paper,s52_point_bcnspp_paper_rcid_30075,scene_harness_not_covered
BCNSPP|Point|Paper|1789|30076,BCNSPP,partial,ordinary_s57,harness_only_partial,109-s52-harness-and-standalone-proof,BCNSTK05,only remaining degraded reason is missing repository-owned harness/reference evidence,30076,1789,Point,Paper,s52_point_bcnspp_paper_rcid_30076,scene_harness_not_covered
BCNSPP|Point|Paper|1790|30077,BCNSPP,partial,ordinary_s57,harness_only_partial,109-s52-harness-and-standalone-proof,BCNSTK60,only remaining degraded reason is missing repository-owned harness/reference evidence,30077,1790,Point,Paper,s52_point_bcnspp_paper_rcid_30077,scene_harness_not_covered
BCNSPP|Point|Paper|1791|30078,BCNSPP,partial,ordinary_s57,harness_only_partial,109-s52-harness-and-standalone-proof,BCNSTK61,only remaining degraded reason is missing repository-owned harness/reference evidence,30078,1791,Point,Paper,s52_point_bcnspp_paper_rcid_30078,scene_harness_not_covered
BCNSPP|Point|Paper|1792|30079,BCNSPP,partial,ordinary_s57,harness_only_partial,109-s52-harness-and-standalone-proof,BCNSTK08,only remaining degraded reason is missing repository-owned harness/reference evidence,30079,1792,Point,Paper,s52_point_bcnspp_paper_rcid_30079,scene_harness_not_covered
BCNSPP|Point|Paper|1793|30080,BCNSPP,partial,ordinary_s57,harness_only_partial,109-s52-harness-and-standalone-proof,BCNTOW05,only remaining degraded reason is missing repository-owned harness/reference evidence,30080,1793,Point,Paper,s52_point_bcnspp_paper_rcid_30080,scene_harness_not_covered
BCNSPP|Point|Paper|1797|30081,BCNSPP,partial,ordinary_s57,harness_only_partial,109-s52-harness-and-standalone-proof,BCNTOW91,only remaining degraded reason is missing repository-owned harness/reference evidence,30081,1797,Point,Paper,s52_point_bcnspp_paper_rcid_30081,scene_harness_not_covered
BCNSPP|Point|Paper|1798|30082,BCNSPP,partial,ordinary_s57,harness_only_partial,109-s52-harness-and-standalone-proof,BCNTOW89,only remaining degraded reason is missing repository-owned harness/reference evidence,30082,1798,Point,Paper,s52_point_bcnspp_paper_rcid_30082,scene_harness_not_covered
BCNSPP|Point|Paper|1800|30083,BCNSPP,partial,ordinary_s57,harness_only_partial,109-s52-harness-and-standalone-proof,BCNTOW90,only remaining degraded reason is missing repository-owned harness/reference evidence,30083,1800,Point,Paper,s52_point_bcnspp_paper_rcid_30083,scene_harness_not_covered
BCNSPP|Point|Paper|1801|30084,BCNSPP,partial,ordinary_s57,harness_only_partial,109-s52-harness-and-standalone-proof,BCNSTK05,only remaining degraded reason is missing repository-owned harness/reference evidence,30084,1801,Point,Paper,s52_point_bcnspp_paper_rcid_30084,scene_harness_not_covered
BCNSPP|Point|Paper|1803|30085,BCNSPP,partial,ordinary_s57,harness_only_partial,109-s52-harness-and-standalone-proof,CAIRNS11,only remaining degraded reason is missing repository-owned harness/reference evidence,30085,1803,Point,Paper,s52_point_bcnspp_paper_rcid_30085,scene_harness_not_covered
BCNSPP|Point|Paper|1804|30086,BCNSPP,partial,ordinary_s57,harness_only_partial,109-s52-harness-and-standalone-proof,BCNSTK62,only remaining degraded reason is missing repository-owned harness/reference evidence,30086,1804,Point,Paper,s52_point_bcnspp_paper_rcid_30086,scene_harness_not_covered
BCNSPP|Point|Paper|1805|30087,BCNSPP,partial,ordinary_s57,harness_only_partial,109-s52-harness-and-standalone-proof,BCNSTK79,only remaining degraded reason is missing repository-owned harness/reference evidence,30087,1805,Point,Paper,s52_point_bcnspp_paper_rcid_30087,scene_harness_not_covered
BCNSPP|Point|Paper|1806|30088,BCNSPP,partial,ordinary_s57,harness_only_partial,109-s52-harness-and-standalone-proof,BCNSTK80,only remaining degraded reason is missing repository-owned harness/reference evidence,30088,1806,Point,Paper,s52_point_bcnspp_paper_rcid_30088,scene_harness_not_covered
BCNSPP|Point|Paper|1807|30089,BCNSPP,partial,ordinary_s57,harness_only_partial,109-s52-harness-and-standalone-proof,BCNSTK78,only remaining degraded reason is missing repository-owned harness/reference evidence,30089,1807,Point,Paper,s52_point_bcnspp_paper_rcid_30089,scene_harness_not_covered
BCNSPP|Point|Paper|1808|30090,BCNSPP,partial,ordinary_s57,harness_only_partial,109-s52-harness-and-standalone-proof,BCNSTK81,only remaining degraded reason is missing repository-owned harness/reference evidence,30090,1808,Point,Paper,s52_point_bcnspp_paper_rcid_30090,scene_harness_not_covered
BCNSPP|Point|Paper|1809|30091,BCNSPP,partial,ordinary_s57,harness_only_partial,109-s52-harness-and-standalone-proof,NOTBRD11,only remaining degraded reason is missing repository-owned harness/reference evidence,30091,1809,Point,Paper,s52_point_bcnspp_paper_rcid_30091,scene_harness_not_covered
BCNSPP|Point|Paper|1810|30092,BCNSPP,partial,ordinary_s57,harness_only_partial,109-s52-harness-and-standalone-proof,BCNGEN01,only remaining degraded reason is missing repository-owned harness/reference evidence,30092,1810,Point,Paper,s52_point_bcnspp_paper_rcid_30092,scene_harness_not_covered
BCNSPP|Point|Paper|1811|30093,BCNSPP,partial,ordinary_s57,harness_only_partial,109-s52-harness-and-standalone-proof,BCNGEN79,only remaining degraded reason is missing repository-owned harness/reference evidence,30093,1811,Point,Paper,s52_point_bcnspp_paper_rcid_30093,scene_harness_not_covered
BCNSPP|Point|Paper|1812|30094,BCNSPP,partial,ordinary_s57,harness_only_partial,109-s52-harness-and-standalone-proof,BCNSTK02,only remaining degraded reason is missing repository-owned harness/reference evidence,30094,1812,Point,Paper,s52_point_bcnspp_paper_rcid_30094,scene_harness_not_covered
BCNSPP|Point|Paper|1813|30095,BCNSPP,partial,ordinary_s57,harness_only_partial,109-s52-harness-and-standalone-proof,BCNTOW01,only remaining degraded reason is missing repository-owned harness/reference evidence,30095,1813,Point,Paper,s52_point_bcnspp_paper_rcid_30095,scene_harness_not_covered
BCNSPP|Point|Paper|1814|30096,BCNSPP,partial,ordinary_s57,harness_only_partial,109-s52-harness-and-standalone-proof,BCNLTC01,only remaining degraded reason is missing repository-owned harness/reference evidence,30096,1814,Point,Paper,s52_point_bcnspp_paper_rcid_30096,scene_harness_not_covered
BCNSPP|Point|Paper|1815|30097,BCNSPP,partial,ordinary_s57,harness_only_partial,109-s52-harness-and-standalone-proof,BCNGEN01,only remaining degraded reason is missing repository-owned harness/reference evidence,30097,1815,Point,Paper,s52_point_bcnspp_paper_rcid_30097,scene_harness_not_covered
BCNSPP|Point|Paper|1816|30098,BCNSPP,partial,ordinary_s57,harness_only_partial,109-s52-harness-and-standalone-proof,CAIRNS01,only remaining degraded reason is missing repository-owned harness/reference evidence,30098,1816,Point,Paper,s52_point_bcnspp_paper_rcid_30098,scene_harness_not_covered
BCNSPP|Point|Paper|1817|30099,BCNSPP,partial,ordinary_s57,harness_only_partial,109-s52-harness-and-standalone-proof,BCNGEN01,only remaining degraded reason is missing repository-owned harness/reference evidence,30099,1817,Point,Paper,s52_point_bcnspp_paper_rcid_30099,scene_harness_not_covered
BCNSPP|Point|Paper|1818|30100,BCNSPP,partial,ordinary_s57,harness_only_partial,109-s52-harness-and-standalone-proof,BCNGEN05,only remaining degraded reason is missing repository-owned harness/reference evidence,30100,1818,Point,Paper,s52_point_bcnspp_paper_rcid_30100,scene_harness_not_covered
BCNSPP|Point|Paper|1819|30101,BCNSPP,partial,ordinary_s57,harness_only_partial,109-s52-harness-and-standalone-proof,BCNGEN80,only remaining degraded reason is missing repository-owned harness/reference evidence,30101,1819,Point,Paper,s52_point_bcnspp_paper_rcid_30101,scene_harness_not_covered
BCNSPP|Point|Paper|1820|30102,BCNSPP,partial,ordinary_s57,harness_only_partial,109-s52-harness-and-standalone-proof,BCNGEN60,only remaining degraded reason is missing repository-owned harness/reference evidence,30102,1820,Point,Paper,s52_point_bcnspp_paper_rcid_30102,scene_harness_not_covered
BCNSPP|Point|Paper|1821|30103,BCNSPP,partial,ordinary_s57,harness_only_partial,109-s52-harness-and-standalone-proof,BCNGEN61,only remaining degraded reason is missing repository-owned harness/reference evidence,30103,1821,Point,Paper,s52_point_bcnspp_paper_rcid_30103,scene_harness_not_covered
BCNSPP|Point|Paper|1822|30104,BCNSPP,partial,ordinary_s57,harness_only_partial,109-s52-harness-and-standalone-proof,BCNSPR62,only remaining degraded reason is missing repository-owned harness/reference evidence,30104,1822,Point,Paper,s52_point_bcnspp_paper_rcid_30104,scene_harness_not_covered
BCNSPP|Point|Paper|1781|93806,BCNSPP,partial,ordinary_s57,supplemental_upstream_candidate,106-s52-upstream-supplemental-opencpn-assets,BCNCON81,missing asset is not defined in the pinned snapshot and is a task-106 supplemental-upstream candidate,93806,1781,Point,Paper,s52_point_bcnspp_paper_rcid_93806,compiler_missing_point_asset:BCNCON81;scene_harness_not_covered
BCNSPP|Point|Paper|1795|93948,BCNSPP,partial,ordinary_s57,harness_only_partial,109-s52-harness-and-standalone-proof,BCNTOW61,only remaining degraded reason is missing repository-owned harness/reference evidence,93948,1795,Point,Paper,s52_point_bcnspp_paper_rcid_93948,scene_harness_not_covered
BCNSPP|Point|Paper|1799|93949,BCNSPP,partial,ordinary_s57,harness_only_partial,109-s52-harness-and-standalone-proof,BCNTOW60,only remaining degraded reason is missing repository-owned harness/reference evidence,93949,1799,Point,Paper,s52_point_bcnspp_paper_rcid_93949,scene_harness_not_covered
BCNSPP|Point|Paper|1794|93977,BCNSPP,partial,ordinary_s57,harness_only_partial,109-s52-harness-and-standalone-proof,BCNTOW89,only remaining degraded reason is missing repository-owned harness/reference evidence,93977,1794,Point,Paper,s52_point_bcnspp_paper_rcid_93977,scene_harness_not_covered
BCNSPP|Point|Paper|1796|93979,BCNSPP,partial,ordinary_s57,harness_only_partial,109-s52-harness-and-standalone-proof,BCNTOW62,only remaining degraded reason is missing repository-owned harness/reference evidence,93979,1796,Point,Paper,s52_point_bcnspp_paper_rcid_93979,scene_harness_not_covered
BCNSPP|Point|Paper|1802|94017,BCNSPP,partial,ordinary_s57,harness_only_partial,109-s52-harness-and-standalone-proof,BCNSTK08,only remaining degraded reason is missing repository-owned harness/reference evidence,94017,1802,Point,Paper,s52_point_bcnspp_paper_rcid_94017,scene_harness_not_covered
BCNSPP|Point|Simplified|1010|31062,BCNSPP,partial,ordinary_s57,harness_only_partial,109-s52-harness-and-standalone-proof,CAIRNS11,only remaining degraded reason is missing repository-owned harness/reference evidence,31062,1010,Point,Simplified,s52_point_bcnspp_simplified_rcid_31062,scene_harness_not_covered
BCNSPP|Point|Simplified|1011|31063,BCNSPP,partial,ordinary_s57,harness_only_partial,109-s52-harness-and-standalone-proof,NOTBRD11,only remaining degraded reason is missing repository-owned harness/reference evidence,31063,1011,Point,Simplified,s52_point_bcnspp_simplified_rcid_31063,scene_harness_not_covered
BCNSPP|Point|Simplified|1012|31064,BCNSPP,partial,ordinary_s57,harness_only_partial,109-s52-harness-and-standalone-proof,BCNSPP13,only remaining degraded reason is missing repository-owned harness/reference evidence,31064,1012,Point,Simplified,s52_point_bcnspp_simplified_rcid_31064,scene_harness_not_covered
BCNSPP|Point|Simplified|1013|31065,BCNSPP,partial,ordinary_s57,harness_only_partial,109-s52-harness-and-standalone-proof,BCNDEF13,only remaining degraded reason is missing repository-owned harness/reference evidence,31065,1013,Point,Simplified,s52_point_bcnspp_simplified_rcid_31065,scene_harness_not_covered
BCNSPP|Point|Simplified|1014|31066,BCNSPP,partial,ordinary_s57,harness_only_partial,109-s52-harness-and-standalone-proof,BCNSPP21,only remaining degraded reason is missing repository-owned harness/reference evidence,31066,1014,Point,Simplified,s52_point_bcnspp_simplified_rcid_31066,scene_harness_not_covered
BCNSPP|Point|Simplified|1015|31067,BCNSPP,partial,ordinary_s57,harness_only_partial,109-s52-harness-and-standalone-proof,BCNSPP13,only remaining degraded reason is missing repository-owned harness/reference evidence,31067,1015,Point,Simplified,s52_point_bcnspp_simplified_rcid_31067,scene_harness_not_covered
BCNSPP|Point|Simplified|1016|31068,BCNSPP,partial,ordinary_s57,harness_only_partial,109-s52-harness-and-standalone-proof,BCNSPP13,only remaining degraded reason is missing repository-owned harness/reference evidence,31068,1016,Point,Simplified,s52_point_bcnspp_simplified_rcid_31068,scene_harness_not_covered
BCNSPP|Point|Simplified|1017|31069,BCNSPP,partial,ordinary_s57,harness_only_partial,109-s52-harness-and-standalone-proof,BCNSPP13,only remaining degraded reason is missing repository-owned harness/reference evidence,31069,1017,Point,Simplified,s52_point_bcnspp_simplified_rcid_31069,scene_harness_not_covered
BCNSPP|Point|Simplified|1018|31070,BCNSPP,partial,ordinary_s57,harness_only_partial,109-s52-harness-and-standalone-proof,CAIRNS01,only remaining degraded reason is missing repository-owned harness/reference evidence,31070,1018,Point,Simplified,s52_point_bcnspp_simplified_rcid_31070,scene_harness_not_covered
BCNSPP|Point|Simplified|1019|31071,BCNSPP,partial,ordinary_s57,harness_only_partial,109-s52-harness-and-standalone-proof,BCNSPP21,only remaining degraded reason is missing repository-owned harness/reference evidence,31071,1019,Point,Simplified,s52_point_bcnspp_simplified_rcid_31071,scene_harness_not_covered
BCNSPP|Point|Simplified|1020|31072,BCNSPP,partial,ordinary_s57,harness_only_partial,109-s52-harness-and-standalone-proof,BCNSPP21,only remaining degraded reason is missing repository-owned harness/reference evidence,31072,1020,Point,Simplified,s52_point_bcnspp_simplified_rcid_31072,scene_harness_not_covered
BERTHS|Area|Plain|8|32044,BERTHS,partial,ordinary_s57,harness_only_partial,109-s52-harness-and-standalone-proof,BRTHNO01,only remaining degraded reason is missing repository-owned harness/reference evidence,32044,8,Area,Plain,s52_area_berths_plain_rcid_32044,scene_harness_not_covered
BERTHS|Area|Symbolized|348|32383,BERTHS,partial,ordinary_s57,harness_only_partial,109-s52-harness-and-standalone-proof,BRTHNO01,only remaining degraded reason is missing repository-owned harness/reference evidence,32383,348,Area,Symbolized,s52_area_berths_symbolized_rcid_32383,scene_harness_not_covered
BERTHS|Line|Lines|689|31765,BERTHS,partial,ordinary_s57,harness_only_partial,109-s52-harness-and-standalone-proof,BRTHNO01,only remaining degraded reason is missing repository-owned harness/reference evidence,31765,689,Line,Lines,s52_line_berths_lines_rcid_31765,scene_harness_not_covered
BERTHS|Point|Paper|1824|30106,BERTHS,partial,ordinary_s57,harness_only_partial,109-s52-harness-and-standalone-proof,BRTHNO01,only remaining degraded reason is missing repository-owned harness/reference evidence,30106,1824,Point,Paper,s52_point_berths_paper_rcid_30106,scene_harness_not_covered
BERTHS|Point|Simplified|1021|31073,BERTHS,partial,ordinary_s57,harness_only_partial,109-s52-harness-and-standalone-proof,BRTHNO01,only remaining degraded reason is missing repository-owned harness/reference evidence,31073,1021,Point,Simplified,s52_point_berths_simplified_rcid_31073,scene_harness_not_covered
BOYCAR|Point|Paper|1825|30107,BOYCAR,partial,ordinary_s57,harness_only_partial,109-s52-harness-and-standalone-proof,BOYCON71,only remaining degraded reason is missing repository-owned harness/reference evidence,30107,1825,Point,Paper,s52_point_boycar_paper_rcid_30107,scene_harness_not_covered
BOYCAR|Point|Paper|1826|30108,BOYCAR,partial,ordinary_s57,harness_only_partial,109-s52-harness-and-standalone-proof,BOYCON72,only remaining degraded reason is missing repository-owned harness/reference evidence,30108,1826,Point,Paper,s52_point_boycar_paper_rcid_30108,scene_harness_not_covered
BOYCAR|Point|Paper|1827|30109,BOYCAR,partial,ordinary_s57,harness_only_partial,109-s52-harness-and-standalone-proof,BOYCAN70,only remaining degraded reason is missing repository-owned harness/reference evidence,30109,1827,Point,Paper,s52_point_boycar_paper_rcid_30109,scene_harness_not_covered
BOYCAR|Point|Paper|1828|30110,BOYCAR,partial,ordinary_s57,harness_only_partial,109-s52-harness-and-standalone-proof,BOYCAN71,only remaining degraded reason is missing repository-owned harness/reference evidence,30110,1828,Point,Paper,s52_point_boycar_paper_rcid_30110,scene_harness_not_covered
BOYCAR|Point|Paper|1829|30111,BOYCAR,partial,ordinary_s57,harness_only_partial,109-s52-harness-and-standalone-proof,BOYSPH70,only remaining degraded reason is missing repository-owned harness/reference evidence,30111,1829,Point,Paper,s52_point_boycar_paper_rcid_30111,scene_harness_not_covered
BOYCAR|Point|Paper|1830|30112,BOYCAR,partial,ordinary_s57,harness_only_partial,109-s52-harness-and-standalone-proof,BOYSPH71,only remaining degraded reason is missing repository-owned harness/reference evidence,30112,1830,Point,Paper,s52_point_boycar_paper_rcid_30112,scene_harness_not_covered
BOYCAR|Point|Paper|1831|30113,BOYCAR,partial,ordinary_s57,harness_only_partial,109-s52-harness-and-standalone-proof,BOYPIL70,only remaining degraded reason is missing repository-owned harness/reference evidence,30113,1831,Point,Paper,s52_point_boycar_paper_rcid_30113,scene_harness_not_covered
BOYCAR|Point|Paper|1832|30114,BOYCAR,partial,ordinary_s57,harness_only_partial,109-s52-harness-and-standalone-proof,BOYPIL71,only remaining degraded reason is missing repository-owned harness/reference evidence,30114,1832,Point,Paper,s52_point_boycar_paper_rcid_30114,scene_harness_not_covered
BOYCAR|Point|Paper|1833|30115,BOYCAR,partial,ordinary_s57,harness_only_partial,109-s52-harness-and-standalone-proof,BOYSPR70,only remaining degraded reason is missing repository-owned harness/reference evidence,30115,1833,Point,Paper,s52_point_boycar_paper_rcid_30115,scene_harness_not_covered
BOYCAR|Point|Paper|1834|30116,BOYCAR,partial,ordinary_s57,harness_only_partial,109-s52-harness-and-standalone-proof,BOYSPR71,only remaining degraded reason is missing repository-owned harness/reference evidence,30116,1834,Point,Paper,s52_point_boycar_paper_rcid_30116,scene_harness_not_covered
BOYCAR|Point|Paper|1835|30117,BOYCAR,partial,ordinary_s57,harness_only_partial,109-s52-harness-and-standalone-proof,BOYCON69,only remaining degraded reason is missing repository-owned harness/reference evidence,30117,1835,Point,Paper,s52_point_boycar_paper_rcid_30117,scene_harness_not_covered
BOYCAR|Point|Paper|1836|30118,BOYCAR,partial,ordinary_s57,harness_only_partial,109-s52-harness-and-standalone-proof,BOYCON70,only remaining degraded reason is missing repository-owned harness/reference evidence,30118,1836,Point,Paper,s52_point_boycar_paper_rcid_30118,scene_harness_not_covered
BOYCAR|Point|Paper|1837|30119,BOYCAR,partial,ordinary_s57,harness_only_partial,109-s52-harness-and-standalone-proof,BOYCAN68,only remaining degraded reason is missing repository-owned harness/reference evidence,30119,1837,Point,Paper,s52_point_boycar_paper_rcid_30119,scene_harness_not_covered
BOYCAR|Point|Paper|1838|30120,BOYCAR,partial,ordinary_s57,harness_only_partial,109-s52-harness-and-standalone-proof,BOYCAN69,only remaining degraded reason is missing repository-owned harness/reference evidence,30120,1838,Point,Paper,s52_point_boycar_paper_rcid_30120,scene_harness_not_covered
BOYCAR|Point|Paper|1839|30121,BOYCAR,partial,ordinary_s57,harness_only_partial,109-s52-harness-and-standalone-proof,BOYSPH68,only remaining degraded reason is missing repository-owned harness/reference evidence,30121,1839,Point,Paper,s52_point_boycar_paper_rcid_30121,scene_harness_not_covered
BOYCAR|Point|Paper|1840|30122,BOYCAR,partial,ordinary_s57,harness_only_partial,109-s52-harness-and-standalone-proof,BOYSPH69,only remaining degraded reason is missing repository-owned harness/reference evidence,30122,1840,Point,Paper,s52_point_boycar_paper_rcid_30122,scene_harness_not_covered
BOYCAR|Point|Paper|1841|30123,BOYCAR,partial,ordinary_s57,harness_only_partial,109-s52-harness-and-standalone-proof,BOYPIL68,only remaining degraded reason is missing repository-owned harness/reference evidence,30123,1841,Point,Paper,s52_point_boycar_paper_rcid_30123,scene_harness_not_covered
BOYCAR|Point|Paper|1842|30124,BOYCAR,partial,ordinary_s57,harness_only_partial,109-s52-harness-and-standalone-proof,BOYPIL69,only remaining degraded reason is missing repository-owned harness/reference evidence,30124,1842,Point,Paper,s52_point_boycar_paper_rcid_30124,scene_harness_not_covered
BOYCAR|Point|Paper|1843|30125,BOYCAR,partial,ordinary_s57,harness_only_partial,109-s52-harness-and-standalone-proof,BOYSPR68,only remaining degraded reason is missing repository-owned harness/reference evidence,30125,1843,Point,Paper,s52_point_boycar_paper_rcid_30125,scene_harness_not_covered
BOYCAR|Point|Paper|1844|30126,BOYCAR,partial,ordinary_s57,harness_only_partial,109-s52-harness-and-standalone-proof,BOYSPR69,only remaining degraded reason is missing repository-owned harness/reference evidence,30126,1844,Point,Paper,s52_point_boycar_paper_rcid_30126,scene_harness_not_covered
BOYCAR|Point|Paper|1845|30127,BOYCAR,partial,ordinary_s57,harness_only_partial,109-s52-harness-and-standalone-proof,BOYPIL68,only remaining degraded reason is missing repository-owned harness/reference evidence,30127,1845,Point,Paper,s52_point_boycar_paper_rcid_30127,scene_harness_not_covered
BOYCAR|Point|Paper|1846|30128,BOYCAR,partial,ordinary_s57,harness_only_partial,109-s52-harness-and-standalone-proof,BOYPIL70,only remaining degraded reason is missing repository-owned harness/reference evidence,30128,1846,Point,Paper,s52_point_boycar_paper_rcid_30128,scene_harness_not_covered
BOYCAR|Point|Paper|1847|30129,BOYCAR,partial,ordinary_s57,harness_only_partial,109-s52-harness-and-standalone-proof,BOYPIL69,only remaining degraded reason is missing repository-owned harness/reference evidence,30129,1847,Point,Paper,s52_point_boycar_paper_rcid_30129,scene_harness_not_covered
BOYCAR|Point|Paper|1848|30130,BOYCAR,partial,ordinary_s57,harness_only_partial,109-s52-harness-and-standalone-proof,BOYPIL71,only remaining degraded reason is missing repository-owned harness/reference evidence,30130,1848,Point,Paper,s52_point_boycar_paper_rcid_30130,scene_harness_not_covered
BOYCAR|Point|Paper|1849|30131,BOYCAR,partial,ordinary_s57,harness_only_partial,109-s52-harness-and-standalone-proof,BOYSPR68,only remaining degraded reason is missing repository-owned harness/reference evidence,30131,1849,Point,Paper,s52_point_boycar_paper_rcid_30131,scene_harness_not_covered
BOYCAR|Point|Paper|1850|30132,BOYCAR,partial,ordinary_s57,harness_only_partial,109-s52-harness-and-standalone-proof,BOYSPR70,only remaining degraded reason is missing repository-owned harness/reference evidence,30132,1850,Point,Paper,s52_point_boycar_paper_rcid_30132,scene_harness_not_covered
BOYCAR|Point|Paper|1851|30133,BOYCAR,partial,ordinary_s57,harness_only_partial,109-s52-harness-and-standalone-proof,BOYSPR69,only remaining degraded reason is missing repository-owned harness/reference evidence,30133,1851,Point,Paper,s52_point_boycar_paper_rcid_30133,scene_harness_not_covered
BOYCAR|Point|Paper|1852|30134,BOYCAR,partial,ordinary_s57,harness_only_partial,109-s52-harness-and-standalone-proof,BOYSPR71,only remaining degraded reason is missing repository-owned harness/reference evidence,30134,1852,Point,Paper,s52_point_boycar_paper_rcid_30134,scene_harness_not_covered
BOYCAR|Point|Paper|1853|30135,BOYCAR,partial,ordinary_s57,harness_only_partial,109-s52-harness-and-standalone-proof,BOYCON01,only remaining degraded reason is missing repository-owned harness/reference evidence,30135,1853,Point,Paper,s52_point_boycar_paper_rcid_30135,scene_harness_not_covered
BOYCAR|Point|Paper|1854|30136,BOYCAR,partial,ordinary_s57,harness_only_partial,109-s52-harness-and-standalone-proof,BOYCAN01,only remaining degraded reason is missing repository-owned harness/reference evidence,30136,1854,Point,Paper,s52_point_boycar_paper_rcid_30136,scene_harness_not_covered
BOYCAR|Point|Paper|1855|30137,BOYCAR,partial,ordinary_s57,harness_only_partial,109-s52-harness-and-standalone-proof,BOYSPH01,only remaining degraded reason is missing repository-owned harness/reference evidence,30137,1855,Point,Paper,s52_point_boycar_paper_rcid_30137,scene_harness_not_covered
BOYCAR|Point|Paper|1856|30138,BOYCAR,partial,ordinary_s57,harness_only_partial,109-s52-harness-and-standalone-proof,BOYPIL01,only remaining degraded reason is missing repository-owned harness/reference evidence,30138,1856,Point,Paper,s52_point_boycar_paper_rcid_30138,scene_harness_not_covered
BOYCAR|Point|Paper|1857|30139,BOYCAR,partial,ordinary_s57,harness_only_partial,109-s52-harness-and-standalone-proof,BOYSPR01,only remaining degraded reason is missing repository-owned harness/reference evidence,30139,1857,Point,Paper,s52_point_boycar_paper_rcid_30139,scene_harness_not_covered
BOYCAR|Point|Paper|1858|30140,BOYCAR,partial,ordinary_s57,harness_only_partial,109-s52-harness-and-standalone-proof,BOYBAR01,only remaining degraded reason is missing repository-owned harness/reference evidence,30140,1858,Point,Paper,s52_point_boycar_paper_rcid_30140,scene_harness_not_covered
BOYCAR|Point|Paper|1859|30141,BOYCAR,partial,ordinary_s57,harness_only_partial,109-s52-harness-and-standalone-proof,BOYSUP01,only remaining degraded reason is missing repository-owned harness/reference evidence,30141,1859,Point,Paper,s52_point_boycar_paper_rcid_30141,scene_harness_not_covered
BOYCAR|Point|Paper|1860|30142,BOYCAR,partial,ordinary_s57,harness_only_partial,109-s52-harness-and-standalone-proof,BOYSPR01,only remaining degraded reason is missing repository-owned harness/reference evidence,30142,1860,Point,Paper,s52_point_boycar_paper_rcid_30142,scene_harness_not_covered
BOYCAR|Point|Paper|1861|30143,BOYCAR,partial,ordinary_s57,harness_only_partial,109-s52-harness-and-standalone-proof,BOYGEN03,only remaining degraded reason is missing repository-owned harness/reference evidence,30143,1861,Point,Paper,s52_point_boycar_paper_rcid_30143,scene_harness_not_covered
BOYCAR|Point|Simplified|1022|31074,BOYCAR,partial,ordinary_s57,harness_only_partial,109-s52-harness-and-standalone-proof,BOYCAR01,only remaining degraded reason is missing repository-owned harness/reference evidence,31074,1022,Point,Simplified,s52_point_boycar_simplified_rcid_31074,scene_harness_not_covered
BOYCAR|Point|Simplified|1023|31075,BOYCAR,partial,ordinary_s57,harness_only_partial,109-s52-harness-and-standalone-proof,BOYCAR02,only remaining degraded reason is missing repository-owned harness/reference evidence,31075,1023,Point,Simplified,s52_point_boycar_simplified_rcid_31075,scene_harness_not_covered
BOYCAR|Point|Simplified|1024|31076,BOYCAR,partial,ordinary_s57,harness_only_partial,109-s52-harness-and-standalone-proof,BOYCAR03,only remaining degraded reason is missing repository-owned harness/reference evidence,31076,1024,Point,Simplified,s52_point_boycar_simplified_rcid_31076,scene_harness_not_covered
BOYCAR|Point|Simplified|1025|31077,BOYCAR,partial,ordinary_s57,harness_only_partial,109-s52-harness-and-standalone-proof,BOYCAR04,only remaining degraded reason is missing repository-owned harness/reference evidence,31077,1025,Point,Simplified,s52_point_boycar_simplified_rcid_31077,scene_harness_not_covered
BOYCAR|Point|Simplified|1026|31078,BOYCAR,partial,ordinary_s57,harness_only_partial,109-s52-harness-and-standalone-proof,BOYDEF03,only remaining degraded reason is missing repository-owned harness/reference evidence,31078,1026,Point,Simplified,s52_point_boycar_simplified_rcid_31078,scene_harness_not_covered
BOYINB|Point|Paper|1862|30144,BOYINB,partial,ordinary_s57,harness_only_partial,109-s52-harness-and-standalone-proof,BOYBAR62,only remaining degraded reason is missing repository-owned harness/reference evidence,30144,1862,Point,Paper,s52_point_boyinb_paper_rcid_30144,scene_harness_not_covered
BOYINB|Point|Paper|1863|30145,BOYINB,partial,ordinary_s57,harness_only_partial,109-s52-harness-and-standalone-proof,BOYSUP62,only remaining degraded reason is missing repository-owned harness/reference evidence,30145,1863,Point,Paper,s52_point_boyinb_paper_rcid_30145,scene_harness_not_covered
BOYINB|Point|Paper|1864|30146,BOYINB,partial,ordinary_s57,harness_only_partial,109-s52-harness-and-standalone-proof,BOYINB01,only remaining degraded reason is missing repository-owned harness/reference evidence,30146,1864,Point,Paper,s52_point_boyinb_paper_rcid_30146,scene_harness_not_covered
BOYINB|Point|Simplified|1027|31079,BOYINB,partial,ordinary_s57,harness_only_partial,109-s52-harness-and-standalone-proof,BOYMOR11,only remaining degraded reason is missing repository-owned harness/reference evidence,31079,1027,Point,Simplified,s52_point_boyinb_simplified_rcid_31079,scene_harness_not_covered
BOYISD|Point|Paper|1866|30147,BOYISD,partial,ordinary_s57,harness_only_partial,109-s52-harness-and-standalone-proof,BOYCON63,only remaining degraded reason is missing repository-owned harness/reference evidence,30147,1866,Point,Paper,s52_point_boyisd_paper_rcid_30147,scene_harness_not_covered
BOYISD|Point|Paper|1867|30148,BOYISD,partial,ordinary_s57,harness_only_partial,109-s52-harness-and-standalone-proof,BOYCAN76,only remaining degraded reason is missing repository-owned harness/reference evidence,30148,1867,Point,Paper,s52_point_boyisd_paper_rcid_30148,scene_harness_not_covered
BOYISD|Point|Paper|1868|30149,BOYISD,partial,ordinary_s57,harness_only_partial,109-s52-harness-and-standalone-proof,BOYPIL72,only remaining degraded reason is missing repository-owned harness/reference evidence,30149,1868,Point,Paper,s52_point_boyisd_paper_rcid_30149,scene_harness_not_covered
BOYISD|Point|Paper|1869|30150,BOYISD,partial,ordinary_s57,harness_only_partial,109-s52-harness-and-standalone-proof,BOYSPR72,only remaining degraded reason is missing repository-owned harness/reference evidence,30150,1869,Point,Paper,s52_point_boyisd_paper_rcid_30150,scene_harness_not_covered
BOYISD|Point|Paper|1870|30151,BOYISD,partial,ordinary_s57,harness_only_partial,109-s52-harness-and-standalone-proof,BOYPIL72,only remaining degraded reason is missing repository-owned harness/reference evidence,30151,1870,Point,Paper,s52_point_boyisd_paper_rcid_30151,scene_harness_not_covered
BOYISD|Point|Paper|1871|30152,BOYISD,partial,ordinary_s57,harness_only_partial,109-s52-harness-and-standalone-proof,BOYCON01,only remaining degraded reason is missing repository-owned harness/reference evidence,30152,1871,Point,Paper,s52_point_boyisd_paper_rcid_30152,scene_harness_not_covered
BOYISD|Point|Paper|1872|30153,BOYISD,partial,ordinary_s57,harness_only_partial,109-s52-harness-and-standalone-proof,BOYCAN01,only remaining degraded reason is missing repository-owned harness/reference evidence,30153,1872,Point,Paper,s52_point_boyisd_paper_rcid_30153,scene_harness_not_covered
BOYISD|Point|Paper|1873|30154,BOYISD,partial,ordinary_s57,harness_only_partial,109-s52-harness-and-standalone-proof,BOYSPH01,only remaining degraded reason is missing repository-owned harness/reference evidence,30154,1873,Point,Paper,s52_point_boyisd_paper_rcid_30154,scene_harness_not_covered
BOYISD|Point|Paper|1874|30155,BOYISD,partial,ordinary_s57,harness_only_partial,109-s52-harness-and-standalone-proof,BOYPIL01,only remaining degraded reason is missing repository-owned harness/reference evidence,30155,1874,Point,Paper,s52_point_boyisd_paper_rcid_30155,scene_harness_not_covered
BOYISD|Point|Paper|1875|30156,BOYISD,partial,ordinary_s57,harness_only_partial,109-s52-harness-and-standalone-proof,BOYSPR01,only remaining degraded reason is missing repository-owned harness/reference evidence,30156,1875,Point,Paper,s52_point_boyisd_paper_rcid_30156,scene_harness_not_covered
BOYISD|Point|Paper|1876|30157,BOYISD,partial,ordinary_s57,harness_only_partial,109-s52-harness-and-standalone-proof,BOYBAR01,only remaining degraded reason is missing repository-owned harness/reference evidence,30157,1876,Point,Paper,s52_point_boyisd_paper_rcid_30157,scene_harness_not_covered
BOYISD|Point|Paper|1877|30158,BOYISD,partial,ordinary_s57,harness_only_partial,109-s52-harness-and-standalone-proof,BOYSUP01,only remaining degraded reason is missing repository-owned harness/reference evidence,30158,1877,Point,Paper,s52_point_boyisd_paper_rcid_30158,scene_harness_not_covered
BOYISD|Point|Paper|1878|30159,BOYISD,partial,ordinary_s57,harness_only_partial,109-s52-harness-and-standalone-proof,BOYSPR01,only remaining degraded reason is missing repository-owned harness/reference evidence,30159,1878,Point,Paper,s52_point_boyisd_paper_rcid_30159,scene_harness_not_covered
BOYISD|Point|Paper|1879|30160,BOYISD,partial,ordinary_s57,harness_only_partial,109-s52-harness-and-standalone-proof,BOYGEN03,only remaining degraded reason is missing repository-owned harness/reference evidence,30160,1879,Point,Paper,s52_point_boyisd_paper_rcid_30160,scene_harness_not_covered
BOYISD|Point|Paper|1865|93803,BOYISD,partial,ordinary_s57,harness_only_partial,109-s52-harness-and-standalone-proof,BOYCON77,only remaining degraded reason is missing repository-owned harness/reference evidence,93803,1865,Point,Paper,s52_point_boyisd_paper_rcid_93803,scene_harness_not_covered
BOYISD|Point|Simplified|1028|31080,BOYISD,partial,ordinary_s57,harness_only_partial,109-s52-harness-and-standalone-proof,BOYISD12,only remaining degraded reason is missing repository-owned harness/reference evidence,31080,1028,Point,Simplified,s52_point_boyisd_simplified_rcid_31080,scene_harness_not_covered
BOYLAT|Point|Paper|1882|30161,BOYLAT,partial,ordinary_s57,harness_only_partial,109-s52-harness-and-standalone-proof,BOYCON66,only remaining degraded reason is missing repository-owned harness/reference evidence,30161,1882,Point,Paper,s52_point_boylat_paper_rcid_30161,scene_harness_not_covered
BOYLAT|Point|Paper|1883|30162,BOYLAT,partial,ordinary_s57,harness_only_partial,109-s52-harness-and-standalone-proof,BOYCAN73,only remaining degraded reason is missing repository-owned harness/reference evidence,30162,1883,Point,Paper,s52_point_boylat_paper_rcid_30162,scene_harness_not_covered
BOYLAT|Point|Paper|1884|30163,BOYLAT,partial,ordinary_s57,harness_only_partial,109-s52-harness-and-standalone-proof,BOYPIL66,only remaining degraded reason is missing repository-owned harness/reference evidence,30163,1884,Point,Paper,s52_point_boylat_paper_rcid_30163,scene_harness_not_covered
BOYLAT|Point|Paper|1885|30164,BOYLAT,partial,ordinary_s57,harness_only_partial,109-s52-harness-and-standalone-proof,BOYPIL67,only remaining degraded reason is missing repository-owned harness/reference evidence,30164,1885,Point,Paper,s52_point_boylat_paper_rcid_30164,scene_harness_not_covered
BOYLAT|Point|Paper|1887|30165,BOYLAT,partial,ordinary_s57,harness_only_partial,109-s52-harness-and-standalone-proof,BOYSPH74,only remaining degraded reason is missing repository-owned harness/reference evidence,30165,1887,Point,Paper,s52_point_boylat_paper_rcid_30165,scene_harness_not_covered
BOYLAT|Point|Paper|1888|30166,BOYLAT,partial,ordinary_s57,harness_only_partial,109-s52-harness-and-standalone-proof,BOYSPH75,only remaining degraded reason is missing repository-owned harness/reference evidence,30166,1888,Point,Paper,s52_point_boylat_paper_rcid_30166,scene_harness_not_covered
BOYLAT|Point|Paper|1889|30167,BOYLAT,partial,ordinary_s57,harness_only_partial,109-s52-harness-and-standalone-proof,BOYPIL74,only remaining degraded reason is missing repository-owned harness/reference evidence,30167,1889,Point,Paper,s52_point_boylat_paper_rcid_30167,scene_harness_not_covered
BOYLAT|Point|Paper|1891|30168,BOYLAT,partial,ordinary_s57,harness_only_partial,109-s52-harness-and-standalone-proof,BOYCON65,only remaining degraded reason is missing repository-owned harness/reference evidence,30168,1891,Point,Paper,s52_point_boylat_paper_rcid_30168,scene_harness_not_covered
BOYLAT|Point|Paper|1892|30169,BOYLAT,partial,ordinary_s57,harness_only_partial,109-s52-harness-and-standalone-proof,BOYCAN74,only remaining degraded reason is missing repository-owned harness/reference evidence,30169,1892,Point,Paper,s52_point_boylat_paper_rcid_30169,scene_harness_not_covered
BOYLAT|Point|Paper|1893|30170,BOYLAT,partial,ordinary_s57,harness_only_partial,109-s52-harness-and-standalone-proof,BOYSPH74,only remaining degraded reason is missing repository-owned harness/reference evidence,30170,1893,Point,Paper,s52_point_boylat_paper_rcid_30170,scene_harness_not_covered
BOYLAT|Point|Paper|1894|30171,BOYLAT,partial,ordinary_s57,harness_only_partial,109-s52-harness-and-standalone-proof,BOYCON67,only remaining degraded reason is missing repository-owned harness/reference evidence,30171,1894,Point,Paper,s52_point_boylat_paper_rcid_30171,scene_harness_not_covered
BOYLAT|Point|Paper|1895|30172,BOYLAT,partial,ordinary_s57,harness_only_partial,109-s52-harness-and-standalone-proof,BOYCAN72,only remaining degraded reason is missing repository-owned harness/reference evidence,30172,1895,Point,Paper,s52_point_boylat_paper_rcid_30172,scene_harness_not_covered
BOYLAT|Point|Paper|1896|30173,BOYLAT,partial,ordinary_s57,harness_only_partial,109-s52-harness-and-standalone-proof,BOYPIL66,only remaining degraded reason is missing repository-owned harness/reference evidence,30173,1896,Point,Paper,s52_point_boylat_paper_rcid_30173,scene_harness_not_covered
BOYLAT|Point|Paper|1897|30174,BOYLAT,partial,ordinary_s57,harness_only_partial,109-s52-harness-and-standalone-proof,BOYPIL67,only remaining degraded reason is missing repository-owned harness/reference evidence,30174,1897,Point,Paper,s52_point_boylat_paper_rcid_30174,scene_harness_not_covered
BOYLAT|Point|Paper|1898|30175,BOYLAT,partial,ordinary_s57,harness_only_partial,109-s52-harness-and-standalone-proof,BOYCON73,only remaining degraded reason is missing repository-owned harness/reference evidence,30175,1898,Point,Paper,s52_point_boylat_paper_rcid_30175,scene_harness_not_covered
BOYLAT|Point|Paper|1899|30176,BOYLAT,partial,ordinary_s57,harness_only_partial,109-s52-harness-and-standalone-proof,BOYCON68,only remaining degraded reason is missing repository-owned harness/reference evidence,30176,1899,Point,Paper,s52_point_boylat_paper_rcid_30176,scene_harness_not_covered
BOYLAT|Point|Paper|1900|30177,BOYLAT,partial,ordinary_s57,harness_only_partial,109-s52-harness-and-standalone-proof,BOYCAN74,only remaining degraded reason is missing repository-owned harness/reference evidence,30177,1900,Point,Paper,s52_point_boylat_paper_rcid_30177,scene_harness_not_covered
BOYLAT|Point|Paper|1901|30178,BOYLAT,partial,ordinary_s57,harness_only_partial,109-s52-harness-and-standalone-proof,BOYCAN75,only remaining degraded reason is missing repository-owned harness/reference evidence,30178,1901,Point,Paper,s52_point_boylat_paper_rcid_30178,scene_harness_not_covered
BOYLAT|Point|Paper|1902|30179,BOYLAT,partial,ordinary_s57,harness_only_partial,109-s52-harness-and-standalone-proof,BOYSPH74,only remaining degraded reason is missing repository-owned harness/reference evidence,30179,1902,Point,Paper,s52_point_boylat_paper_rcid_30179,scene_harness_not_covered
BOYLAT|Point|Paper|1903|30180,BOYLAT,partial,ordinary_s57,harness_only_partial,109-s52-harness-and-standalone-proof,BOYCON64,only remaining degraded reason is missing repository-owned harness/reference evidence,30180,1903,Point,Paper,s52_point_boylat_paper_rcid_30180,scene_harness_not_covered
BOYLAT|Point|Paper|1904|30181,BOYLAT,partial,ordinary_s57,harness_only_partial,109-s52-harness-and-standalone-proof,BOYCON60,only remaining degraded reason is missing repository-owned harness/reference evidence,30181,1904,Point,Paper,s52_point_boylat_paper_rcid_30181,scene_harness_not_covered
BOYLAT|Point|Paper|1905|30182,BOYLAT,partial,ordinary_s57,harness_only_partial,109-s52-harness-and-standalone-proof,BOYCON61,only remaining degraded reason is missing repository-owned harness/reference evidence,30182,1905,Point,Paper,s52_point_boylat_paper_rcid_30182,scene_harness_not_covered
BOYLAT|Point|Paper|1906|30183,BOYLAT,partial,ordinary_s57,harness_only_partial,109-s52-harness-and-standalone-proof,BOYCON62,only remaining degraded reason is missing repository-owned harness/reference evidence,30183,1906,Point,Paper,s52_point_boylat_paper_rcid_30183,scene_harness_not_covered
BOYLAT|Point|Paper|1907|30184,BOYLAT,partial,ordinary_s57,harness_only_partial,109-s52-harness-and-standalone-proof,BOYCAN60,only remaining degraded reason is missing repository-owned harness/reference evidence,30184,1907,Point,Paper,s52_point_boylat_paper_rcid_30184,scene_harness_not_covered
BOYLAT|Point|Paper|1908|30185,BOYLAT,partial,ordinary_s57,harness_only_partial,109-s52-harness-and-standalone-proof,BOYCAN61,only remaining degraded reason is missing repository-owned harness/reference evidence,30185,1908,Point,Paper,s52_point_boylat_paper_rcid_30185,scene_harness_not_covered
BOYLAT|Point|Paper|1909|30186,BOYLAT,partial,ordinary_s57,harness_only_partial,109-s52-harness-and-standalone-proof,BOYCAN63,only remaining degraded reason is missing repository-owned harness/reference evidence,30186,1909,Point,Paper,s52_point_boylat_paper_rcid_30186,scene_harness_not_covered
BOYLAT|Point|Paper|1910|30187,BOYLAT,partial,ordinary_s57,harness_only_partial,109-s52-harness-and-standalone-proof,BOYPIL60,only remaining degraded reason is missing repository-owned harness/reference evidence,30187,1910,Point,Paper,s52_point_boylat_paper_rcid_30187,scene_harness_not_covered
BOYLAT|Point|Paper|1911|30188,BOYLAT,partial,ordinary_s57,harness_only_partial,109-s52-harness-and-standalone-proof,BOYPIL61,only remaining degraded reason is missing repository-owned harness/reference evidence,30188,1911,Point,Paper,s52_point_boylat_paper_rcid_30188,scene_harness_not_covered
BOYLAT|Point|Paper|1912|30189,BOYLAT,partial,ordinary_s57,harness_only_partial,109-s52-harness-and-standalone-proof,BOYSPR05,only remaining degraded reason is missing repository-owned harness/reference evidence,30189,1912,Point,Paper,s52_point_boylat_paper_rcid_30189,scene_harness_not_covered
BOYLAT|Point|Paper|1913|30190,BOYLAT,partial,ordinary_s57,harness_only_partial,109-s52-harness-and-standalone-proof,BOYSPR60,only remaining degraded reason is missing repository-owned harness/reference evidence,30190,1913,Point,Paper,s52_point_boylat_paper_rcid_30190,scene_harness_not_covered
BOYLAT|Point|Paper|1914|30191,BOYLAT,partial,ordinary_s57,harness_only_partial,109-s52-harness-and-standalone-proof,BOYSPR61,only remaining degraded reason is missing repository-owned harness/reference evidence,30191,1914,Point,Paper,s52_point_boylat_paper_rcid_30191,scene_harness_not_covered
BOYLAT|Point|Paper|1915|30192,BOYLAT,partial,ordinary_s57,harness_only_partial,109-s52-harness-and-standalone-proof,BOYPIL60,only remaining degraded reason is missing repository-owned harness/reference evidence,30192,1915,Point,Paper,s52_point_boylat_paper_rcid_30192,scene_harness_not_covered
BOYLAT|Point|Paper|1916|30193,BOYLAT,partial,ordinary_s57,harness_only_partial,109-s52-harness-and-standalone-proof,BOYPIL61,only remaining degraded reason is missing repository-owned harness/reference evidence,30193,1916,Point,Paper,s52_point_boylat_paper_rcid_30193,scene_harness_not_covered
BOYLAT|Point|Paper|1917|30194,BOYLAT,partial,ordinary_s57,harness_only_partial,109-s52-harness-and-standalone-proof,BOYCON01,only remaining degraded reason is missing repository-owned harness/reference evidence,30194,1917,Point,Paper,s52_point_boylat_paper_rcid_30194,scene_harness_not_covered
BOYLAT|Point|Paper|1918|30195,BOYLAT,partial,ordinary_s57,harness_only_partial,109-s52-harness-and-standalone-proof,BOYCAN01,only remaining degraded reason is missing repository-owned harness/reference evidence,30195,1918,Point,Paper,s52_point_boylat_paper_rcid_30195,scene_harness_not_covered
BOYLAT|Point|Paper|1919|30196,BOYLAT,partial,ordinary_s57,harness_only_partial,109-s52-harness-and-standalone-proof,BOYSPH01,only remaining degraded reason is missing repository-owned harness/reference evidence,30196,1919,Point,Paper,s52_point_boylat_paper_rcid_30196,scene_harness_not_covered
BOYLAT|Point|Paper|1920|30197,BOYLAT,partial,ordinary_s57,harness_only_partial,109-s52-harness-and-standalone-proof,BOYPIL01,only remaining degraded reason is missing repository-owned harness/reference evidence,30197,1920,Point,Paper,s52_point_boylat_paper_rcid_30197,scene_harness_not_covered
BOYLAT|Point|Paper|1921|30198,BOYLAT,partial,ordinary_s57,harness_only_partial,109-s52-harness-and-standalone-proof,BOYSPR01,only remaining degraded reason is missing repository-owned harness/reference evidence,30198,1921,Point,Paper,s52_point_boylat_paper_rcid_30198,scene_harness_not_covered
BOYLAT|Point|Paper|1922|30199,BOYLAT,partial,ordinary_s57,harness_only_partial,109-s52-harness-and-standalone-proof,BOYBAR01,only remaining degraded reason is missing repository-owned harness/reference evidence,30199,1922,Point,Paper,s52_point_boylat_paper_rcid_30199,scene_harness_not_covered
BOYLAT|Point|Paper|1923|30200,BOYLAT,partial,ordinary_s57,harness_only_partial,109-s52-harness-and-standalone-proof,BOYSUP01,only remaining degraded reason is missing repository-owned harness/reference evidence,30200,1923,Point,Paper,s52_point_boylat_paper_rcid_30200,scene_harness_not_covered
BOYLAT|Point|Paper|1924|30201,BOYLAT,partial,ordinary_s57,harness_only_partial,109-s52-harness-and-standalone-proof,BOYSPR01,only remaining degraded reason is missing repository-owned harness/reference evidence,30201,1924,Point,Paper,s52_point_boylat_paper_rcid_30201,scene_harness_not_covered
BOYLAT|Point|Paper|1925|30202,BOYLAT,partial,ordinary_s57,harness_only_partial,109-s52-harness-and-standalone-proof,BOYGEN03,only remaining degraded reason is missing repository-owned harness/reference evidence,30202,1925,Point,Paper,s52_point_boylat_paper_rcid_30202,scene_harness_not_covered
BOYLAT|Point|Paper|3018|3063035,BOYLAT,partial,ordinary_s57,harness_only_partial,109-s52-harness-and-standalone-proof,BOYSPH75,only remaining degraded reason is missing repository-owned harness/reference evidence,3063035,3018,Point,Paper,s52_point_boylat_paper_rcid_3063035,scene_harness_not_covered
BOYLAT|Point|Paper|3024|3063040,BOYLAT,partial,ordinary_s57,harness_only_partial,109-s52-harness-and-standalone-proof,BCNGEN65,only remaining degraded reason is missing repository-owned harness/reference evidence,3063040,3024,Point,Paper,s52_point_boylat_paper_rcid_3063040,scene_harness_not_covered
BOYLAT|Point|Paper|3025|3063041,BOYLAT,partial,ordinary_s57,harness_only_partial,109-s52-harness-and-standalone-proof,BCNGEN64,only remaining degraded reason is missing repository-owned harness/reference evidence,3063041,3025,Point,Paper,s52_point_boylat_paper_rcid_3063041,scene_harness_not_covered
BOYLAT|Point|Paper|3026|3063042,BOYLAT,partial,ordinary_s57,harness_only_partial,109-s52-harness-and-standalone-proof,BCNSTK83,only remaining degraded reason is missing repository-owned harness/reference evidence,3063042,3026,Point,Paper,s52_point_boylat_paper_rcid_3063042,scene_harness_not_covered
BOYLAT|Point|Paper|3027|3063043,BOYLAT,partial,ordinary_s57,harness_only_partial,109-s52-harness-and-standalone-proof,BCNSTK82,only remaining degraded reason is missing repository-owned harness/reference evidence,3063043,3027,Point,Paper,s52_point_boylat_paper_rcid_3063043,scene_harness_not_covered
BOYLAT|Point|Paper|3028|3063044,BOYLAT,partial,ordinary_s57,harness_only_partial,109-s52-harness-and-standalone-proof,BCNSTK78,only remaining degraded reason is missing repository-owned harness/reference evidence,3063044,3028,Point,Paper,s52_point_boylat_paper_rcid_3063044,scene_harness_not_covered
BOYLAT|Point|Paper|3029|3063045,BOYLAT,partial,ordinary_s57,harness_only_partial,109-s52-harness-and-standalone-proof,BCNSTK81,only remaining degraded reason is missing repository-owned harness/reference evidence,3063045,3029,Point,Paper,s52_point_boylat_paper_rcid_3063045,scene_harness_not_covered
BOYLAT|Point|Paper|3034|3063050,BOYLAT,partial,ordinary_s57,harness_only_partial,109-s52-harness-and-standalone-proof,BCNSTK80,only remaining degraded reason is missing repository-owned harness/reference evidence,3063050,3034,Point,Paper,s52_point_boylat_paper_rcid_3063050,scene_harness_not_covered
BOYLAT|Point|Paper|3035|3063051,BOYLAT,partial,ordinary_s57,harness_only_partial,109-s52-harness-and-standalone-proof,BCNSTK79,only remaining degraded reason is missing repository-owned harness/reference evidence,3063051,3035,Point,Paper,s52_point_boylat_paper_rcid_3063051,scene_harness_not_covered
BOYLAT|Point|Paper|1886|93804,BOYLAT,partial,ordinary_s57,manual_overlay_residual,107-s52-manual-overlay-asset-pack,BOYSPH79,BOYSPH79 is already identified as a manual-overlay residual in the Phase 6D plan,93804,1886,Point,Paper,s52_point_boylat_paper_rcid_93804,compiler_missing_point_asset:BOYSPH79;scene_harness_not_covered
BOYLAT|Point|Paper|1881|93816,BOYLAT,partial,ordinary_s57,harness_only_partial,109-s52-harness-and-standalone-proof,BOYCAN83,only remaining degraded reason is missing repository-owned harness/reference evidence,93816,1881,Point,Paper,s52_point_boylat_paper_rcid_93816,scene_harness_not_covered
BOYLAT|Point|Paper|1890|93817,BOYLAT,partial,ordinary_s57,harness_only_partial,109-s52-harness-and-standalone-proof,BOYSPH62,only remaining degraded reason is missing repository-owned harness/reference evidence,93817,1890,Point,Paper,s52_point_boylat_paper_rcid_93817,scene_harness_not_covered
BOYLAT|Point|Paper|1880|93823,BOYLAT,partial,ordinary_s57,harness_only_partial,109-s52-harness-and-standalone-proof,BOYCAN82,only remaining degraded reason is missing repository-owned harness/reference evidence,93823,1880,Point,Paper,s52_point_boylat_paper_rcid_93823,scene_harness_not_covered
BOYLAT|Point|Simplified|1029|31081,BOYLAT,partial,ordinary_s57,harness_only_partial,109-s52-harness-and-standalone-proof,BOYLAT14,only remaining degraded reason is missing repository-owned harness/reference evidence,31081,1029,Point,Simplified,s52_point_boylat_simplified_rcid_31081,scene_harness_not_covered
BOYLAT|Point|Simplified|1030|31082,BOYLAT,partial,ordinary_s57,harness_only_partial,109-s52-harness-and-standalone-proof,BOYLAT13,only remaining degraded reason is missing repository-owned harness/reference evidence,31082,1030,Point,Simplified,s52_point_boylat_simplified_rcid_31082,scene_harness_not_covered
BOYLAT|Point|Simplified|1031|31083,BOYLAT,partial,ordinary_s57,harness_only_partial,109-s52-harness-and-standalone-proof,BOYLAT24,only remaining degraded reason is missing repository-owned harness/reference evidence,31083,1031,Point,Simplified,s52_point_boylat_simplified_rcid_31083,scene_harness_not_covered
BOYLAT|Point|Simplified|1032|31084,BOYLAT,partial,ordinary_s57,harness_only_partial,109-s52-harness-and-standalone-proof,BOYLAT23,only remaining degraded reason is missing repository-owned harness/reference evidence,31084,1032,Point,Simplified,s52_point_boylat_simplified_rcid_31084,scene_harness_not_covered
BOYLAT|Point|Simplified|1033|31085,BOYLAT,partial,ordinary_s57,harness_only_partial,109-s52-harness-and-standalone-proof,BOYLAT24,only remaining degraded reason is missing repository-owned harness/reference evidence,31085,1033,Point,Simplified,s52_point_boylat_simplified_rcid_31085,scene_harness_not_covered
BOYLAT|Point|Simplified|1034|31086,BOYLAT,partial,ordinary_s57,harness_only_partial,109-s52-harness-and-standalone-proof,BOYLAT23,only remaining degraded reason is missing repository-owned harness/reference evidence,31086,1034,Point,Simplified,s52_point_boylat_simplified_rcid_31086,scene_harness_not_covered
BOYLAT|Point|Simplified|1035|31087,BOYLAT,partial,ordinary_s57,harness_only_partial,109-s52-harness-and-standalone-proof,BOYLAT14,only remaining degraded reason is missing repository-owned harness/reference evidence,31087,1035,Point,Simplified,s52_point_boylat_simplified_rcid_31087,scene_harness_not_covered
BOYLAT|Point|Simplified|1036|31088,BOYLAT,partial,ordinary_s57,harness_only_partial,109-s52-harness-and-standalone-proof,BOYLAT13,only remaining degraded reason is missing repository-owned harness/reference evidence,31088,1036,Point,Simplified,s52_point_boylat_simplified_rcid_31088,scene_harness_not_covered
BOYLAT|Point|Simplified|1037|31089,BOYLAT,partial,ordinary_s57,harness_only_partial,109-s52-harness-and-standalone-proof,BOYLAT14,only remaining degraded reason is missing repository-owned harness/reference evidence,31089,1037,Point,Simplified,s52_point_boylat_simplified_rcid_31089,scene_harness_not_covered
BOYLAT|Point|Simplified|1038|31090,BOYLAT,partial,ordinary_s57,harness_only_partial,109-s52-harness-and-standalone-proof,BOYLAT13,only remaining degraded reason is missing repository-owned harness/reference evidence,31090,1038,Point,Simplified,s52_point_boylat_simplified_rcid_31090,scene_harness_not_covered
BOYLAT|Point|Simplified|1039|31091,BOYLAT,partial,ordinary_s57,harness_only_partial,109-s52-harness-and-standalone-proof,BOYLAT24,only remaining degraded reason is missing repository-owned harness/reference evidence,31091,1039,Point,Simplified,s52_point_boylat_simplified_rcid_31091,scene_harness_not_covered
BOYLAT|Point|Simplified|1040|31092,BOYLAT,partial,ordinary_s57,harness_only_partial,109-s52-harness-and-standalone-proof,BOYLAT23,only remaining degraded reason is missing repository-owned harness/reference evidence,31092,1040,Point,Simplified,s52_point_boylat_simplified_rcid_31092,scene_harness_not_covered
BOYLAT|Point|Simplified|1041|31093,BOYLAT,partial,ordinary_s57,harness_only_partial,109-s52-harness-and-standalone-proof,BOYLAT24,only remaining degraded reason is missing repository-owned harness/reference evidence,31093,1041,Point,Simplified,s52_point_boylat_simplified_rcid_31093,scene_harness_not_covered
BOYLAT|Point|Simplified|1042|31094,BOYLAT,partial,ordinary_s57,harness_only_partial,109-s52-harness-and-standalone-proof,BOYLAT23,only remaining degraded reason is missing repository-owned harness/reference evidence,31094,1042,Point,Simplified,s52_point_boylat_simplified_rcid_31094,scene_harness_not_covered
BOYLAT|Point|Simplified|1043|31095,BOYLAT,partial,ordinary_s57,harness_only_partial,109-s52-harness-and-standalone-proof,BOYLAT14,only remaining degraded reason is missing repository-owned harness/reference evidence,31095,1043,Point,Simplified,s52_point_boylat_simplified_rcid_31095,scene_harness_not_covered
BOYLAT|Point|Simplified|1044|31096,BOYLAT,partial,ordinary_s57,harness_only_partial,109-s52-harness-and-standalone-proof,BOYLAT13,only remaining degraded reason is missing repository-owned harness/reference evidence,31096,1044,Point,Simplified,s52_point_boylat_simplified_rcid_31096,scene_harness_not_covered
BOYLAT|Point|Simplified|1045|31097,BOYLAT,partial,ordinary_s57,harness_only_partial,109-s52-harness-and-standalone-proof,BOYDEF03,only remaining degraded reason is missing repository-owned harness/reference evidence,31097,1045,Point,Simplified,s52_point_boylat_simplified_rcid_31097,scene_harness_not_covered
BOYSAW|Point|Paper|1926|30203,BOYSAW,partial,ordinary_s57,harness_only_partial,109-s52-harness-and-standalone-proof,BOYSPH65,only remaining degraded reason is missing repository-owned harness/reference evidence,30203,1926,Point,Paper,s52_point_boysaw_paper_rcid_30203,scene_harness_not_covered
BOYSAW|Point|Paper|1927|30204,BOYSAW,partial,ordinary_s57,harness_only_partial,109-s52-harness-and-standalone-proof,BOYPIL73,only remaining degraded reason is missing repository-owned harness/reference evidence,30204,1927,Point,Paper,s52_point_boysaw_paper_rcid_30204,scene_harness_not_covered
BOYSAW|Point|Paper|1928|30205,BOYSAW,partial,ordinary_s57,harness_only_partial,109-s52-harness-and-standalone-proof,BOYCON78,only remaining degraded reason is missing repository-owned harness/reference evidence,30205,1928,Point,Paper,s52_point_boysaw_paper_rcid_30205,scene_harness_not_covered
BOYSAW|Point|Paper|1929|30206,BOYSAW,partial,ordinary_s57,harness_only_partial,109-s52-harness-and-standalone-proof,BOYSPH65,only remaining degraded reason is missing repository-owned harness/reference evidence,30206,1929,Point,Paper,s52_point_boysaw_paper_rcid_30206,scene_harness_not_covered
BOYSAW|Point|Paper|1930|30207,BOYSAW,partial,ordinary_s57,harness_only_partial,109-s52-harness-and-standalone-proof,BOYPIL73,only remaining degraded reason is missing repository-owned harness/reference evidence,30207,1930,Point,Paper,s52_point_boysaw_paper_rcid_30207,scene_harness_not_covered
BOYSAW|Point|Paper|1931|30208,BOYSAW,partial,ordinary_s57,harness_only_partial,109-s52-harness-and-standalone-proof,BOYPIL73,only remaining degraded reason is missing repository-owned harness/reference evidence,30208,1931,Point,Paper,s52_point_boysaw_paper_rcid_30208,scene_harness_not_covered
BOYSAW|Point|Paper|1932|30209,BOYSAW,partial,ordinary_s57,harness_only_partial,109-s52-harness-and-standalone-proof,BOYSPH01,only remaining degraded reason is missing repository-owned harness/reference evidence,30209,1932,Point,Paper,s52_point_boysaw_paper_rcid_30209,scene_harness_not_covered
BOYSAW|Point|Paper|1933|30210,BOYSAW,partial,ordinary_s57,harness_only_partial,109-s52-harness-and-standalone-proof,BOYPIL01,only remaining degraded reason is missing repository-owned harness/reference evidence,30210,1933,Point,Paper,s52_point_boysaw_paper_rcid_30210,scene_harness_not_covered
BOYSAW|Point|Paper|1934|30211,BOYSAW,partial,ordinary_s57,harness_only_partial,109-s52-harness-and-standalone-proof,BOYSPR65,only remaining degraded reason is missing repository-owned harness/reference evidence,30211,1934,Point,Paper,s52_point_boysaw_paper_rcid_30211,scene_harness_not_covered
BOYSAW|Point|Paper|1935|30212,BOYSAW,partial,ordinary_s57,harness_only_partial,109-s52-harness-and-standalone-proof,BOYBAR01,only remaining degraded reason is missing repository-owned harness/reference evidence,30212,1935,Point,Paper,s52_point_boysaw_paper_rcid_30212,scene_harness_not_covered
BOYSAW|Point|Paper|1936|30213,BOYSAW,partial,ordinary_s57,harness_only_partial,109-s52-harness-and-standalone-proof,BOYSUP01,only remaining degraded reason is missing repository-owned harness/reference evidence,30213,1936,Point,Paper,s52_point_boysaw_paper_rcid_30213,scene_harness_not_covered
BOYSAW|Point|Paper|1937|30214,BOYSAW,partial,ordinary_s57,harness_only_partial,109-s52-harness-and-standalone-proof,BOYSPR01,only remaining degraded reason is missing repository-owned harness/reference evidence,30214,1937,Point,Paper,s52_point_boysaw_paper_rcid_30214,scene_harness_not_covered
BOYSAW|Point|Paper|1938|30215,BOYSAW,partial,ordinary_s57,harness_only_partial,109-s52-harness-and-standalone-proof,BOYGEN03,only remaining degraded reason is missing repository-owned harness/reference evidence,30215,1938,Point,Paper,s52_point_boysaw_paper_rcid_30215,scene_harness_not_covered
BOYSAW|Point|Simplified|1046|31098,BOYSAW,partial,ordinary_s57,harness_only_partial,109-s52-harness-and-standalone-proof,BOYSAW12,only remaining degraded reason is missing repository-owned harness/reference evidence,31098,1046,Point,Simplified,s52_point_boysaw_simplified_rcid_31098,scene_harness_not_covered
BOYSPP|Point|Paper|1942|30216,BOYSPP,partial,ordinary_s57,harness_only_partial,109-s52-harness-and-standalone-proof,BOYCAN78,only remaining degraded reason is missing repository-owned harness/reference evidence,30216,1942,Point,Paper,s52_point_boyspp_paper_rcid_30216,scene_harness_not_covered
BOYSPP|Point|Paper|1943|30217,BOYSPP,partial,ordinary_s57,harness_only_partial,109-s52-harness-and-standalone-proof,BOYSPH66,only remaining degraded reason is missing repository-owned harness/reference evidence,30217,1943,Point,Paper,s52_point_boyspp_paper_rcid_30217,scene_harness_not_covered
BOYSPP|Point|Paper|1944|30218,BOYSPP,partial,ordinary_s57,harness_only_partial,109-s52-harness-and-standalone-proof,BOYCAN77,only remaining degraded reason is missing repository-owned harness/reference evidence,30218,1944,Point,Paper,s52_point_boyspp_paper_rcid_30218,scene_harness_not_covered
BOYSPP|Point|Paper|1945|30219,BOYSPP,partial,ordinary_s57,harness_only_partial,109-s52-harness-and-standalone-proof,BOYCAN81,only remaining degraded reason is missing repository-owned harness/reference evidence,30219,1945,Point,Paper,s52_point_boyspp_paper_rcid_30219,scene_harness_not_covered
BOYSPP|Point|Paper|1946|30220,BOYSPP,partial,ordinary_s57,harness_only_partial,109-s52-harness-and-standalone-proof,BOYSPH77,only remaining degraded reason is missing repository-owned harness/reference evidence,30220,1946,Point,Paper,s52_point_boyspp_paper_rcid_30220,scene_harness_not_covered
BOYSPP|Point|Paper|1947|30221,BOYSPP,partial,ordinary_s57,harness_only_partial,109-s52-harness-and-standalone-proof,BOYPIL81,only remaining degraded reason is missing repository-owned harness/reference evidence,30221,1947,Point,Paper,s52_point_boyspp_paper_rcid_30221,scene_harness_not_covered
BOYSPP|Point|Paper|1948|30222,BOYSPP,partial,ordinary_s57,harness_only_partial,109-s52-harness-and-standalone-proof,BOYCON73,only remaining degraded reason is missing repository-owned harness/reference evidence,30222,1948,Point,Paper,s52_point_boyspp_paper_rcid_30222,scene_harness_not_covered
BOYSPP|Point|Paper|1949|30223,BOYSPP,partial,ordinary_s57,harness_only_partial,109-s52-harness-and-standalone-proof,BOYCAN80,only remaining degraded reason is missing repository-owned harness/reference evidence,30223,1949,Point,Paper,s52_point_boyspp_paper_rcid_30223,scene_harness_not_covered
BOYSPP|Point|Paper|1951|30224,BOYSPP,partial,ordinary_s57,harness_only_partial,109-s52-harness-and-standalone-proof,BOYPIL73,only remaining degraded reason is missing repository-owned harness/reference evidence,30224,1951,Point,Paper,s52_point_boyspp_paper_rcid_30224,scene_harness_not_covered
BOYSPP|Point|Paper|1952|30225,BOYSPP,partial,ordinary_s57,harness_only_partial,109-s52-harness-and-standalone-proof,BOYPIL78,only remaining degraded reason is missing repository-owned harness/reference evidence,30225,1952,Point,Paper,s52_point_boyspp_paper_rcid_30225,scene_harness_not_covered
BOYSPP|Point|Paper|1955|30226,BOYSPP,partial,ordinary_s57,harness_only_partial,109-s52-harness-and-standalone-proof,BOYMOR31,only remaining degraded reason is missing repository-owned harness/reference evidence,30226,1955,Point,Paper,s52_point_boyspp_paper_rcid_30226,scene_harness_not_covered
BOYSPP|Point|Paper|1956|30227,BOYSPP,partial,ordinary_s57,harness_only_partial,109-s52-harness-and-standalone-proof,BOYCAN60,only remaining degraded reason is missing repository-owned harness/reference evidence,30227,1956,Point,Paper,s52_point_boyspp_paper_rcid_30227,scene_harness_not_covered
BOYSPP|Point|Paper|1957|30228,BOYSPP,partial,ordinary_s57,harness_only_partial,109-s52-harness-and-standalone-proof,BOYCON77,only remaining degraded reason is missing repository-owned harness/reference evidence,30228,1957,Point,Paper,s52_point_boyspp_paper_rcid_30228,scene_harness_not_covered
BOYSPP|Point|Paper|1958|30229,BOYSPP,partial,ordinary_s57,harness_only_partial,109-s52-harness-and-standalone-proof,BOYCAN77,only remaining degraded reason is missing repository-owned harness/reference evidence,30229,1958,Point,Paper,s52_point_boyspp_paper_rcid_30229,scene_harness_not_covered
BOYSPP|Point|Paper|1959|30230,BOYSPP,partial,ordinary_s57,harness_only_partial,109-s52-harness-and-standalone-proof,BOYSPH77,only remaining degraded reason is missing repository-owned harness/reference evidence,30230,1959,Point,Paper,s52_point_boyspp_paper_rcid_30230,scene_harness_not_covered
BOYSPP|Point|Paper|1960|30231,BOYSPP,partial,ordinary_s57,harness_only_partial,109-s52-harness-and-standalone-proof,BOYPIL81,only remaining degraded reason is missing repository-owned harness/reference evidence,30231,1960,Point,Paper,s52_point_boyspp_paper_rcid_30231,scene_harness_not_covered
BOYSPP|Point|Paper|1961|30232,BOYSPP,partial,ordinary_s57,harness_only_partial,109-s52-harness-and-standalone-proof,BOYPIL74,only remaining degraded reason is missing repository-owned harness/reference evidence,30232,1961,Point,Paper,s52_point_boyspp_paper_rcid_30232,scene_harness_not_covered
BOYSPP|Point|Paper|1954|30233,BOYSPP,partial,ordinary_s57,harness_only_partial,109-s52-harness-and-standalone-proof,BOYSUP65,only remaining degraded reason is missing repository-owned harness/reference evidence,30233,1954,Point,Paper,s52_point_boyspp_paper_rcid_30233,scene_harness_not_covered
BOYSPP|Point|Paper|1962|30234,BOYSPP,partial,ordinary_s57,harness_only_partial,109-s52-harness-and-standalone-proof,BOYCAN79,only remaining degraded reason is missing repository-owned harness/reference evidence,30234,1962,Point,Paper,s52_point_boyspp_paper_rcid_30234,scene_harness_not_covered
BOYSPP|Point|Paper|1964|30235,BOYSPP,partial,ordinary_s57,harness_only_partial,109-s52-harness-and-standalone-proof,BOYMOR03,only remaining degraded reason is missing repository-owned harness/reference evidence,30235,1964,Point,Paper,s52_point_boyspp_paper_rcid_30235,scene_harness_not_covered
BOYSPP|Point|Paper|1965|30236,BOYSPP,partial,ordinary_s57,harness_only_partial,109-s52-harness-and-standalone-proof,BOYCON60,only remaining degraded reason is missing repository-owned harness/reference evidence,30236,1965,Point,Paper,s52_point_boyspp_paper_rcid_30236,scene_harness_not_covered
BOYSPP|Point|Paper|1966|30237,BOYSPP,partial,ordinary_s57,harness_only_partial,109-s52-harness-and-standalone-proof,BOYCON62,only remaining degraded reason is missing repository-owned harness/reference evidence,30237,1966,Point,Paper,s52_point_boyspp_paper_rcid_30237,scene_harness_not_covered
BOYSPP|Point|Paper|1967|30238,BOYSPP,partial,ordinary_s57,harness_only_partial,109-s52-harness-and-standalone-proof,BOYCAN65,only remaining degraded reason is missing repository-owned harness/reference evidence,30238,1967,Point,Paper,s52_point_boyspp_paper_rcid_30238,scene_harness_not_covered
BOYSPP|Point|Paper|1968|30239,BOYSPP,partial,ordinary_s57,harness_only_partial,109-s52-harness-and-standalone-proof,BOYCAN64,only remaining degraded reason is missing repository-owned harness/reference evidence,30239,1968,Point,Paper,s52_point_boyspp_paper_rcid_30239,scene_harness_not_covered
BOYSPP|Point|Paper|1969|30240,BOYSPP,partial,ordinary_s57,harness_only_partial,109-s52-harness-and-standalone-proof,BOYCAN60,only remaining degraded reason is missing repository-owned harness/reference evidence,30240,1969,Point,Paper,s52_point_boyspp_paper_rcid_30240,scene_harness_not_covered
BOYSPP|Point|Paper|1970|30241,BOYSPP,partial,ordinary_s57,harness_only_partial,109-s52-harness-and-standalone-proof,BOYCAN61,only remaining degraded reason is missing repository-owned harness/reference evidence,30241,1970,Point,Paper,s52_point_boyspp_paper_rcid_30241,scene_harness_not_covered
BOYSPP|Point|Paper|1971|30242,BOYSPP,partial,ordinary_s57,harness_only_partial,109-s52-harness-and-standalone-proof,BOYCAN63,only remaining degraded reason is missing repository-owned harness/reference evidence,30242,1971,Point,Paper,s52_point_boyspp_paper_rcid_30242,scene_harness_not_covered
BOYSPP|Point|Paper|1971|3024200,BOYSPP,partial,ordinary_s57,harness_only_partial,109-s52-harness-and-standalone-proof,BOYCAN77,only remaining degraded reason is missing repository-owned harness/reference evidence,3024200,1971,Point,Paper,s52_point_boyspp_paper_rcid_3024200,scene_harness_not_covered
BOYSPP|Point|Paper|1972|30243,BOYSPP,partial,ordinary_s57,harness_only_partial,109-s52-harness-and-standalone-proof,BOYSPH05,only remaining degraded reason is missing repository-owned harness/reference evidence,30243,1972,Point,Paper,s52_point_boyspp_paper_rcid_30243,scene_harness_not_covered
BOYSPP|Point|Paper|1973|30244,BOYSPP,partial,ordinary_s57,harness_only_partial,109-s52-harness-and-standalone-proof,BOYSPH60,only remaining degraded reason is missing repository-owned harness/reference evidence,30244,1973,Point,Paper,s52_point_boyspp_paper_rcid_30244,scene_harness_not_covered
BOYSPP|Point|Paper|1974|30245,BOYSPP,partial,ordinary_s57,harness_only_partial,109-s52-harness-and-standalone-proof,BOYSPH62,only remaining degraded reason is missing repository-owned harness/reference evidence,30245,1974,Point,Paper,s52_point_boyspp_paper_rcid_30245,scene_harness_not_covered
BOYSPP|Point|Paper|1975|30246,BOYSPP,partial,ordinary_s57,harness_only_partial,109-s52-harness-and-standalone-proof,BOYPIL60,only remaining degraded reason is missing repository-owned harness/reference evidence,30246,1975,Point,Paper,s52_point_boyspp_paper_rcid_30246,scene_harness_not_covered
BOYSPP|Point|Paper|1976|30247,BOYSPP,partial,ordinary_s57,harness_only_partial,109-s52-harness-and-standalone-proof,BOYPIL61,only remaining degraded reason is missing repository-owned harness/reference evidence,30247,1976,Point,Paper,s52_point_boyspp_paper_rcid_30247,scene_harness_not_covered
BOYSPP|Point|Paper|1977|30248,BOYSPP,partial,ordinary_s57,harness_only_partial,109-s52-harness-and-standalone-proof,BOYPIL62,only remaining degraded reason is missing repository-owned harness/reference evidence,30248,1977,Point,Paper,s52_point_boyspp_paper_rcid_30248,scene_harness_not_covered
BOYSPP|Point|Paper|1978|30249,BOYSPP,partial,ordinary_s57,harness_only_partial,109-s52-harness-and-standalone-proof,BOYSPR62,only remaining degraded reason is missing repository-owned harness/reference evidence,30249,1978,Point,Paper,s52_point_boyspp_paper_rcid_30249,scene_harness_not_covered
BOYSPP|Point|Paper|1979|30250,BOYSPP,partial,ordinary_s57,harness_only_partial,109-s52-harness-and-standalone-proof,BOYBAR60,only remaining degraded reason is missing repository-owned harness/reference evidence,30250,1979,Point,Paper,s52_point_boyspp_paper_rcid_30250,scene_harness_not_covered
BOYSPP|Point|Paper|1980|30251,BOYSPP,partial,ordinary_s57,harness_only_partial,109-s52-harness-and-standalone-proof,BOYBAR61,only remaining degraded reason is missing repository-owned harness/reference evidence,30251,1980,Point,Paper,s52_point_boyspp_paper_rcid_30251,scene_harness_not_covered
BOYSPP|Point|Paper|1981|30252,BOYSPP,partial,ordinary_s57,harness_only_partial,109-s52-harness-and-standalone-proof,BOYBAR62,only remaining degraded reason is missing repository-owned harness/reference evidence,30252,1981,Point,Paper,s52_point_boyspp_paper_rcid_30252,scene_harness_not_covered
BOYSPP|Point|Paper|1982|30253,BOYSPP,partial,ordinary_s57,harness_only_partial,109-s52-harness-and-standalone-proof,BOYSUP62,only remaining degraded reason is missing repository-owned harness/reference evidence,30253,1982,Point,Paper,s52_point_boyspp_paper_rcid_30253,scene_harness_not_covered
BOYSPP|Point|Paper|1983|30254,BOYSPP,partial,ordinary_s57,harness_only_partial,109-s52-harness-and-standalone-proof,BOYSUP03,only remaining degraded reason is missing repository-owned harness/reference evidence,30254,1983,Point,Paper,s52_point_boyspp_paper_rcid_30254,scene_harness_not_covered
BOYSPP|Point|Paper|1984|30255,BOYSPP,partial,ordinary_s57,harness_only_partial,109-s52-harness-and-standalone-proof,BOYCON01,only remaining degraded reason is missing repository-owned harness/reference evidence,30255,1984,Point,Paper,s52_point_boyspp_paper_rcid_30255,scene_harness_not_covered
BOYSPP|Point|Paper|1985|30256,BOYSPP,partial,ordinary_s57,harness_only_partial,109-s52-harness-and-standalone-proof,BOYCAN62,only remaining degraded reason is missing repository-owned harness/reference evidence,30256,1985,Point,Paper,s52_point_boyspp_paper_rcid_30256,scene_harness_not_covered
BOYSPP|Point|Paper|1986|30257,BOYSPP,partial,ordinary_s57,harness_only_partial,109-s52-harness-and-standalone-proof,BOYSPH01,only remaining degraded reason is missing repository-owned harness/reference evidence,30257,1986,Point,Paper,s52_point_boyspp_paper_rcid_30257,scene_harness_not_covered
BOYSPP|Point|Paper|1987|30258,BOYSPP,partial,ordinary_s57,harness_only_partial,109-s52-harness-and-standalone-proof,BOYPIL01,only remaining degraded reason is missing repository-owned harness/reference evidence,30258,1987,Point,Paper,s52_point_boyspp_paper_rcid_30258,scene_harness_not_covered
BOYSPP|Point|Paper|1988|30259,BOYSPP,partial,ordinary_s57,harness_only_partial,109-s52-harness-and-standalone-proof,BOYSPR01,only remaining degraded reason is missing repository-owned harness/reference evidence,30259,1988,Point,Paper,s52_point_boyspp_paper_rcid_30259,scene_harness_not_covered
BOYSPP|Point|Paper|1990|30261,BOYSPP,partial,ordinary_s57,harness_only_partial,109-s52-harness-and-standalone-proof,BOYSUP01,only remaining degraded reason is missing repository-owned harness/reference evidence,30261,1990,Point,Paper,s52_point_boyspp_paper_rcid_30261,scene_harness_not_covered
BOYSPP|Point|Paper|1991|30262,BOYSPP,partial,ordinary_s57,harness_only_partial,109-s52-harness-and-standalone-proof,BOYSPR01,only remaining degraded reason is missing repository-owned harness/reference evidence,30262,1991,Point,Paper,s52_point_boyspp_paper_rcid_30262,scene_harness_not_covered
BOYSPP|Point|Paper|1992|30263,BOYSPP,partial,ordinary_s57,harness_only_partial,109-s52-harness-and-standalone-proof,BOYSUP01,only remaining degraded reason is missing repository-owned harness/reference evidence,30263,1992,Point,Paper,s52_point_boyspp_paper_rcid_30263,scene_harness_not_covered
BOYSPP|Point|Paper|1993|30264,BOYSPP,partial,ordinary_s57,harness_only_partial,109-s52-harness-and-standalone-proof,BOYSPH62,only remaining degraded reason is missing repository-owned harness/reference evidence,30264,1993,Point,Paper,s52_point_boyspp_paper_rcid_30264,scene_harness_not_covered
BOYSPP|Point|Paper|1941|93805,BOYSPP,partial,ordinary_s57,harness_only_partial,109-s52-harness-and-standalone-proof,BOYCON80,only remaining degraded reason is missing repository-owned harness/reference evidence,93805,1941,Point,Paper,s52_point_boyspp_paper_rcid_93805,scene_harness_not_covered
BOYSPP|Point|Paper|1940|93807,BOYSPP,partial,ordinary_s57,harness_only_partial,109-s52-harness-and-standalone-proof,BOYCON81,only remaining degraded reason is missing repository-owned harness/reference evidence,93807,1940,Point,Paper,s52_point_boyspp_paper_rcid_93807,scene_harness_not_covered
BOYSPP|Point|Paper|1989|93873,BOYSPP,partial,ordinary_s57,harness_only_partial,109-s52-harness-and-standalone-proof,BOYBAR01,only remaining degraded reason is missing repository-owned harness/reference evidence,93873,1989,Point,Paper,s52_point_boyspp_paper_rcid_93873,scene_harness_not_covered
BOYSPP|Point|Paper|1939|93898,BOYSPP,partial,ordinary_s57,harness_only_partial,109-s52-harness-and-standalone-proof,BOYCON65,only remaining degraded reason is missing repository-owned harness/reference evidence,93898,1939,Point,Paper,s52_point_boyspp_paper_rcid_93898,scene_harness_not_covered
BOYSPP|Point|Paper|1950|93959,BOYSPP,partial,ordinary_s57,harness_only_partial,109-s52-harness-and-standalone-proof,BOYCAN75,only remaining degraded reason is missing repository-owned harness/reference evidence,93959,1950,Point,Paper,s52_point_boyspp_paper_rcid_93959,scene_harness_not_covered
BOYSPP|Point|Paper|1963|93965,BOYSPP,partial,ordinary_s57,harness_only_partial,109-s52-harness-and-standalone-proof,BOYPIL59,only remaining degraded reason is missing repository-owned harness/reference evidence,93965,1963,Point,Paper,s52_point_boyspp_paper_rcid_93965,scene_harness_not_covered
BOYSPP|Point|Paper|1953|93967,BOYSPP,partial,ordinary_s57,harness_only_partial,109-s52-harness-and-standalone-proof,BOYSUP66,only remaining degraded reason is missing repository-owned harness/reference evidence,93967,1953,Point,Paper,s52_point_boyspp_paper_rcid_93967,scene_harness_not_covered
BOYSPP|Point|Simplified|1047|31099,BOYSPP,partial,ordinary_s57,harness_only_partial,109-s52-harness-and-standalone-proof,BOYSPP15,only remaining degraded reason is missing repository-owned harness/reference evidence,31099,1047,Point,Simplified,s52_point_boyspp_simplified_rcid_31099,scene_harness_not_covered
BOYSPP|Point|Simplified|1048|31100,BOYSPP,partial,ordinary_s57,harness_only_partial,109-s52-harness-and-standalone-proof,BOYSPP25,only remaining degraded reason is missing repository-owned harness/reference evidence,31100,1048,Point,Simplified,s52_point_boyspp_simplified_rcid_31100,scene_harness_not_covered
BOYSPP|Point|Simplified|1049|31101,BOYSPP,partial,ordinary_s57,harness_only_partial,109-s52-harness-and-standalone-proof,BOYSPP15,only remaining degraded reason is missing repository-owned harness/reference evidence,31101,1049,Point,Simplified,s52_point_boyspp_simplified_rcid_31101,scene_harness_not_covered
BOYSPP|Point|Simplified|1050|31102,BOYSPP,partial,ordinary_s57,harness_only_partial,109-s52-harness-and-standalone-proof,BOYSPP25,only remaining degraded reason is missing repository-owned harness/reference evidence,31102,1050,Point,Simplified,s52_point_boyspp_simplified_rcid_31102,scene_harness_not_covered
BOYSPP|Point|Simplified|1051|31103,BOYSPP,partial,ordinary_s57,harness_only_partial,109-s52-harness-and-standalone-proof,BOYSPP11,only remaining degraded reason is missing repository-owned harness/reference evidence,31103,1051,Point,Simplified,s52_point_boyspp_simplified_rcid_31103,scene_harness_not_covered
BOYSPP|Point|Simplified|1052|31104,BOYSPP,partial,ordinary_s57,harness_only_partial,109-s52-harness-and-standalone-proof,BOYSPP11,only remaining degraded reason is missing repository-owned harness/reference evidence,31104,1052,Point,Simplified,s52_point_boyspp_simplified_rcid_31104,scene_harness_not_covered
BOYSPP|Point|Simplified|1053|31105,BOYSPP,partial,ordinary_s57,harness_only_partial,109-s52-harness-and-standalone-proof,BOYSUP02,only remaining degraded reason is missing repository-owned harness/reference evidence,31105,1053,Point,Simplified,s52_point_boyspp_simplified_rcid_31105,scene_harness_not_covered
BOYSPP|Point|Simplified|1054|31106,BOYSPP,partial,ordinary_s57,harness_only_partial,109-s52-harness-and-standalone-proof,BOYDEF03,only remaining degraded reason is missing repository-owned harness/reference evidence,31106,1054,Point,Simplified,s52_point_boyspp_simplified_rcid_31106,scene_harness_not_covered
BOYSPP|Point|Simplified|1055|31107,BOYSPP,partial,ordinary_s57,harness_only_partial,109-s52-harness-and-standalone-proof,BOYSPP15,only remaining degraded reason is missing repository-owned harness/reference evidence,31107,1055,Point,Simplified,s52_point_boyspp_simplified_rcid_31107,scene_harness_not_covered
BOYSPP|Point|Simplified|1056|31108,BOYSPP,partial,ordinary_s57,harness_only_partial,109-s52-harness-and-standalone-proof,BOYSPP25,only remaining degraded reason is missing repository-owned harness/reference evidence,31108,1056,Point,Simplified,s52_point_boyspp_simplified_rcid_31108,scene_harness_not_covered
BOYSPP|Point|Simplified|1057|31109,BOYSPP,partial,ordinary_s57,harness_only_partial,109-s52-harness-and-standalone-proof,BOYSPP11,only remaining degraded reason is missing repository-owned harness/reference evidence,31109,1057,Point,Simplified,s52_point_boyspp_simplified_rcid_31109,scene_harness_not_covered
BOYSPP|Point|Simplified|1058|31110,BOYSPP,partial,ordinary_s57,harness_only_partial,109-s52-harness-and-standalone-proof,BOYSPP11,only remaining degraded reason is missing repository-owned harness/reference evidence,31110,1058,Point,Simplified,s52_point_boyspp_simplified_rcid_31110,scene_harness_not_covered
BOYSPP|Point|Simplified|1059|31111,BOYSPP,partial,ordinary_s57,harness_only_partial,109-s52-harness-and-standalone-proof,BOYSPP11,only remaining degraded reason is missing repository-owned harness/reference evidence,31111,1059,Point,Simplified,s52_point_boyspp_simplified_rcid_31111,scene_harness_not_covered
BOYSPP|Point|Simplified|1060|31112,BOYSPP,partial,ordinary_s57,harness_only_partial,109-s52-harness-and-standalone-proof,BOYSPP11,only remaining degraded reason is missing repository-owned harness/reference evidence,31112,1060,Point,Simplified,s52_point_boyspp_simplified_rcid_31112,scene_harness_not_covered
BOYSPP|Point|Simplified|1061|31113,BOYSPP,partial,ordinary_s57,harness_only_partial,109-s52-harness-and-standalone-proof,BOYSUP02,only remaining degraded reason is missing repository-owned harness/reference evidence,31113,1061,Point,Simplified,s52_point_boyspp_simplified_rcid_31113,scene_harness_not_covered
BOYSPP|Point|Simplified|1062|31114,BOYSPP,partial,ordinary_s57,harness_only_partial,109-s52-harness-and-standalone-proof,BOYSPP11,only remaining degraded reason is missing repository-owned harness/reference evidence,31114,1062,Point,Simplified,s52_point_boyspp_simplified_rcid_31114,scene_harness_not_covered
BOYSPP|Point|Simplified|1063|31115,BOYSPP,partial,ordinary_s57,harness_only_partial,109-s52-harness-and-standalone-proof,BOYSUP02,only remaining degraded reason is missing repository-owned harness/reference evidence,31115,1063,Point,Simplified,s52_point_boyspp_simplified_rcid_31115,scene_harness_not_covered
BRIDGE|Area|Plain|9|32045,BRIDGE,partial,ordinary_s57,harness_only_partial,109-s52-harness-and-standalone-proof,BRIDGE01,only remaining degraded reason is missing repository-owned harness/reference evidence,32045,9,Area,Plain,s52_area_bridge_plain_rcid_32045,scene_harness_not_covered
BRIDGE|Area|Plain|10|32046,BRIDGE,partial,ordinary_s57,harness_only_partial,109-s52-harness-and-standalone-proof,BRIDGE01,only remaining degraded reason is missing repository-owned harness/reference evidence,32046,10,Area,Plain,s52_area_bridge_plain_rcid_32046,scene_harness_not_covered
BRIDGE|Area|Plain|11|32047,BRIDGE,partial,ordinary_s57,harness_only_partial,109-s52-harness-and-standalone-proof,BRIDGE01,only remaining degraded reason is missing repository-owned harness/reference evidence,32047,11,Area,Plain,s52_area_bridge_plain_rcid_32047,scene_harness_not_covered
BRIDGE|Area|Plain|12|32048,BRIDGE,partial,ordinary_s57,harness_only_partial,109-s52-harness-and-standalone-proof,BRIDGE01,only remaining degraded reason is missing repository-owned harness/reference evidence,32048,12,Area,Plain,s52_area_bridge_plain_rcid_32048,scene_harness_not_covered
BRIDGE|Area|Plain|13|32049,BRIDGE,partial,ordinary_s57,harness_only_partial,109-s52-harness-and-standalone-proof,BRIDGE01,only remaining degraded reason is missing repository-owned harness/reference evidence,32049,13,Area,Plain,s52_area_bridge_plain_rcid_32049,scene_harness_not_covered
BRIDGE|Area|Plain|14|32050,BRIDGE,partial,ordinary_s57,harness_only_partial,109-s52-harness-and-standalone-proof,BRIDGE01,only remaining degraded reason is missing repository-owned harness/reference evidence,32050,14,Area,Plain,s52_area_bridge_plain_rcid_32050,scene_harness_not_covered
BRIDGE|Area|Plain|15|32051,BRIDGE,partial,ordinary_s57,harness_only_partial,109-s52-harness-and-standalone-proof,LS_SOLD_4_CHGRD,only remaining degraded reason is missing repository-owned harness/reference evidence,32051,15,Area,Plain,s52_area_bridge_plain_rcid_32051,scene_harness_not_covered
BRIDGE|Area|Symbolized|349|32384,BRIDGE,partial,ordinary_s57,harness_only_partial,109-s52-harness-and-standalone-proof,BRIDGE01,only remaining degraded reason is missing repository-owned harness/reference evidence,32384,349,Area,Symbolized,s52_area_bridge_symbolized_rcid_32384,scene_harness_not_covered
BRIDGE|Area|Symbolized|350|32385,BRIDGE,partial,ordinary_s57,harness_only_partial,109-s52-harness-and-standalone-proof,BRIDGE01,only remaining degraded reason is missing repository-owned harness/reference evidence,32385,350,Area,Symbolized,s52_area_bridge_symbolized_rcid_32385,scene_harness_not_covered
BRIDGE|Area|Symbolized|351|32386,BRIDGE,partial,ordinary_s57,harness_only_partial,109-s52-harness-and-standalone-proof,BRIDGE01,only remaining degraded reason is missing repository-owned harness/reference evidence,32386,351,Area,Symbolized,s52_area_bridge_symbolized_rcid_32386,scene_harness_not_covered
BRIDGE|Area|Symbolized|352|32387,BRIDGE,partial,ordinary_s57,harness_only_partial,109-s52-harness-and-standalone-proof,BRIDGE01,only remaining degraded reason is missing repository-owned harness/reference evidence,32387,352,Area,Symbolized,s52_area_bridge_symbolized_rcid_32387,scene_harness_not_covered
BRIDGE|Area|Symbolized|353|32388,BRIDGE,partial,ordinary_s57,harness_only_partial,109-s52-harness-and-standalone-proof,BRIDGE01,only remaining degraded reason is missing repository-owned harness/reference evidence,32388,353,Area,Symbolized,s52_area_bridge_symbolized_rcid_32388,scene_harness_not_covered
BRIDGE|Area|Symbolized|354|32389,BRIDGE,partial,ordinary_s57,harness_only_partial,109-s52-harness-and-standalone-proof,BRIDGE01,only remaining degraded reason is missing repository-owned harness/reference evidence,32389,354,Area,Symbolized,s52_area_bridge_symbolized_rcid_32389,scene_harness_not_covered
BRIDGE|Area|Symbolized|355|32390,BRIDGE,partial,ordinary_s57,harness_only_partial,109-s52-harness-and-standalone-proof,LS_SOLD_4_CHGRD,only remaining degraded reason is missing repository-owned harness/reference evidence,32390,355,Area,Symbolized,s52_area_bridge_symbolized_rcid_32390,scene_harness_not_covered
BRIDGE|Line|Lines|690|31766,BRIDGE,partial,ordinary_s57,harness_only_partial,109-s52-harness-and-standalone-proof,BRIDGE01,only remaining degraded reason is missing repository-owned harness/reference evidence,31766,690,Line,Lines,s52_line_bridge_lines_rcid_31766,scene_harness_not_covered
BRIDGE|Line|Lines|691|31767,BRIDGE,partial,ordinary_s57,harness_only_partial,109-s52-harness-and-standalone-proof,BRIDGE01,only remaining degraded reason is missing repository-owned harness/reference evidence,31767,691,Line,Lines,s52_line_bridge_lines_rcid_31767,scene_harness_not_covered
BRIDGE|Line|Lines|692|31768,BRIDGE,partial,ordinary_s57,harness_only_partial,109-s52-harness-and-standalone-proof,BRIDGE01,only remaining degraded reason is missing repository-owned harness/reference evidence,31768,692,Line,Lines,s52_line_bridge_lines_rcid_31768,scene_harness_not_covered
BRIDGE|Line|Lines|693|31769,BRIDGE,partial,ordinary_s57,harness_only_partial,109-s52-harness-and-standalone-proof,BRIDGE01,only remaining degraded reason is missing repository-owned harness/reference evidence,31769,693,Line,Lines,s52_line_bridge_lines_rcid_31769,scene_harness_not_covered
BRIDGE|Line|Lines|694|31770,BRIDGE,partial,ordinary_s57,harness_only_partial,109-s52-harness-and-standalone-proof,BRIDGE01,only remaining degraded reason is missing repository-owned harness/reference evidence,31770,694,Line,Lines,s52_line_bridge_lines_rcid_31770,scene_harness_not_covered
BRIDGE|Line|Lines|695|31771,BRIDGE,partial,ordinary_s57,harness_only_partial,109-s52-harness-and-standalone-proof,BRIDGE01,only remaining degraded reason is missing repository-owned harness/reference evidence,31771,695,Line,Lines,s52_line_bridge_lines_rcid_31771,scene_harness_not_covered
BRIDGE|Line|Lines|696|31772,BRIDGE,partial,ordinary_s57,harness_only_partial,109-s52-harness-and-standalone-proof,LS_SOLD_5_CHGRD,only remaining degraded reason is missing repository-owned harness/reference evidence,31772,696,Line,Lines,s52_line_bridge_lines_rcid_31772,scene_harness_not_covered
BRIDGE|Point|Paper|1995|30266,BRIDGE,partial,ordinary_s57,harness_only_partial,109-s52-harness-and-standalone-proof,s52_point_bridge_paper_rcid_30266,only remaining degraded reason is missing repository-owned harness/reference evidence,30266,1995,Point,Paper,s52_point_bridge_paper_rcid_30266,scene_harness_not_covered
BRIDGE|Point|Simplified|1065|31117,BRIDGE,partial,ordinary_s57,harness_only_partial,109-s52-harness-and-standalone-proof,s52_point_bridge_simplified_rcid_31117,only remaining degraded reason is missing repository-owned harness/reference evidence,31117,1065,Point,Simplified,s52_point_bridge_simplified_rcid_31117,scene_harness_not_covered
BUAARE|Area|Plain|16|32052,BUAARE,partial,ordinary_s57,harness_only_partial,109-s52-harness-and-standalone-proof,LS_SOLD_1_LANDF,only remaining degraded reason is missing repository-owned harness/reference evidence,32052,16,Area,Plain,s52_area_buaare_plain_rcid_32052,scene_harness_not_covered
BUAARE|Area|Symbolized|356|32391,BUAARE,partial,ordinary_s57,harness_only_partial,109-s52-harness-and-standalone-proof,LS_SOLD_1_LANDF,only remaining degraded reason is missing repository-owned harness/reference evidence,32391,356,Area,Symbolized,s52_area_buaare_symbolized_rcid_32391,scene_harness_not_covered
BUAARE|Point|Paper|1996|30267,BUAARE,partial,ordinary_s57,harness_only_partial,109-s52-harness-and-standalone-proof,BUAARE02,only remaining degraded reason is missing repository-owned harness/reference evidence,30267,1996,Point,Paper,s52_point_buaare_paper_rcid_30267,scene_harness_not_covered
BUAARE|Point|Simplified|1066|31118,BUAARE,partial,ordinary_s57,harness_only_partial,109-s52-harness-and-standalone-proof,BUAARE02,only remaining degraded reason is missing repository-owned harness/reference evidence,31118,1066,Point,Simplified,s52_point_buaare_simplified_rcid_31118,scene_harness_not_covered
BUIREL|Point|Paper|1997|30268,BUIREL,partial,ordinary_s57,harness_only_partial,109-s52-harness-and-standalone-proof,BUIREL13,only remaining degraded reason is missing repository-owned harness/reference evidence,30268,1997,Point,Paper,s52_point_buirel_paper_rcid_30268,scene_harness_not_covered
BUIREL|Point|Simplified|1067|31119,BUIREL,partial,ordinary_s57,harness_only_partial,109-s52-harness-and-standalone-proof,BUIREL13,only remaining degraded reason is missing repository-owned harness/reference evidence,31119,1067,Point,Simplified,s52_point_buirel_simplified_rcid_31119,scene_harness_not_covered
BUISGL|Area|Plain|17|32053,BUISGL,partial,ordinary_s57,harness_only_partial,109-s52-harness-and-standalone-proof,LS_SOLD_1_CHBLK,only remaining degraded reason is missing repository-owned harness/reference evidence,32053,17,Area,Plain,s52_area_buisgl_plain_rcid_32053,scene_harness_not_covered
BUISGL|Area|Plain|18|32054,BUISGL,partial,ordinary_s57,harness_only_partial,109-s52-harness-and-standalone-proof,LS_SOLD_1_LANDF,only remaining degraded reason is missing repository-owned harness/reference evidence,32054,18,Area,Plain,s52_area_buisgl_plain_rcid_32054,scene_harness_not_covered
BUISGL|Area|Plain|19|32055,BUISGL,partial,ordinary_s57,harness_only_partial,109-s52-harness-and-standalone-proof,LS_SOLD_1_CHBLK,only remaining degraded reason is missing repository-owned harness/reference evidence,32055,19,Area,Plain,s52_area_buisgl_plain_rcid_32055,scene_harness_not_covered
BUISGL|Area|Plain|20|32056,BUISGL,partial,ordinary_s57,harness_only_partial,109-s52-harness-and-standalone-proof,LS_SOLD_1_LANDF,only remaining degraded reason is missing repository-owned harness/reference evidence,32056,20,Area,Plain,s52_area_buisgl_plain_rcid_32056,scene_harness_not_covered
BUISGL|Area|Symbolized|357|32392,BUISGL,partial,ordinary_s57,harness_only_partial,109-s52-harness-and-standalone-proof,LS_SOLD_1_CHBLK,only remaining degraded reason is missing repository-owned harness/reference evidence,32392,357,Area,Symbolized,s52_area_buisgl_symbolized_rcid_32392,scene_harness_not_covered
BUISGL|Area|Symbolized|358|32393,BUISGL,partial,ordinary_s57,harness_only_partial,109-s52-harness-and-standalone-proof,LS_SOLD_1_LANDF,only remaining degraded reason is missing repository-owned harness/reference evidence,32393,358,Area,Symbolized,s52_area_buisgl_symbolized_rcid_32393,scene_harness_not_covered
BUISGL|Area|Symbolized|359|32394,BUISGL,partial,ordinary_s57,harness_only_partial,109-s52-harness-and-standalone-proof,LS_SOLD_1_CHBLK,only remaining degraded reason is missing repository-owned harness/reference evidence,32394,359,Area,Symbolized,s52_area_buisgl_symbolized_rcid_32394,scene_harness_not_covered
BUISGL|Area|Symbolized|360|32395,BUISGL,partial,ordinary_s57,harness_only_partial,109-s52-harness-and-standalone-proof,LS_SOLD_1_LANDF,only remaining degraded reason is missing repository-owned harness/reference evidence,32395,360,Area,Symbolized,s52_area_buisgl_symbolized_rcid_32395,scene_harness_not_covered
BUISGL|Point|Paper|1998|30269,BUISGL,partial,ordinary_s57,harness_only_partial,109-s52-harness-and-standalone-proof,POSGEN03,only remaining degraded reason is missing repository-owned harness/reference evidence,30269,1998,Point,Paper,s52_point_buisgl_paper_rcid_30269,scene_harness_not_covered
BUISGL|Point|Paper|1999|30270,BUISGL,partial,ordinary_s57,harness_only_partial,109-s52-harness-and-standalone-proof,BUIREL13,only remaining degraded reason is missing repository-owned harness/reference evidence,30270,1999,Point,Paper,s52_point_buisgl_paper_rcid_30270,scene_harness_not_covered
BUISGL|Point|Paper|2000|30271,BUISGL,partial,ordinary_s57,harness_only_partial,109-s52-harness-and-standalone-proof,BUIREL13,only remaining degraded reason is missing repository-owned harness/reference evidence,30271,2000,Point,Paper,s52_point_buisgl_paper_rcid_30271,scene_harness_not_covered
BUISGL|Point|Paper|2001|30272,BUISGL,partial,ordinary_s57,harness_only_partial,109-s52-harness-and-standalone-proof,BUIREL14,only remaining degraded reason is missing repository-owned harness/reference evidence,30272,2001,Point,Paper,s52_point_buisgl_paper_rcid_30272,scene_harness_not_covered
BUISGL|Point|Paper|2002|30273,BUISGL,partial,ordinary_s57,harness_only_partial,109-s52-harness-and-standalone-proof,BUIREL14,only remaining degraded reason is missing repository-owned harness/reference evidence,30273,2002,Point,Paper,s52_point_buisgl_paper_rcid_30273,scene_harness_not_covered
BUISGL|Point|Paper|2003|30274,BUISGL,partial,ordinary_s57,harness_only_partial,109-s52-harness-and-standalone-proof,BUIREL14,only remaining degraded reason is missing repository-owned harness/reference evidence,30274,2003,Point,Paper,s52_point_buisgl_paper_rcid_30274,scene_harness_not_covered
BUISGL|Point|Paper|2004|30275,BUISGL,partial,ordinary_s57,harness_only_partial,109-s52-harness-and-standalone-proof,BUIREL14,only remaining degraded reason is missing repository-owned harness/reference evidence,30275,2004,Point,Paper,s52_point_buisgl_paper_rcid_30275,scene_harness_not_covered
BUISGL|Point|Paper|2005|30276,BUISGL,partial,ordinary_s57,harness_only_partial,109-s52-harness-and-standalone-proof,BUIREL15,only remaining degraded reason is missing repository-owned harness/reference evidence,30276,2005,Point,Paper,s52_point_buisgl_paper_rcid_30276,scene_harness_not_covered
BUISGL|Point|Paper|2006|30277,BUISGL,partial,ordinary_s57,harness_only_partial,109-s52-harness-and-standalone-proof,BUIREL15,only remaining degraded reason is missing repository-owned harness/reference evidence,30277,2006,Point,Paper,s52_point_buisgl_paper_rcid_30277,scene_harness_not_covered
BUISGL|Point|Paper|2007|30278,BUISGL,partial,ordinary_s57,harness_only_partial,109-s52-harness-and-standalone-proof,POSGEN03,only remaining degraded reason is missing repository-owned harness/reference evidence,30278,2007,Point,Paper,s52_point_buisgl_paper_rcid_30278,scene_harness_not_covered
BUISGL|Point|Paper|2008|30279,BUISGL,partial,ordinary_s57,harness_only_partial,109-s52-harness-and-standalone-proof,TNKCON12,only remaining degraded reason is missing repository-owned harness/reference evidence,30279,2008,Point,Paper,s52_point_buisgl_paper_rcid_30279,scene_harness_not_covered
BUISGL|Point|Paper|2009|30280,BUISGL,partial,ordinary_s57,harness_only_partial,109-s52-harness-and-standalone-proof,POSGEN03,only remaining degraded reason is missing repository-owned harness/reference evidence,30280,2009,Point,Paper,s52_point_buisgl_paper_rcid_30280,scene_harness_not_covered
BUISGL|Point|Paper|2010|30281,BUISGL,partial,ordinary_s57,harness_only_partial,109-s52-harness-and-standalone-proof,BUIREL01,only remaining degraded reason is missing repository-owned harness/reference evidence,30281,2010,Point,Paper,s52_point_buisgl_paper_rcid_30281,scene_harness_not_covered
BUISGL|Point|Paper|2011|30282,BUISGL,partial,ordinary_s57,harness_only_partial,109-s52-harness-and-standalone-proof,BUIREL01,only remaining degraded reason is missing repository-owned harness/reference evidence,30282,2011,Point,Paper,s52_point_buisgl_paper_rcid_30282,scene_harness_not_covered
BUISGL|Point|Paper|2012|30283,BUISGL,partial,ordinary_s57,harness_only_partial,109-s52-harness-and-standalone-proof,BUIREL04,only remaining degraded reason is missing repository-owned harness/reference evidence,30283,2012,Point,Paper,s52_point_buisgl_paper_rcid_30283,scene_harness_not_covered
BUISGL|Point|Paper|2013|30284,BUISGL,partial,ordinary_s57,harness_only_partial,109-s52-harness-and-standalone-proof,BUIREL04,only remaining degraded reason is missing repository-owned harness/reference evidence,30284,2013,Point,Paper,s52_point_buisgl_paper_rcid_30284,scene_harness_not_covered
BUISGL|Point|Paper|2014|30285,BUISGL,partial,ordinary_s57,harness_only_partial,109-s52-harness-and-standalone-proof,BUIREL04,only remaining degraded reason is missing repository-owned harness/reference evidence,30285,2014,Point,Paper,s52_point_buisgl_paper_rcid_30285,scene_harness_not_covered
BUISGL|Point|Paper|2015|30286,BUISGL,partial,ordinary_s57,harness_only_partial,109-s52-harness-and-standalone-proof,BUIREL04,only remaining degraded reason is missing repository-owned harness/reference evidence,30286,2015,Point,Paper,s52_point_buisgl_paper_rcid_30286,scene_harness_not_covered
BUISGL|Point|Paper|2016|30287,BUISGL,partial,ordinary_s57,harness_only_partial,109-s52-harness-and-standalone-proof,BUIREL05,only remaining degraded reason is missing repository-owned harness/reference evidence,30287,2016,Point,Paper,s52_point_buisgl_paper_rcid_30287,scene_harness_not_covered
BUISGL|Point|Paper|2017|30288,BUISGL,partial,ordinary_s57,harness_only_partial,109-s52-harness-and-standalone-proof,BUIREL05,only remaining degraded reason is missing repository-owned harness/reference evidence,30288,2017,Point,Paper,s52_point_buisgl_paper_rcid_30288,scene_harness_not_covered
BUISGL|Point|Paper|2018|30289,BUISGL,partial,ordinary_s57,harness_only_partial,109-s52-harness-and-standalone-proof,POSGEN03,only remaining degraded reason is missing repository-owned harness/reference evidence,30289,2018,Point,Paper,s52_point_buisgl_paper_rcid_30289,scene_harness_not_covered
BUISGL|Point|Paper|2019|30290,BUISGL,partial,ordinary_s57,harness_only_partial,109-s52-harness-and-standalone-proof,TNKCON02,only remaining degraded reason is missing repository-owned harness/reference evidence,30290,2019,Point,Paper,s52_point_buisgl_paper_rcid_30290,scene_harness_not_covered
BUISGL|Point|Paper|2020|30291,BUISGL,partial,ordinary_s57,harness_only_partial,109-s52-harness-and-standalone-proof,BUISGL11,only remaining degraded reason is missing repository-owned harness/reference evidence,30291,2020,Point,Paper,s52_point_buisgl_paper_rcid_30291,scene_harness_not_covered
BUISGL|Point|Paper|2021|30292,BUISGL,partial,ordinary_s57,harness_only_partial,109-s52-harness-and-standalone-proof,BUISGL01,only remaining degraded reason is missing repository-owned harness/reference evidence,30292,2021,Point,Paper,s52_point_buisgl_paper_rcid_30292,scene_harness_not_covered
BUISGL|Point|Simplified|1068|31120,BUISGL,partial,ordinary_s57,harness_only_partial,109-s52-harness-and-standalone-proof,POSGEN03,only remaining degraded reason is missing repository-owned harness/reference evidence,31120,1068,Point,Simplified,s52_point_buisgl_simplified_rcid_31120,scene_harness_not_covered
BUISGL|Point|Simplified|1069|31121,BUISGL,partial,ordinary_s57,harness_only_partial,109-s52-harness-and-standalone-proof,BUIREL13,only remaining degraded reason is missing repository-owned harness/reference evidence,31121,1069,Point,Simplified,s52_point_buisgl_simplified_rcid_31121,scene_harness_not_covered
BUISGL|Point|Simplified|1070|31122,BUISGL,partial,ordinary_s57,harness_only_partial,109-s52-harness-and-standalone-proof,BUIREL13,only remaining degraded reason is missing repository-owned harness/reference evidence,31122,1070,Point,Simplified,s52_point_buisgl_simplified_rcid_31122,scene_harness_not_covered
BUISGL|Point|Simplified|1071|31123,BUISGL,partial,ordinary_s57,harness_only_partial,109-s52-harness-and-standalone-proof,BUIREL14,only remaining degraded reason is missing repository-owned harness/reference evidence,31123,1071,Point,Simplified,s52_point_buisgl_simplified_rcid_31123,scene_harness_not_covered
BUISGL|Point|Simplified|1072|31124,BUISGL,partial,ordinary_s57,harness_only_partial,109-s52-harness-and-standalone-proof,BUIREL14,only remaining degraded reason is missing repository-owned harness/reference evidence,31124,1072,Point,Simplified,s52_point_buisgl_simplified_rcid_31124,scene_harness_not_covered
BUISGL|Point|Simplified|1073|31125,BUISGL,partial,ordinary_s57,harness_only_partial,109-s52-harness-and-standalone-proof,BUIREL14,only remaining degraded reason is missing repository-owned harness/reference evidence,31125,1073,Point,Simplified,s52_point_buisgl_simplified_rcid_31125,scene_harness_not_covered
BUISGL|Point|Simplified|1074|31126,BUISGL,partial,ordinary_s57,harness_only_partial,109-s52-harness-and-standalone-proof,BUIREL14,only remaining degraded reason is missing repository-owned harness/reference evidence,31126,1074,Point,Simplified,s52_point_buisgl_simplified_rcid_31126,scene_harness_not_covered
BUISGL|Point|Simplified|1075|31127,BUISGL,partial,ordinary_s57,harness_only_partial,109-s52-harness-and-standalone-proof,BUIREL15,only remaining degraded reason is missing repository-owned harness/reference evidence,31127,1075,Point,Simplified,s52_point_buisgl_simplified_rcid_31127,scene_harness_not_covered
BUISGL|Point|Simplified|1076|31128,BUISGL,partial,ordinary_s57,harness_only_partial,109-s52-harness-and-standalone-proof,BUIREL15,only remaining degraded reason is missing repository-owned harness/reference evidence,31128,1076,Point,Simplified,s52_point_buisgl_simplified_rcid_31128,scene_harness_not_covered
BUISGL|Point|Simplified|1077|31129,BUISGL,partial,ordinary_s57,harness_only_partial,109-s52-harness-and-standalone-proof,POSGEN03,only remaining degraded reason is missing repository-owned harness/reference evidence,31129,1077,Point,Simplified,s52_point_buisgl_simplified_rcid_31129,scene_harness_not_covered
BUISGL|Point|Simplified|1078|31130,BUISGL,partial,ordinary_s57,harness_only_partial,109-s52-harness-and-standalone-proof,TNKCON12,only remaining degraded reason is missing repository-owned harness/reference evidence,31130,1078,Point,Simplified,s52_point_buisgl_simplified_rcid_31130,scene_harness_not_covered
BUISGL|Point|Simplified|1079|31131,BUISGL,partial,ordinary_s57,harness_only_partial,109-s52-harness-and-standalone-proof,POSGEN03,only remaining degraded reason is missing repository-owned harness/reference evidence,31131,1079,Point,Simplified,s52_point_buisgl_simplified_rcid_31131,scene_harness_not_covered
BUISGL|Point|Simplified|1080|31132,BUISGL,partial,ordinary_s57,harness_only_partial,109-s52-harness-and-standalone-proof,BUIREL01,only remaining degraded reason is missing repository-owned harness/reference evidence,31132,1080,Point,Simplified,s52_point_buisgl_simplified_rcid_31132,scene_harness_not_covered
BUISGL|Point|Simplified|1081|31133,BUISGL,partial,ordinary_s57,harness_only_partial,109-s52-harness-and-standalone-proof,BUIREL01,only remaining degraded reason is missing repository-owned harness/reference evidence,31133,1081,Point,Simplified,s52_point_buisgl_simplified_rcid_31133,scene_harness_not_covered
BUISGL|Point|Simplified|1082|31134,BUISGL,partial,ordinary_s57,harness_only_partial,109-s52-harness-and-standalone-proof,BUIREL04,only remaining degraded reason is missing repository-owned harness/reference evidence,31134,1082,Point,Simplified,s52_point_buisgl_simplified_rcid_31134,scene_harness_not_covered
BUISGL|Point|Simplified|1083|31135,BUISGL,partial,ordinary_s57,harness_only_partial,109-s52-harness-and-standalone-proof,BUIREL04,only remaining degraded reason is missing repository-owned harness/reference evidence,31135,1083,Point,Simplified,s52_point_buisgl_simplified_rcid_31135,scene_harness_not_covered
BUISGL|Point|Simplified|1084|31136,BUISGL,partial,ordinary_s57,harness_only_partial,109-s52-harness-and-standalone-proof,BUIREL04,only remaining degraded reason is missing repository-owned harness/reference evidence,31136,1084,Point,Simplified,s52_point_buisgl_simplified_rcid_31136,scene_harness_not_covered
BUISGL|Point|Simplified|1085|31137,BUISGL,partial,ordinary_s57,harness_only_partial,109-s52-harness-and-standalone-proof,BUIREL04,only remaining degraded reason is missing repository-owned harness/reference evidence,31137,1085,Point,Simplified,s52_point_buisgl_simplified_rcid_31137,scene_harness_not_covered
BUISGL|Point|Simplified|1086|31138,BUISGL,partial,ordinary_s57,harness_only_partial,109-s52-harness-and-standalone-proof,BUIREL05,only remaining degraded reason is missing repository-owned harness/reference evidence,31138,1086,Point,Simplified,s52_point_buisgl_simplified_rcid_31138,scene_harness_not_covered
BUISGL|Point|Simplified|1087|31139,BUISGL,partial,ordinary_s57,harness_only_partial,109-s52-harness-and-standalone-proof,BUIREL05,only remaining degraded reason is missing repository-owned harness/reference evidence,31139,1087,Point,Simplified,s52_point_buisgl_simplified_rcid_31139,scene_harness_not_covered
BUISGL|Point|Simplified|1088|31140,BUISGL,partial,ordinary_s57,harness_only_partial,109-s52-harness-and-standalone-proof,POSGEN03,only remaining degraded reason is missing repository-owned harness/reference evidence,31140,1088,Point,Simplified,s52_point_buisgl_simplified_rcid_31140,scene_harness_not_covered
BUISGL|Point|Simplified|1089|31141,BUISGL,partial,ordinary_s57,harness_only_partial,109-s52-harness-and-standalone-proof,TNKCON02,only remaining degraded reason is missing repository-owned harness/reference evidence,31141,1089,Point,Simplified,s52_point_buisgl_simplified_rcid_31141,scene_harness_not_covered
BUISGL|Point|Simplified|1090|31142,BUISGL,partial,ordinary_s57,harness_only_partial,109-s52-harness-and-standalone-proof,BUISGL11,only remaining degraded reason is missing repository-owned harness/reference evidence,31142,1090,Point,Simplified,s52_point_buisgl_simplified_rcid_31142,scene_harness_not_covered
BUISGL|Point|Simplified|1091|31143,BUISGL,partial,ordinary_s57,harness_only_partial,109-s52-harness-and-standalone-proof,BUISGL01,only remaining degraded reason is missing repository-owned harness/reference evidence,31143,1091,Point,Simplified,s52_point_buisgl_simplified_rcid_31143,scene_harness_not_covered
CANALS|Area|Plain|21|32057,CANALS,partial,ordinary_s57,harness_only_partial,109-s52-harness-and-standalone-proof,LS_DASH_1_CHBLK,only remaining degraded reason is missing repository-owned harness/reference evidence,32057,21,Area,Plain,s52_area_canals_plain_rcid_32057,scene_harness_not_covered
CANALS|Area|Plain|22|32058,CANALS,partial,ordinary_s57,harness_only_partial,109-s52-harness-and-standalone-proof,LS_SOLD_1_CHBLK,only remaining degraded reason is missing repository-owned harness/reference evidence,32058,22,Area,Plain,s52_area_canals_plain_rcid_32058,scene_harness_not_covered
CANALS|Area|Symbolized|361|32396,CANALS,partial,ordinary_s57,harness_only_partial,109-s52-harness-and-standalone-proof,LS_DASH_1_CHBLK,only remaining degraded reason is missing repository-owned harness/reference evidence,32396,361,Area,Symbolized,s52_area_canals_symbolized_rcid_32396,scene_harness_not_covered
CANALS|Area|Symbolized|362|32397,CANALS,partial,ordinary_s57,harness_only_partial,109-s52-harness-and-standalone-proof,LS_SOLD_1_CHBLK,only remaining degraded reason is missing repository-owned harness/reference evidence,32397,362,Area,Symbolized,s52_area_canals_symbolized_rcid_32397,scene_harness_not_covered
CANALS|Line|Lines|697|31773,CANALS,partial,ordinary_s57,harness_only_partial,109-s52-harness-and-standalone-proof,LS_SOLD_1_CHBLK,only remaining degraded reason is missing repository-owned harness/reference evidence,31773,697,Line,Lines,s52_line_canals_lines_rcid_31773,scene_harness_not_covered
CAUSWY|Area|Plain|23|32059,CAUSWY,partial,ordinary_s57,harness_only_partial,109-s52-harness-and-standalone-proof,LS_DASH_2_CSTLN,only remaining degraded reason is missing repository-owned harness/reference evidence,32059,23,Area,Plain,s52_area_causwy_plain_rcid_32059,scene_harness_not_covered
CAUSWY|Area|Plain|24|32060,CAUSWY,partial,ordinary_s57,harness_only_partial,109-s52-harness-and-standalone-proof,LS_SOLD_1_CSTLN,only remaining degraded reason is missing repository-owned harness/reference evidence,32060,24,Area,Plain,s52_area_causwy_plain_rcid_32060,scene_harness_not_covered
CAUSWY|Area|Symbolized|363|32398,CAUSWY,partial,ordinary_s57,harness_only_partial,109-s52-harness-and-standalone-proof,LS_DASH_2_CSTLN,only remaining degraded reason is missing repository-owned harness/reference evidence,32398,363,Area,Symbolized,s52_area_causwy_symbolized_rcid_32398,scene_harness_not_covered
CAUSWY|Area|Symbolized|364|32399,CAUSWY,partial,ordinary_s57,harness_only_partial,109-s52-harness-and-standalone-proof,LS_SOLD_1_CSTLN,only remaining degraded reason is missing repository-owned harness/reference evidence,32399,364,Area,Symbolized,s52_area_causwy_symbolized_rcid_32399,scene_harness_not_covered
CAUSWY|Line|Lines|698|31774,CAUSWY,partial,ordinary_s57,harness_only_partial,109-s52-harness-and-standalone-proof,LS_DASH_3_LANDF,only remaining degraded reason is missing repository-owned harness/reference evidence,31774,698,Line,Lines,s52_line_causwy_lines_rcid_31774,scene_harness_not_covered
CAUSWY|Line|Lines|699|31775,CAUSWY,partial,ordinary_s57,harness_only_partial,109-s52-harness-and-standalone-proof,LS_SOLD_3_LANDF,only remaining degraded reason is missing repository-owned harness/reference evidence,31775,699,Line,Lines,s52_line_causwy_lines_rcid_31775,scene_harness_not_covered
CBLARE|Area|Plain|25|32061,CBLARE,partial,ordinary_s57,harness_only_partial,109-s52-harness-and-standalone-proof,CBLARE51,only remaining degraded reason is missing repository-owned harness/reference evidence,32061,25,Area,Plain,s52_area_cblare_plain_rcid_32061,scene_harness_not_covered
CBLARE|Area|Symbolized|365|32400,CBLARE,partial,ordinary_s57,harness_only_partial,109-s52-harness-and-standalone-proof,CBLARE51,only remaining degraded reason is missing repository-owned harness/reference evidence,32400,365,Area,Symbolized,s52_area_cblare_symbolized_rcid_32400,scene_harness_not_covered
CBLOHD|Line|Lines|700|31776,CBLOHD,partial,ordinary_s57,harness_only_partial,109-s52-harness-and-standalone-proof,RACNSP01,only remaining degraded reason is missing repository-owned harness/reference evidence,31776,700,Line,Lines,s52_line_cblohd_lines_rcid_31776,scene_harness_not_covered
CBLOHD|Line|Lines|701|31777,CBLOHD,partial,ordinary_s57,harness_only_partial,109-s52-harness-and-standalone-proof,RACNSP01,only remaining degraded reason is missing repository-owned harness/reference evidence,31777,701,Line,Lines,s52_line_cblohd_lines_rcid_31777,scene_harness_not_covered
CBLOHD|Line|Lines|702|31778,CBLOHD,partial,ordinary_s57,harness_only_partial,109-s52-harness-and-standalone-proof,RACNSP01,only remaining degraded reason is missing repository-owned harness/reference evidence,31778,702,Line,Lines,s52_line_cblohd_lines_rcid_31778,scene_harness_not_covered
CBLOHD|Line|Lines|703|31779,CBLOHD,partial,ordinary_s57,harness_only_partial,109-s52-harness-and-standalone-proof,RACNSP01,only remaining degraded reason is missing repository-owned harness/reference evidence,31779,703,Line,Lines,s52_line_cblohd_lines_rcid_31779,scene_harness_not_covered
CBLOHD|Line|Lines|704|31780,CBLOHD,partial,ordinary_s57,harness_only_partial,109-s52-harness-and-standalone-proof,RACNSP01,only remaining degraded reason is missing repository-owned harness/reference evidence,31780,704,Line,Lines,s52_line_cblohd_lines_rcid_31780,scene_harness_not_covered
CBLOHD|Line|Lines|705|31781,CBLOHD,partial,ordinary_s57,harness_only_partial,109-s52-harness-and-standalone-proof,RACNSP01,only remaining degraded reason is missing repository-owned harness/reference evidence,31781,705,Line,Lines,s52_line_cblohd_lines_rcid_31781,scene_harness_not_covered
CBLOHD|Line|Lines|706|31782,CBLOHD,partial,ordinary_s57,harness_only_partial,109-s52-harness-and-standalone-proof,LS_DASH_4_CHGRD,only remaining degraded reason is missing repository-owned harness/reference evidence,31782,706,Line,Lines,s52_line_cblohd_lines_rcid_31782,scene_harness_not_covered
CBLOHD|Line|Lines|707|31783,CBLOHD,partial,ordinary_s57,harness_only_partial,109-s52-harness-and-standalone-proof,LS_DASH_4_CHGRD,only remaining degraded reason is missing repository-owned harness/reference evidence,31783,707,Line,Lines,s52_line_cblohd_lines_rcid_31783,scene_harness_not_covered
CBLOHD|Line|Lines|708|31784,CBLOHD,partial,ordinary_s57,harness_only_partial,109-s52-harness-and-standalone-proof,LS_DASH_4_CHGRD,only remaining degraded reason is missing repository-owned harness/reference evidence,31784,708,Line,Lines,s52_line_cblohd_lines_rcid_31784,scene_harness_not_covered
CBLSUB|Line|Lines|709|31785,CBLSUB,partial,ordinary_s57,harness_only_partial,109-s52-harness-and-standalone-proof,LS_DASH_1_CHMGD,only remaining degraded reason is missing repository-owned harness/reference evidence,31785,709,Line,Lines,s52_line_cblsub_lines_rcid_31785,scene_harness_not_covered
CBLSUB|Line|Lines|710|31786,CBLSUB,partial,ordinary_s57,harness_only_partial,109-s52-harness-and-standalone-proof,CBLSUB06,only remaining degraded reason is missing repository-owned harness/reference evidence,31786,710,Line,Lines,s52_line_cblsub_lines_rcid_31786,scene_harness_not_covered
CGUSTA|Point|Paper|2022|30293,CGUSTA,partial,ordinary_s57,harness_only_partial,109-s52-harness-and-standalone-proof,CGUSTA02,only remaining degraded reason is missing repository-owned harness/reference evidence,30293,2022,Point,Paper,s52_point_cgusta_paper_rcid_30293,scene_harness_not_covered
CGUSTA|Point|Simplified|1092|31144,CGUSTA,partial,ordinary_s57,harness_only_partial,109-s52-harness-and-standalone-proof,CGUSTA02,only remaining degraded reason is missing repository-owned harness/reference evidence,31144,1092,Point,Simplified,s52_point_cgusta_simplified_rcid_31144,scene_harness_not_covered
CHKPNT|Area|Plain|26|32062,CHKPNT,partial,ordinary_s57,harness_only_partial,109-s52-harness-and-standalone-proof,POSGEN04,only remaining degraded reason is missing repository-owned harness/reference evidence,32062,26,Area,Plain,s52_area_chkpnt_plain_rcid_32062,scene_harness_not_covered
CHKPNT|Area|Symbolized|366|32401,CHKPNT,partial,ordinary_s57,harness_only_partial,109-s52-harness-and-standalone-proof,POSGEN04,only remaining degraded reason is missing repository-owned harness/reference evidence,32401,366,Area,Symbolized,s52_area_chkpnt_symbolized_rcid_32401,scene_harness_not_covered
CHKPNT|Point|Paper|2023|30294,CHKPNT,partial,ordinary_s57,harness_only_partial,109-s52-harness-and-standalone-proof,s52_point_chkpnt_paper_rcid_30294,only remaining degraded reason is missing repository-owned harness/reference evidence,30294,2023,Point,Paper,s52_point_chkpnt_paper_rcid_30294,scene_harness_not_covered
CHKPNT|Point|Simplified|1093|31145,CHKPNT,partial,ordinary_s57,harness_only_partial,109-s52-harness-and-standalone-proof,s52_point_chkpnt_simplified_rcid_31145,only remaining degraded reason is missing repository-owned harness/reference evidence,31145,1093,Point,Simplified,s52_point_chkpnt_simplified_rcid_31145,scene_harness_not_covered
CHNWIR|Line|Lines|711|31787,CHNWIR,partial,ordinary_s57,harness_only_partial,109-s52-harness-and-standalone-proof,LS_DASH_1_CHBLK,only remaining degraded reason is missing repository-owned harness/reference evidence,31787,711,Line,Lines,s52_line_chnwir_lines_rcid_31787,scene_harness_not_covered
COALNE|Line|Lines|712|31788,COALNE,partial,ordinary_s57,harness_only_partial,109-s52-harness-and-standalone-proof,LS_DASH_1_CSTLN,only remaining degraded reason is missing repository-owned harness/reference evidence,31788,712,Line,Lines,s52_line_coalne_lines_rcid_31788,scene_harness_not_covered
COALNE|Line|Lines|713|31789,COALNE,partial,ordinary_s57,harness_only_partial,109-s52-harness-and-standalone-proof,LS_DASH_1_CSTLN,only remaining degraded reason is missing repository-owned harness/reference evidence,31789,713,Line,Lines,s52_line_coalne_lines_rcid_31789,scene_harness_not_covered
COALNE|Line|Lines|714|31790,COALNE,partial,ordinary_s57,harness_only_partial,109-s52-harness-and-standalone-proof,LS_DASH_1_CSTLN,only remaining degraded reason is missing repository-owned harness/reference evidence,31790,714,Line,Lines,s52_line_coalne_lines_rcid_31790,scene_harness_not_covered
COALNE|Line|Lines|715|31791,COALNE,partial,ordinary_s57,harness_only_partial,109-s52-harness-and-standalone-proof,LS_DASH_1_CSTLN,only remaining degraded reason is missing repository-owned harness/reference evidence,31791,715,Line,Lines,s52_line_coalne_lines_rcid_31791,scene_harness_not_covered
CONVYR|Area|Plain|27|32063,CONVYR,partial,ordinary_s57,harness_only_partial,109-s52-harness-and-standalone-proof,RACNSP01,only remaining degraded reason is missing repository-owned harness/reference evidence,32063,27,Area,Plain,s52_area_convyr_plain_rcid_32063,scene_harness_not_covered
CONVYR|Area|Plain|28|32064,CONVYR,partial,ordinary_s57,harness_only_partial,109-s52-harness-and-standalone-proof,RACNSP01,only remaining degraded reason is missing repository-owned harness/reference evidence,32064,28,Area,Plain,s52_area_convyr_plain_rcid_32064,scene_harness_not_covered
CONVYR|Area|Plain|29|32065,CONVYR,partial,ordinary_s57,harness_only_partial,109-s52-harness-and-standalone-proof,LS_SOLD_3_CHGRD,only remaining degraded reason is missing repository-owned harness/reference evidence,32065,29,Area,Plain,s52_area_convyr_plain_rcid_32065,scene_harness_not_covered
CONVYR|Area|Symbolized|367|32402,CONVYR,partial,ordinary_s57,harness_only_partial,109-s52-harness-and-standalone-proof,RACNSP01,only remaining degraded reason is missing repository-owned harness/reference evidence,32402,367,Area,Symbolized,s52_area_convyr_symbolized_rcid_32402,scene_harness_not_covered
CONVYR|Area|Symbolized|368|32403,CONVYR,partial,ordinary_s57,harness_only_partial,109-s52-harness-and-standalone-proof,RACNSP01,only remaining degraded reason is missing repository-owned harness/reference evidence,32403,368,Area,Symbolized,s52_area_convyr_symbolized_rcid_32403,scene_harness_not_covered
CONVYR|Area|Symbolized|369|32404,CONVYR,partial,ordinary_s57,harness_only_partial,109-s52-harness-and-standalone-proof,LS_SOLD_3_CHGRD,only remaining degraded reason is missing repository-owned harness/reference evidence,32404,369,Area,Symbolized,s52_area_convyr_symbolized_rcid_32404,scene_harness_not_covered
CONVYR|Line|Lines|717|31793,CONVYR,partial,ordinary_s57,harness_only_partial,109-s52-harness-and-standalone-proof,RACNSP01,only remaining degraded reason is missing repository-owned harness/reference evidence,31793,717,Line,Lines,s52_line_convyr_lines_rcid_31793,scene_harness_not_covered
CONVYR|Line|Lines|718|31794,CONVYR,partial,ordinary_s57,harness_only_partial,109-s52-harness-and-standalone-proof,RACNSP01,only remaining degraded reason is missing repository-owned harness/reference evidence,31794,718,Line,Lines,s52_line_convyr_lines_rcid_31794,scene_harness_not_covered
CONVYR|Line|Lines|719|31795,CONVYR,partial,ordinary_s57,harness_only_partial,109-s52-harness-and-standalone-proof,RACNSP01,only remaining degraded reason is missing repository-owned harness/reference evidence,31795,719,Line,Lines,s52_line_convyr_lines_rcid_31795,scene_harness_not_covered
CONVYR|Line|Lines|720|31796,CONVYR,partial,ordinary_s57,harness_only_partial,109-s52-harness-and-standalone-proof,RACNSP01,only remaining degraded reason is missing repository-owned harness/reference evidence,31796,720,Line,Lines,s52_line_convyr_lines_rcid_31796,scene_harness_not_covered
CONVYR|Line|Lines|721|31797,CONVYR,partial,ordinary_s57,harness_only_partial,109-s52-harness-and-standalone-proof,LS_DASH_4_CHGRD,only remaining degraded reason is missing repository-owned harness/reference evidence,31797,721,Line,Lines,s52_line_convyr_lines_rcid_31797,scene_harness_not_covered
CONVYR|Line|Lines|722|31798,CONVYR,partial,ordinary_s57,harness_only_partial,109-s52-harness-and-standalone-proof,LS_SOLD_3_CHGRD,only remaining degraded reason is missing repository-owned harness/reference evidence,31798,722,Line,Lines,s52_line_convyr_lines_rcid_31798,scene_harness_not_covered
CONVYR|Line|Lines|723|31799,CONVYR,partial,ordinary_s57,harness_only_partial,109-s52-harness-and-standalone-proof,RACNSP01,only remaining degraded reason is missing repository-owned harness/reference evidence,31799,723,Line,Lines,s52_line_convyr_lines_rcid_31799,scene_harness_not_covered
CONVYR|Line|Lines|724|31800,CONVYR,partial,ordinary_s57,harness_only_partial,109-s52-harness-and-standalone-proof,RACNSP01,only remaining degraded reason is missing repository-owned harness/reference evidence,31800,724,Line,Lines,s52_line_convyr_lines_rcid_31800,scene_harness_not_covered
CONVYR|Line|Lines|725|31801,CONVYR,partial,ordinary_s57,harness_only_partial,109-s52-harness-and-standalone-proof,LS_DASH_4_CHGRD,only remaining degraded reason is missing repository-owned harness/reference evidence,31801,725,Line,Lines,s52_line_convyr_lines_rcid_31801,scene_harness_not_covered
CONZNE|Area|Plain|30|32066,CONZNE,partial,ordinary_s57,harness_only_partial,109-s52-harness-and-standalone-proof,LS_DASH_2_CHGRF,only remaining degraded reason is missing repository-owned harness/reference evidence,32066,30,Area,Plain,s52_area_conzne_plain_rcid_32066,scene_harness_not_covered
CONZNE|Area|Symbolized|370|32405,CONZNE,partial,ordinary_s57,harness_only_partial,109-s52-harness-and-standalone-proof,LS_DASH_2_CHGRF,only remaining degraded reason is missing repository-owned harness/reference evidence,32405,370,Area,Symbolized,s52_area_conzne_symbolized_rcid_32405,scene_harness_not_covered
COSARE|Area|Plain|31|32067,COSARE,partial,ordinary_s57,harness_only_partial,109-s52-harness-and-standalone-proof,LS_DASH_2_CHGRF,only remaining degraded reason is missing repository-owned harness/reference evidence,32067,31,Area,Plain,s52_area_cosare_plain_rcid_32067,scene_harness_not_covered
COSARE|Area|Symbolized|371|32406,COSARE,partial,ordinary_s57,harness_only_partial,109-s52-harness-and-standalone-proof,LS_DASH_2_CHGRF,only remaining degraded reason is missing repository-owned harness/reference evidence,32406,371,Area,Symbolized,s52_area_cosare_symbolized_rcid_32406,scene_harness_not_covered
CRANES|Area|Plain|32|32068,CRANES,partial,ordinary_s57,harness_only_partial,109-s52-harness-and-standalone-proof,LS_SOLD_1_CHBLK,only remaining degraded reason is missing repository-owned harness/reference evidence,32068,32,Area,Plain,s52_area_cranes_plain_rcid_32068,scene_harness_not_covered
CRANES|Area|Plain|33|32069,CRANES,partial,ordinary_s57,harness_only_partial,109-s52-harness-and-standalone-proof,LS_SOLD_1_LANDF,only remaining degraded reason is missing repository-owned harness/reference evidence,32069,33,Area,Plain,s52_area_cranes_plain_rcid_32069,scene_harness_not_covered
CRANES|Area|Symbolized|372|32407,CRANES,partial,ordinary_s57,harness_only_partial,109-s52-harness-and-standalone-proof,LS_SOLD_1_CHBLK,only remaining degraded reason is missing repository-owned harness/reference evidence,32407,372,Area,Symbolized,s52_area_cranes_symbolized_rcid_32407,scene_harness_not_covered
CRANES|Area|Symbolized|373|32408,CRANES,partial,ordinary_s57,harness_only_partial,109-s52-harness-and-standalone-proof,LS_SOLD_1_LANDF,only remaining degraded reason is missing repository-owned harness/reference evidence,32408,373,Area,Symbolized,s52_area_cranes_symbolized_rcid_32408,scene_harness_not_covered
CRANES|Point|Paper|2024|30295,CRANES,partial,ordinary_s57,harness_only_partial,109-s52-harness-and-standalone-proof,CRANES01,only remaining degraded reason is missing repository-owned harness/reference evidence,30295,2024,Point,Paper,s52_point_cranes_paper_rcid_30295,scene_harness_not_covered
CRANES|Point|Simplified|1094|31146,CRANES,partial,ordinary_s57,harness_only_partial,109-s52-harness-and-standalone-proof,CRANES01,only remaining degraded reason is missing repository-owned harness/reference evidence,31146,1094,Point,Simplified,s52_point_cranes_simplified_rcid_31146,scene_harness_not_covered
CTNARE|Area|Plain|34|32070,CTNARE,partial,ordinary_s57,harness_only_partial,109-s52-harness-and-standalone-proof,CTNARE51,only remaining degraded reason is missing repository-owned harness/reference evidence,32070,34,Area,Plain,s52_area_ctnare_plain_rcid_32070,scene_harness_not_covered
CTNARE|Area|Symbolized|374|32409,CTNARE,partial,ordinary_s57,harness_only_partial,109-s52-harness-and-standalone-proof,CTNARE51,only remaining degraded reason is missing repository-owned harness/reference evidence,32409,374,Area,Symbolized,s52_area_ctnare_symbolized_rcid_32409,scene_harness_not_covered
CTNARE|Point|Paper|2025|30296,CTNARE,partial,ordinary_s57,harness_only_partial,109-s52-harness-and-standalone-proof,CHINFO06,only remaining degraded reason is missing repository-owned harness/reference evidence,30296,2025,Point,Paper,s52_point_ctnare_paper_rcid_30296,scene_harness_not_covered
CTNARE|Point|Simplified|1095|31147,CTNARE,partial,ordinary_s57,harness_only_partial,109-s52-harness-and-standalone-proof,CHINFO06,only remaining degraded reason is missing repository-owned harness/reference evidence,31147,1095,Point,Simplified,s52_point_ctnare_simplified_rcid_31147,scene_harness_not_covered
CTRPNT|Point|Paper|2026|30297,CTRPNT,partial,ordinary_s57,harness_only_partial,109-s52-harness-and-standalone-proof,POSGEN04,only remaining degraded reason is missing repository-owned harness/reference evidence,30297,2026,Point,Paper,s52_point_ctrpnt_paper_rcid_30297,scene_harness_not_covered
CTRPNT|Point|Simplified|1096|31148,CTRPNT,partial,ordinary_s57,harness_only_partial,109-s52-harness-and-standalone-proof,POSGEN04,only remaining degraded reason is missing repository-owned harness/reference evidence,31148,1096,Point,Simplified,s52_point_ctrpnt_simplified_rcid_31148,scene_harness_not_covered
CTSARE|Area|Plain|35|32071,CTSARE,partial,ordinary_s57,harness_only_partial,109-s52-harness-and-standalone-proof,INFARE51,only remaining degraded reason is missing repository-owned harness/reference evidence,32071,35,Area,Plain,s52_area_ctsare_plain_rcid_32071,scene_harness_not_covered
CTSARE|Area|Symbolized|375|32410,CTSARE,partial,ordinary_s57,harness_only_partial,109-s52-harness-and-standalone-proof,INFARE51,only remaining degraded reason is missing repository-owned harness/reference evidence,32410,375,Area,Symbolized,s52_area_ctsare_symbolized_rcid_32410,scene_harness_not_covered
CTSARE|Point|Paper|2027|30298,CTSARE,partial,ordinary_s57,harness_only_partial,109-s52-harness-and-standalone-proof,CHINFO07,only remaining degraded reason is missing repository-owned harness/reference evidence,30298,2027,Point,Paper,s52_point_ctsare_paper_rcid_30298,scene_harness_not_covered
CTSARE|Point|Simplified|1097|31149,CTSARE,partial,ordinary_s57,harness_only_partial,109-s52-harness-and-standalone-proof,CHINFO07,only remaining degraded reason is missing repository-owned harness/reference evidence,31149,1097,Point,Simplified,s52_point_ctsare_simplified_rcid_31149,scene_harness_not_covered
CURENT|Point|Paper|2028|30299,CURENT,partial,ordinary_s57,harness_only_partial,109-s52-harness-and-standalone-proof,CURENT01,only remaining degraded reason is missing repository-owned harness/reference evidence,30299,2028,Point,Paper,s52_point_curent_paper_rcid_30299,scene_harness_not_covered
CURENT|Point|Paper|2029|30300,CURENT,partial,ordinary_s57,harness_only_partial,109-s52-harness-and-standalone-proof,CURENT01,only remaining degraded reason is missing repository-owned harness/reference evidence,30300,2029,Point,Paper,s52_point_curent_paper_rcid_30300,scene_harness_not_covered
CURENT|Point|Paper|2030|30301,CURENT,partial,ordinary_s57,harness_only_partial,109-s52-harness-and-standalone-proof,s52_point_curent_paper_rcid_30301,only remaining degraded reason is missing repository-owned harness/reference evidence,30301,2030,Point,Paper,s52_point_curent_paper_rcid_30301,scene_harness_not_covered
CURENT|Point|Simplified|1098|31150,CURENT,partial,ordinary_s57,harness_only_partial,109-s52-harness-and-standalone-proof,CURENT01,only remaining degraded reason is missing repository-owned harness/reference evidence,31150,1098,Point,Simplified,s52_point_curent_simplified_rcid_31150,scene_harness_not_covered
CURENT|Point|Simplified|1099|31151,CURENT,partial,ordinary_s57,harness_only_partial,109-s52-harness-and-standalone-proof,CURENT01,only remaining degraded reason is missing repository-owned harness/reference evidence,31151,1099,Point,Simplified,s52_point_curent_simplified_rcid_31151,scene_harness_not_covered
CURENT|Point|Simplified|1100|31152,CURENT,partial,ordinary_s57,harness_only_partial,109-s52-harness-and-standalone-proof,s52_point_curent_simplified_rcid_31152,only remaining degraded reason is missing repository-owned harness/reference evidence,31152,1100,Point,Simplified,s52_point_curent_simplified_rcid_31152,scene_harness_not_covered
CUSZNE|Area|Plain|36|32072,CUSZNE,partial,ordinary_s57,harness_only_partial,109-s52-harness-and-standalone-proof,LS_DASH_1_CHGRF,only remaining degraded reason is missing repository-owned harness/reference evidence,32072,36,Area,Plain,s52_area_cuszne_plain_rcid_32072,scene_harness_not_covered
CUSZNE|Area|Symbolized|376|32411,CUSZNE,partial,ordinary_s57,harness_only_partial,109-s52-harness-and-standalone-proof,LS_DASH_1_CHGRF,only remaining degraded reason is missing repository-owned harness/reference evidence,32411,376,Area,Symbolized,s52_area_cuszne_symbolized_rcid_32411,scene_harness_not_covered
DAMCON|Area|Plain|37|32073,DAMCON,partial,ordinary_s57,harness_only_partial,109-s52-harness-and-standalone-proof,LS_SOLD_2_CSTLN,only remaining degraded reason is missing repository-owned harness/reference evidence,32073,37,Area,Plain,s52_area_damcon_plain_rcid_32073,scene_harness_not_covered
DAMCON|Area|Plain|38|32074,DAMCON,partial,ordinary_s57,harness_only_partial,109-s52-harness-and-standalone-proof,LS_SOLD_1_LANDF,only remaining degraded reason is missing repository-owned harness/reference evidence,32074,38,Area,Plain,s52_area_damcon_plain_rcid_32074,scene_harness_not_covered
DAMCON|Area|Symbolized|377|32412,DAMCON,partial,ordinary_s57,harness_only_partial,109-s52-harness-and-standalone-proof,LS_SOLD_2_CSTLN,only remaining degraded reason is missing repository-owned harness/reference evidence,32412,377,Area,Symbolized,s52_area_damcon_symbolized_rcid_32412,scene_harness_not_covered
DAMCON|Area|Symbolized|378|32413,DAMCON,partial,ordinary_s57,harness_only_partial,109-s52-harness-and-standalone-proof,LS_SOLD_1_LANDF,only remaining degraded reason is missing repository-owned harness/reference evidence,32413,378,Area,Symbolized,s52_area_damcon_symbolized_rcid_32413,scene_harness_not_covered
DAMCON|Line|Lines|726|31802,DAMCON,partial,ordinary_s57,harness_only_partial,109-s52-harness-and-standalone-proof,LS_SOLD_2_CSTLN,only remaining degraded reason is missing repository-owned harness/reference evidence,31802,726,Line,Lines,s52_line_damcon_lines_rcid_31802,scene_harness_not_covered
DAMCON|Line|Lines|727|31803,DAMCON,partial,ordinary_s57,harness_only_partial,109-s52-harness-and-standalone-proof,LS_SOLD_4_LANDF,only remaining degraded reason is missing repository-owned harness/reference evidence,31803,727,Line,Lines,s52_line_damcon_lines_rcid_31803,scene_harness_not_covered
DAMCON|Point|Paper|2031|30302,DAMCON,partial,ordinary_s57,harness_only_partial,109-s52-harness-and-standalone-proof,CHINFO06,only remaining degraded reason is missing repository-owned harness/reference evidence,30302,2031,Point,Paper,s52_point_damcon_paper_rcid_30302,scene_harness_not_covered
DAMCON|Point|Paper|2032|30303,DAMCON,partial,ordinary_s57,harness_only_partial,109-s52-harness-and-standalone-proof,s52_point_damcon_paper_rcid_30303,only remaining degraded reason is missing repository-owned harness/reference evidence,30303,2032,Point,Paper,s52_point_damcon_paper_rcid_30303,scene_harness_not_covered
DAMCON|Point|Simplified|1101|31153,DAMCON,partial,ordinary_s57,harness_only_partial,109-s52-harness-and-standalone-proof,CHINFO06,only remaining degraded reason is missing repository-owned harness/reference evidence,31153,1101,Point,Simplified,s52_point_damcon_simplified_rcid_31153,scene_harness_not_covered
DAMCON|Point|Simplified|1102|31154,DAMCON,partial,ordinary_s57,harness_only_partial,109-s52-harness-and-standalone-proof,s52_point_damcon_simplified_rcid_31154,only remaining degraded reason is missing repository-owned harness/reference evidence,31154,1102,Point,Simplified,s52_point_damcon_simplified_rcid_31154,scene_harness_not_covered
DAYMAR|Point|Paper|2034|30304,DAYMAR,partial,ordinary_s57,harness_only_partial,109-s52-harness-and-standalone-proof,TOPSHP76,only remaining degraded reason is missing repository-owned harness/reference evidence,30304,2034,Point,Paper,s52_point_daymar_paper_rcid_30304,scene_harness_not_covered
DAYMAR|Point|Paper|2036|30306,DAYMAR,partial,ordinary_s57,harness_only_partial,109-s52-harness-and-standalone-proof,TOPSHP96,only remaining degraded reason is missing repository-owned harness/reference evidence,30306,2036,Point,Paper,s52_point_daymar_paper_rcid_30306,scene_harness_not_covered
DAYMAR|Point|Paper|2038|30307,DAYMAR,partial,ordinary_s57,parser_or_compiler_spillover,108-s52-all-lookuprow-closure,TOPSHP73TESOBJNAM21215110_1_1CHBLK21,asset id or family looks like spillover/malformed parser output rather than a clean symbol gap,30307,2038,Point,Paper,s52_point_daymar_paper_rcid_30307,compiler_missing_point_asset:TOPSHP73TESOBJNAM21215110_1_1CHBLK21;scene_harness_not_covered
DAYMAR|Point|Paper|2039|30308,DAYMAR,partial,ordinary_s57,harness_only_partial,109-s52-harness-and-standalone-proof,TOPSHP72,only remaining degraded reason is missing repository-owned harness/reference evidence,30308,2039,Point,Paper,s52_point_daymar_paper_rcid_30308,scene_harness_not_covered
DAYMAR|Point|Paper|2040|30309,DAYMAR,partial,ordinary_s57,harness_only_partial,109-s52-harness-and-standalone-proof,TOPSHP64,only remaining degraded reason is missing repository-owned harness/reference evidence,30309,2040,Point,Paper,s52_point_daymar_paper_rcid_30309,scene_harness_not_covered
DAYMAR|Point|Paper|2042|30310,DAYMAR,partial,ordinary_s57,harness_only_partial,109-s52-harness-and-standalone-proof,TOPSHP43,only remaining degraded reason is missing repository-owned harness/reference evidence,30310,2042,Point,Paper,s52_point_daymar_paper_rcid_30310,scene_harness_not_covered
DAYMAR|Point|Paper|2043|30311,DAYMAR,partial,ordinary_s57,harness_only_partial,109-s52-harness-and-standalone-proof,TOPSHP43,only remaining degraded reason is missing repository-owned harness/reference evidence,30311,2043,Point,Paper,s52_point_daymar_paper_rcid_30311,scene_harness_not_covered
DAYMAR|Point|Paper|2046|30312,DAYMAR,partial,ordinary_s57,parser_or_compiler_spillover,108-s52-all-lookuprow-closure,TOPSHP09TESOBJNAM21215110_1_1CHBLK21,asset id or family looks like spillover/malformed parser output rather than a clean symbol gap,30312,2046,Point,Paper,s52_point_daymar_paper_rcid_30312,compiler_missing_point_asset:TOPSHP09TESOBJNAM21215110_1_1CHBLK21;scene_harness_not_covered
DAYMAR|Point|Paper|2051|30313,DAYMAR,partial,ordinary_s57,harness_only_partial,109-s52-harness-and-standalone-proof,TOPSHP63,only remaining degraded reason is missing repository-owned harness/reference evidence,30313,2051,Point,Paper,s52_point_daymar_paper_rcid_30313,scene_harness_not_covered
DAYMAR|Point|Paper|2054|30314,DAYMAR,partial,ordinary_s57,supplemental_upstream_candidate,106-s52-upstream-supplemental-opencpn-assets,TOPSHP33,missing asset is not defined in the pinned snapshot and is a task-106 supplemental-upstream candidate,30314,2054,Point,Paper,s52_point_daymar_paper_rcid_30314,compiler_missing_point_asset:TOPSHP33;scene_harness_not_covered
DAYMAR|Point|Paper|2055|30315,DAYMAR,partial,ordinary_s57,harness_only_partial,109-s52-harness-and-standalone-proof,TOPSHP30,only remaining degraded reason is missing repository-owned harness/reference evidence,30315,2055,Point,Paper,s52_point_daymar_paper_rcid_30315,scene_harness_not_covered
DAYMAR|Point|Paper|2052|30316,DAYMAR,partial,ordinary_s57,harness_only_partial,109-s52-harness-and-standalone-proof,TOPSHP41,only remaining degraded reason is missing repository-owned harness/reference evidence,30316,2052,Point,Paper,s52_point_daymar_paper_rcid_30316,scene_harness_not_covered
DAYMAR|Point|Paper|2058|30317,DAYMAR,partial,ordinary_s57,harness_only_partial,109-s52-harness-and-standalone-proof,TOPSHP94,only remaining degraded reason is missing repository-owned harness/reference evidence,30317,2058,Point,Paper,s52_point_daymar_paper_rcid_30317,scene_harness_not_covered
DAYMAR|Point|Paper|2060|30318,DAYMAR,partial,ordinary_s57,harness_only_partial,109-s52-harness-and-standalone-proof,TOPSHP90,only remaining degraded reason is missing repository-owned harness/reference evidence,30318,2060,Point,Paper,s52_point_daymar_paper_rcid_30318,scene_harness_not_covered
DAYMAR|Point|Paper|2064|30319,DAYMAR,partial,ordinary_s57,harness_only_partial,109-s52-harness-and-standalone-proof,TOPSHP97,only remaining degraded reason is missing repository-owned harness/reference evidence,30319,2064,Point,Paper,s52_point_daymar_paper_rcid_30319,scene_harness_not_covered
DAYMAR|Point|Paper|2065|30320,DAYMAR,partial,ordinary_s57,parser_or_compiler_spillover,108-s52-all-lookuprow-closure,TOPSHP15TESOBJNAM21215110_1_1CHBLK21,asset id or family looks like spillover/malformed parser output rather than a clean symbol gap,30320,2065,Point,Paper,s52_point_daymar_paper_rcid_30320,compiler_missing_point_asset:TOPSHP15TESOBJNAM21215110_1_1CHBLK21;scene_harness_not_covered
DAYMAR|Point|Paper|2066|30321,DAYMAR,partial,ordinary_s57,harness_only_partial,109-s52-harness-and-standalone-proof,TOPSHP00,only remaining degraded reason is missing repository-owned harness/reference evidence,30321,2066,Point,Paper,s52_point_daymar_paper_rcid_30321,scene_harness_not_covered
DAYMAR|Point|Paper|2070|30322,DAYMAR,partial,ordinary_s57,harness_only_partial,109-s52-harness-and-standalone-proof,TOPSHP71,only remaining degraded reason is missing repository-owned harness/reference evidence,30322,2070,Point,Paper,s52_point_daymar_paper_rcid_30322,scene_harness_not_covered
DAYMAR|Point|Paper|2071|30323,DAYMAR,partial,ordinary_s57,harness_only_partial,109-s52-harness-and-standalone-proof,TOPSHP67,only remaining degraded reason is missing repository-owned harness/reference evidence,30323,2071,Point,Paper,s52_point_daymar_paper_rcid_30323,scene_harness_not_covered
DAYMAR|Point|Paper|2072|30324,DAYMAR,partial,ordinary_s57,harness_only_partial,109-s52-harness-and-standalone-proof,TOPSHP25,only remaining degraded reason is missing repository-owned harness/reference evidence,30324,2072,Point,Paper,s52_point_daymar_paper_rcid_30324,scene_harness_not_covered
DAYMAR|Point|Paper|2073|30325,DAYMAR,partial,ordinary_s57,harness_only_partial,109-s52-harness-and-standalone-proof,TOPSHP31,only remaining degraded reason is missing repository-owned harness/reference evidence,30325,2073,Point,Paper,s52_point_daymar_paper_rcid_30325,scene_harness_not_covered
DAYMAR|Point|Paper|2086|30326,DAYMAR,partial,ordinary_s57,harness_only_partial,109-s52-harness-and-standalone-proof,TOPSHP70,only remaining degraded reason is missing repository-owned harness/reference evidence,30326,2086,Point,Paper,s52_point_daymar_paper_rcid_30326,scene_harness_not_covered
DAYMAR|Point|Paper|2084|30327,DAYMAR,partial,ordinary_s57,harness_only_partial,109-s52-harness-and-standalone-proof,TOPSHP74,only remaining degraded reason is missing repository-owned harness/reference evidence,30327,2084,Point,Paper,s52_point_daymar_paper_rcid_30327,scene_harness_not_covered
DAYMAR|Point|Paper|2091|30328,DAYMAR,partial,ordinary_s57,harness_only_partial,109-s52-harness-and-standalone-proof,TOPSHP37,only remaining degraded reason is missing repository-owned harness/reference evidence,30328,2091,Point,Paper,s52_point_daymar_paper_rcid_30328,scene_harness_not_covered
DAYMAR|Point|Paper|2093|30330,DAYMAR,partial,ordinary_s57,harness_only_partial,109-s52-harness-and-standalone-proof,TOPSHP44,only remaining degraded reason is missing repository-owned harness/reference evidence,30330,2093,Point,Paper,s52_point_daymar_paper_rcid_30330,scene_harness_not_covered
DAYMAR|Point|Paper|2101|30331,DAYMAR,partial,ordinary_s57,harness_only_partial,109-s52-harness-and-standalone-proof,TOPSHP92,only remaining degraded reason is missing repository-owned harness/reference evidence,30331,2101,Point,Paper,s52_point_daymar_paper_rcid_30331,scene_harness_not_covered
DAYMAR|Point|Paper|2102|30332,DAYMAR,partial,ordinary_s57,harness_only_partial,109-s52-harness-and-standalone-proof,TOPSHP93,only remaining degraded reason is missing repository-owned harness/reference evidence,30332,2102,Point,Paper,s52_point_daymar_paper_rcid_30332,scene_harness_not_covered
DAYMAR|Point|Paper|2103|30333,DAYMAR,partial,ordinary_s57,harness_only_partial,109-s52-harness-and-standalone-proof,TOPSHP91,only remaining degraded reason is missing repository-owned harness/reference evidence,30333,2103,Point,Paper,s52_point_daymar_paper_rcid_30333,scene_harness_not_covered
DAYMAR|Point|Paper|2110|30334,DAYMAR,partial,ordinary_s57,harness_only_partial,109-s52-harness-and-standalone-proof,TOPSHP16,only remaining degraded reason is missing repository-owned harness/reference evidence,30334,2110,Point,Paper,s52_point_daymar_paper_rcid_30334,scene_harness_not_covered
DAYMAR|Point|Paper|2111|30335,DAYMAR,partial,ordinary_s57,harness_only_partial,109-s52-harness-and-standalone-proof,TOPSHP20,only remaining degraded reason is missing repository-owned harness/reference evidence,30335,2111,Point,Paper,s52_point_daymar_paper_rcid_30335,scene_harness_not_covered
DAYMAR|Point|Paper|2115|30336,DAYMAR,partial,ordinary_s57,harness_only_partial,109-s52-harness-and-standalone-proof,TOPSHP55,only remaining degraded reason is missing repository-owned harness/reference evidence,30336,2115,Point,Paper,s52_point_daymar_paper_rcid_30336,scene_harness_not_covered
DAYMAR|Point|Paper|2117|30337,DAYMAR,partial,ordinary_s57,harness_only_partial,109-s52-harness-and-standalone-proof,TOPSHP28,only remaining degraded reason is missing repository-owned harness/reference evidence,30337,2117,Point,Paper,s52_point_daymar_paper_rcid_30337,scene_harness_not_covered
DAYMAR|Point|Paper|2119|30338,DAYMAR,partial,ordinary_s57,harness_only_partial,109-s52-harness-and-standalone-proof,TOPSHP47,only remaining degraded reason is missing repository-owned harness/reference evidence,30338,2119,Point,Paper,s52_point_daymar_paper_rcid_30338,scene_harness_not_covered
DAYMAR|Point|Paper|2120|30339,DAYMAR,partial,ordinary_s57,harness_only_partial,109-s52-harness-and-standalone-proof,TOPSHP48,only remaining degraded reason is missing repository-owned harness/reference evidence,30339,2120,Point,Paper,s52_point_daymar_paper_rcid_30339,scene_harness_not_covered
DAYMAR|Point|Paper|2121|30340,DAYMAR,partial,ordinary_s57,harness_only_partial,109-s52-harness-and-standalone-proof,TOPSHP20,only remaining degraded reason is missing repository-owned harness/reference evidence,30340,2121,Point,Paper,s52_point_daymar_paper_rcid_30340,scene_harness_not_covered
DAYMAR|Point|Paper|2122|30341,DAYMAR,partial,ordinary_s57,harness_only_partial,109-s52-harness-and-standalone-proof,TOPSHP55,only remaining degraded reason is missing repository-owned harness/reference evidence,30341,2122,Point,Paper,s52_point_daymar_paper_rcid_30341,scene_harness_not_covered
DAYMAR|Point|Paper|2123|30342,DAYMAR,partial,ordinary_s57,harness_only_partial,109-s52-harness-and-standalone-proof,TOPSHP36,only remaining degraded reason is missing repository-owned harness/reference evidence,30342,2123,Point,Paper,s52_point_daymar_paper_rcid_30342,scene_harness_not_covered
DAYMAR|Point|Paper|2129|30343,DAYMAR,partial,ordinary_s57,harness_only_partial,109-s52-harness-and-standalone-proof,TOPSHP22,only remaining degraded reason is missing repository-owned harness/reference evidence,30343,2129,Point,Paper,s52_point_daymar_paper_rcid_30343,scene_harness_not_covered
DAYMAR|Point|Paper|2130|30344,DAYMAR,partial,ordinary_s57,harness_only_partial,109-s52-harness-and-standalone-proof,TOPSHP24,only remaining degraded reason is missing repository-owned harness/reference evidence,30344,2130,Point,Paper,s52_point_daymar_paper_rcid_30344,scene_harness_not_covered
DAYMAR|Point|Paper|2131|30345,DAYMAR,partial,ordinary_s57,harness_only_partial,109-s52-harness-and-standalone-proof,TOPSHP35,only remaining degraded reason is missing repository-owned harness/reference evidence,30345,2131,Point,Paper,s52_point_daymar_paper_rcid_30345,scene_harness_not_covered
DAYMAR|Point|Paper|2134|30346,DAYMAR,partial,ordinary_s57,harness_only_partial,109-s52-harness-and-standalone-proof,TOPSHP95,only remaining degraded reason is missing repository-owned harness/reference evidence,30346,2134,Point,Paper,s52_point_daymar_paper_rcid_30346,scene_harness_not_covered
DAYMAR|Point|Paper|2136|30347,DAYMAR,partial,ordinary_s57,harness_only_partial,109-s52-harness-and-standalone-proof,TOPSHP12,only remaining degraded reason is missing repository-owned harness/reference evidence,30347,2136,Point,Paper,s52_point_daymar_paper_rcid_30347,scene_harness_not_covered
DAYMAR|Point|Paper|2137|30348,DAYMAR,partial,ordinary_s57,harness_only_partial,109-s52-harness-and-standalone-proof,TOPMA102,only remaining degraded reason is missing repository-owned harness/reference evidence,30348,2137,Point,Paper,s52_point_daymar_paper_rcid_30348,scene_harness_not_covered
DAYMAR|Point|Paper|2138|30349,DAYMAR,partial,ordinary_s57,harness_only_partial,109-s52-harness-and-standalone-proof,TOPSHP10,only remaining degraded reason is missing repository-owned harness/reference evidence,30349,2138,Point,Paper,s52_point_daymar_paper_rcid_30349,scene_harness_not_covered
DAYMAR|Point|Paper|2157|30354,DAYMAR,partial,ordinary_s57,harness_only_partial,109-s52-harness-and-standalone-proof,TOPSHQ25,only remaining degraded reason is missing repository-owned harness/reference evidence,30354,2157,Point,Paper,s52_point_daymar_paper_rcid_30354,scene_harness_not_covered
DAYMAR|Point|Paper|2175|30355,DAYMAR,partial,ordinary_s57,harness_only_partial,109-s52-harness-and-standalone-proof,DAYSQR21,only remaining degraded reason is missing repository-owned harness/reference evidence,30355,2175,Point,Paper,s52_point_daymar_paper_rcid_30355,scene_harness_not_covered
DAYMAR|Point|Paper|2991|3063008,DAYMAR,partial,ordinary_s57,harness_only_partial,109-s52-harness-and-standalone-proof,TOPMA109,only remaining degraded reason is missing repository-owned harness/reference evidence,3063008,2991,Point,Paper,s52_point_daymar_paper_rcid_3063008,scene_harness_not_covered
DAYMAR|Point|Paper|2992|3063009,DAYMAR,partial,ordinary_s57,harness_only_partial,109-s52-harness-and-standalone-proof,TOPMA113,only remaining degraded reason is missing repository-owned harness/reference evidence,3063009,2992,Point,Paper,s52_point_daymar_paper_rcid_3063009,scene_harness_not_covered
DAYMAR|Point|Paper|2993|3063010,DAYMAR,partial,ordinary_s57,harness_only_partial,109-s52-harness-and-standalone-proof,TOPMA111,only remaining degraded reason is missing repository-owned harness/reference evidence,3063010,2993,Point,Paper,s52_point_daymar_paper_rcid_3063010,scene_harness_not_covered
DAYMAR|Point|Paper|2994|3063011,DAYMAR,partial,ordinary_s57,harness_only_partial,109-s52-harness-and-standalone-proof,TOPMA100,only remaining degraded reason is missing repository-owned harness/reference evidence,3063011,2994,Point,Paper,s52_point_daymar_paper_rcid_3063011,scene_harness_not_covered
DAYMAR|Point|Paper|2995|3063012,DAYMAR,partial,ordinary_s57,harness_only_partial,109-s52-harness-and-standalone-proof,TOPMA102,only remaining degraded reason is missing repository-owned harness/reference evidence,3063012,2995,Point,Paper,s52_point_daymar_paper_rcid_3063012,scene_harness_not_covered
DAYMAR|Point|Paper|3003|3063020,DAYMAR,partial,ordinary_s57,harness_only_partial,109-s52-harness-and-standalone-proof,TOPSHP83,only remaining degraded reason is missing repository-owned harness/reference evidence,3063020,3003,Point,Paper,s52_point_daymar_paper_rcid_3063020,scene_harness_not_covered
DAYMAR|Point|Paper|3004|3063021,DAYMAR,partial,ordinary_s57,harness_only_partial,109-s52-harness-and-standalone-proof,TOPSHPI2,only remaining degraded reason is missing repository-owned harness/reference evidence,3063021,3004,Point,Paper,s52_point_daymar_paper_rcid_3063021,scene_harness_not_covered
DAYMAR|Point|Paper|2094|93734,DAYMAR,partial,ordinary_s57,harness_only_partial,109-s52-harness-and-standalone-proof,TOPSHP85,only remaining degraded reason is missing repository-owned harness/reference evidence,93734,2094,Point,Paper,s52_point_daymar_paper_rcid_93734,scene_harness_not_covered
DAYMAR|Point|Paper|2074|93735,DAYMAR,partial,ordinary_s57,harness_only_partial,109-s52-harness-and-standalone-proof,TOPSHP84,only remaining degraded reason is missing repository-owned harness/reference evidence,93735,2074,Point,Paper,s52_point_daymar_paper_rcid_93735,scene_harness_not_covered
DAYMAR|Point|Paper|2044|93736,DAYMAR,partial,ordinary_s57,harness_only_partial,109-s52-harness-and-standalone-proof,TOPSHP90,only remaining degraded reason is missing repository-owned harness/reference evidence,93736,2044,Point,Paper,s52_point_daymar_paper_rcid_93736,scene_harness_not_covered
DAYMAR|Point|Paper|2033|93737,DAYMAR,partial,ordinary_s57,harness_only_partial,109-s52-harness-and-standalone-proof,TOPSHP77,only remaining degraded reason is missing repository-owned harness/reference evidence,93737,2033,Point,Paper,s52_point_daymar_paper_rcid_93737,scene_harness_not_covered
DAYMAR|Point|Paper|2100|93738,DAYMAR,partial,ordinary_s57,harness_only_partial,109-s52-harness-and-standalone-proof,TOPSHP99,only remaining degraded reason is missing repository-owned harness/reference evidence,93738,2100,Point,Paper,s52_point_daymar_paper_rcid_93738,scene_harness_not_covered
DAYMAR|Point|Paper|2085|93739,DAYMAR,partial,ordinary_s57,harness_only_partial,109-s52-harness-and-standalone-proof,TOPSHP69,only remaining degraded reason is missing repository-owned harness/reference evidence,93739,2085,Point,Paper,s52_point_daymar_paper_rcid_93739,scene_harness_not_covered
DAYMAR|Point|Paper|2068|93740,DAYMAR,partial,ordinary_s57,harness_only_partial,109-s52-harness-and-standalone-proof,TOPSHP62,only remaining degraded reason is missing repository-owned harness/reference evidence,93740,2068,Point,Paper,s52_point_daymar_paper_rcid_93740,scene_harness_not_covered
DAYMAR|Point|Paper|2092|93741,DAYMAR,partial,ordinary_s57,harness_only_partial,109-s52-harness-and-standalone-proof,TOPSHP48,only remaining degraded reason is missing repository-owned harness/reference evidence,93741,2092,Point,Paper,s52_point_daymar_paper_rcid_93741,scene_harness_not_covered
DAYMAR|Point|Paper|2099|93742,DAYMAR,partial,ordinary_s57,harness_only_partial,109-s52-harness-and-standalone-proof,TOPSHPB0,only remaining degraded reason is missing repository-owned harness/reference evidence,93742,2099,Point,Paper,s52_point_daymar_paper_rcid_93742,scene_harness_not_covered
DAYMAR|Point|Paper|2132|93743,DAYMAR,partial,ordinary_s57,harness_only_partial,109-s52-harness-and-standalone-proof,TOPSHP83,only remaining degraded reason is missing repository-owned harness/reference evidence,93743,2132,Point,Paper,s52_point_daymar_paper_rcid_93743,scene_harness_not_covered
DAYMAR|Point|Paper|2083|93744,DAYMAR,partial,ordinary_s57,harness_only_partial,109-s52-harness-and-standalone-proof,TOPSHP65,only remaining degraded reason is missing repository-owned harness/reference evidence,93744,2083,Point,Paper,s52_point_daymar_paper_rcid_93744,scene_harness_not_covered
DAYMAR|Point|Paper|2059|93745,DAYMAR,partial,ordinary_s57,harness_only_partial,109-s52-harness-and-standalone-proof,TOPSHPA1,only remaining degraded reason is missing repository-owned harness/reference evidence,93745,2059,Point,Paper,s52_point_daymar_paper_rcid_93745,scene_harness_not_covered
DAYMAR|Point|Paper|2069|93746,DAYMAR,partial,ordinary_s57,harness_only_partial,109-s52-harness-and-standalone-proof,TOPSHP61,only remaining degraded reason is missing repository-owned harness/reference evidence,93746,2069,Point,Paper,s52_point_daymar_paper_rcid_93746,scene_harness_not_covered
DAYMAR|Point|Paper|2133|93747,DAYMAR,partial,ordinary_s57,harness_only_partial,109-s52-harness-and-standalone-proof,TOPSHP82,only remaining degraded reason is missing repository-owned harness/reference evidence,93747,2133,Point,Paper,s52_point_daymar_paper_rcid_93747,scene_harness_not_covered
DAYMAR|Point|Paper|2078|93748,DAYMAR,partial,ordinary_s57,harness_only_partial,109-s52-harness-and-standalone-proof,TOPSHP01,only remaining degraded reason is missing repository-owned harness/reference evidence,93748,2078,Point,Paper,s52_point_daymar_paper_rcid_93748,scene_harness_not_covered
DAYMAR|Point|Paper|2077|93749,DAYMAR,partial,ordinary_s57,harness_only_partial,109-s52-harness-and-standalone-proof,TOPSHP03,only remaining degraded reason is missing repository-owned harness/reference evidence,93749,2077,Point,Paper,s52_point_daymar_paper_rcid_93749,scene_harness_not_covered
DAYMAR|Point|Paper|2109|93750,DAYMAR,partial,ordinary_s57,harness_only_partial,109-s52-harness-and-standalone-proof,TOPSHP02,only remaining degraded reason is missing repository-owned harness/reference evidence,93750,2109,Point,Paper,s52_point_daymar_paper_rcid_93750,scene_harness_not_covered
DAYMAR|Point|Paper|2108|93751,DAYMAR,partial,ordinary_s57,harness_only_partial,109-s52-harness-and-standalone-proof,TOPSHP04,only remaining degraded reason is missing repository-owned harness/reference evidence,93751,2108,Point,Paper,s52_point_daymar_paper_rcid_93751,scene_harness_not_covered
DAYMAR|Point|Paper|2105|93752,DAYMAR,partial,ordinary_s57,harness_only_partial,109-s52-harness-and-standalone-proof,TOPSHPA2,only remaining degraded reason is missing repository-owned harness/reference evidence,93752,2105,Point,Paper,s52_point_daymar_paper_rcid_93752,scene_harness_not_covered
DAYMAR|Point|Paper|2062|93753,DAYMAR,partial,ordinary_s57,harness_only_partial,109-s52-harness-and-standalone-proof,TOPSHPA3,only remaining degraded reason is missing repository-owned harness/reference evidence,93753,2062,Point,Paper,s52_point_daymar_paper_rcid_93753,scene_harness_not_covered
DAYMAR|Point|Paper|2088|93754,DAYMAR,partial,ordinary_s57,harness_only_partial,109-s52-harness-and-standalone-proof,TOPSHP32,only remaining degraded reason is missing repository-owned harness/reference evidence,93754,2088,Point,Paper,s52_point_daymar_paper_rcid_93754,scene_harness_not_covered
DAYMAR|Point|Paper|2087|93755,DAYMAR,partial,ordinary_s57,harness_only_partial,109-s52-harness-and-standalone-proof,TOPSHP42,only remaining degraded reason is missing repository-owned harness/reference evidence,93755,2087,Point,Paper,s52_point_daymar_paper_rcid_93755,scene_harness_not_covered
DAYMAR|Point|Paper|2126|93756,DAYMAR,partial,ordinary_s57,harness_only_partial,109-s52-harness-and-standalone-proof,TOPSHP51,only remaining degraded reason is missing repository-owned harness/reference evidence,93756,2126,Point,Paper,s52_point_daymar_paper_rcid_93756,scene_harness_not_covered
DAYMAR|Point|Paper|2125|93757,DAYMAR,partial,ordinary_s57,harness_only_partial,109-s52-harness-and-standalone-proof,TOPSHPD1,only remaining degraded reason is missing repository-owned harness/reference evidence,93757,2125,Point,Paper,s52_point_daymar_paper_rcid_93757,scene_harness_not_covered
DAYMAR|Point|Paper|2049|93758,DAYMAR,partial,ordinary_s57,harness_only_partial,109-s52-harness-and-standalone-proof,TOPSHP34,only remaining degraded reason is missing repository-owned harness/reference evidence,93758,2049,Point,Paper,s52_point_daymar_paper_rcid_93758,scene_harness_not_covered
DAYMAR|Point|Paper|2082|93759,DAYMAR,partial,ordinary_s57,harness_only_partial,109-s52-harness-and-standalone-proof,TOPSHP58,only remaining degraded reason is missing repository-owned harness/reference evidence,93759,2082,Point,Paper,s52_point_daymar_paper_rcid_93759,scene_harness_not_covered
DAYMAR|Point|Paper|2116|93760,DAYMAR,partial,ordinary_s57,harness_only_partial,109-s52-harness-and-standalone-proof,TOPSHPD2,only remaining degraded reason is missing repository-owned harness/reference evidence,93760,2116,Point,Paper,s52_point_daymar_paper_rcid_93760,scene_harness_not_covered
DAYMAR|Point|Paper|2075|93761,DAYMAR,partial,ordinary_s57,parser_or_compiler_spillover,108-s52-all-lookuprow-closure,TOPSHP81TESOBJNAM21215110_1_1CHBLK21,asset id or family looks like spillover/malformed parser output rather than a clean symbol gap,93761,2075,Point,Paper,s52_point_daymar_paper_rcid_93761,compiler_missing_point_asset:TOPSHP81TESOBJNAM21215110_1_1CHBLK21;scene_harness_not_covered
DAYMAR|Point|Paper|2124|93762,DAYMAR,partial,ordinary_s57,harness_only_partial,109-s52-harness-and-standalone-proof,TOPSHP11,only remaining degraded reason is missing repository-owned harness/reference evidence,93762,2124,Point,Paper,s52_point_daymar_paper_rcid_93762,scene_harness_not_covered
DAYMAR|Point|Paper|2079|93763,DAYMAR,partial,ordinary_s57,harness_only_partial,109-s52-harness-and-standalone-proof,TOPSHP13,only remaining degraded reason is missing repository-owned harness/reference evidence,93763,2079,Point,Paper,s52_point_daymar_paper_rcid_93763,scene_harness_not_covered
DAYMAR|Point|Paper|2107|93764,DAYMAR,partial,ordinary_s57,harness_only_partial,109-s52-harness-and-standalone-proof,TOPSHPA4,only remaining degraded reason is missing repository-owned harness/reference evidence,93764,2107,Point,Paper,s52_point_daymar_paper_rcid_93764,scene_harness_not_covered
DAYMAR|Point|Paper|2135|93766,DAYMAR,partial,ordinary_s57,harness_only_partial,109-s52-harness-and-standalone-proof,TOPSHPA6,only remaining degraded reason is missing repository-owned harness/reference evidence,93766,2135,Point,Paper,s52_point_daymar_paper_rcid_93766,scene_harness_not_covered
DAYMAR|Point|Paper|2080|93767,DAYMAR,partial,ordinary_s57,harness_only_partial,109-s52-harness-and-standalone-proof,TOPSHP05,only remaining degraded reason is missing repository-owned harness/reference evidence,93767,2080,Point,Paper,s52_point_daymar_paper_rcid_93767,scene_harness_not_covered
DAYMAR|Point|Paper|2045|93768,DAYMAR,partial,ordinary_s57,harness_only_partial,109-s52-harness-and-standalone-proof,TOPSHP17,only remaining degraded reason is missing repository-owned harness/reference evidence,93768,2045,Point,Paper,s52_point_daymar_paper_rcid_93768,scene_harness_not_covered
DAYMAR|Point|Paper|2063|93769,DAYMAR,partial,ordinary_s57,harness_only_partial,109-s52-harness-and-standalone-proof,TOPSHPA7,only remaining degraded reason is missing repository-owned harness/reference evidence,93769,2063,Point,Paper,s52_point_daymar_paper_rcid_93769,scene_harness_not_covered
DAYMAR|Point|Paper|2106|93770,DAYMAR,partial,ordinary_s57,harness_only_partial,109-s52-harness-and-standalone-proof,TOPSHPA8,only remaining degraded reason is missing repository-owned harness/reference evidence,93770,2106,Point,Paper,s52_point_daymar_paper_rcid_93770,scene_harness_not_covered
DAYMAR|Point|Paper|2097|93771,DAYMAR,partial,ordinary_s57,harness_only_partial,109-s52-harness-and-standalone-proof,TOPSHP80,only remaining degraded reason is missing repository-owned harness/reference evidence,93771,2097,Point,Paper,s52_point_daymar_paper_rcid_93771,scene_harness_not_covered
DAYMAR|Point|Paper|2112|93772,DAYMAR,partial,ordinary_s57,harness_only_partial,109-s52-harness-and-standalone-proof,TOPSHP19,only remaining degraded reason is missing repository-owned harness/reference evidence,93772,2112,Point,Paper,s52_point_daymar_paper_rcid_93772,scene_harness_not_covered
DAYMAR|Point|Paper|2114|93773,DAYMAR,partial,ordinary_s57,harness_only_partial,109-s52-harness-and-standalone-proof,TOPSHP18,only remaining degraded reason is missing repository-owned harness/reference evidence,93773,2114,Point,Paper,s52_point_daymar_paper_rcid_93773,scene_harness_not_covered
DAYMAR|Point|Paper|2056|93775,DAYMAR,partial,ordinary_s57,parser_or_compiler_spillover,108-s52-all-lookuprow-closure,TOPSHP89TESOBJNAM21215110_1_1CHBLK21,asset id or family looks like spillover/malformed parser output rather than a clean symbol gap,93775,2056,Point,Paper,s52_point_daymar_paper_rcid_93775,compiler_missing_point_asset:TOPSHP89TESOBJNAM21215110_1_1CHBLK21;scene_harness_not_covered
DAYMAR|Point|Paper|2047|93776,DAYMAR,partial,ordinary_s57,harness_only_partial,109-s52-harness-and-standalone-proof,TOPSHP08,only remaining degraded reason is missing repository-owned harness/reference evidence,93776,2047,Point,Paper,s52_point_daymar_paper_rcid_93776,scene_harness_not_covered
DAYMAR|Point|Paper|2166|93777,DAYMAR,partial,ordinary_s57,harness_only_partial,109-s52-harness-and-standalone-proof,TOPMAR01,only remaining degraded reason is missing repository-owned harness/reference evidence,93777,2166,Point,Paper,s52_point_daymar_paper_rcid_93777,scene_harness_not_covered
DAYMAR|Point|Paper|2167|93778,DAYMAR,partial,ordinary_s57,harness_only_partial,109-s52-harness-and-standalone-proof,TOPMAR01,only remaining degraded reason is missing repository-owned harness/reference evidence,93778,2167,Point,Paper,s52_point_daymar_paper_rcid_93778,scene_harness_not_covered
DAYMAR|Point|Paper|2168|93779,DAYMAR,partial,ordinary_s57,harness_only_partial,109-s52-harness-and-standalone-proof,TOPMAR01,only remaining degraded reason is missing repository-owned harness/reference evidence,93779,2168,Point,Paper,s52_point_daymar_paper_rcid_93779,scene_harness_not_covered
DAYMAR|Point|Paper|2142|93780,DAYMAR,partial,ordinary_s57,harness_only_partial,109-s52-harness-and-standalone-proof,TOPMAR01,only remaining degraded reason is missing repository-owned harness/reference evidence,93780,2142,Point,Paper,s52_point_daymar_paper_rcid_93780,scene_harness_not_covered
DAYMAR|Point|Paper|2143|93781,DAYMAR,partial,ordinary_s57,harness_only_partial,109-s52-harness-and-standalone-proof,TOPMAR01,only remaining degraded reason is missing repository-owned harness/reference evidence,93781,2143,Point,Paper,s52_point_daymar_paper_rcid_93781,scene_harness_not_covered
DAYMAR|Point|Paper|2144|93782,DAYMAR,partial,ordinary_s57,harness_only_partial,109-s52-harness-and-standalone-proof,TOPMAR01,only remaining degraded reason is missing repository-owned harness/reference evidence,93782,2144,Point,Paper,s52_point_daymar_paper_rcid_93782,scene_harness_not_covered
DAYMAR|Point|Paper|2145|93783,DAYMAR,partial,ordinary_s57,harness_only_partial,109-s52-harness-and-standalone-proof,TOPMAR01,only remaining degraded reason is missing repository-owned harness/reference evidence,93783,2145,Point,Paper,s52_point_daymar_paper_rcid_93783,scene_harness_not_covered
DAYMAR|Point|Paper|2146|93784,DAYMAR,partial,ordinary_s57,harness_only_partial,109-s52-harness-and-standalone-proof,TOPMAR01,only remaining degraded reason is missing repository-owned harness/reference evidence,93784,2146,Point,Paper,s52_point_daymar_paper_rcid_93784,scene_harness_not_covered
DAYMAR|Point|Paper|2151|93785,DAYMAR,partial,ordinary_s57,harness_only_partial,109-s52-harness-and-standalone-proof,TOPSHQ19,only remaining degraded reason is missing repository-owned harness/reference evidence,93785,2151,Point,Paper,s52_point_daymar_paper_rcid_93785,scene_harness_not_covered
DAYMAR|Point|Paper|2152|93786,DAYMAR,partial,ordinary_s57,harness_only_partial,109-s52-harness-and-standalone-proof,TOPSHQ20,only remaining degraded reason is missing repository-owned harness/reference evidence,93786,2152,Point,Paper,s52_point_daymar_paper_rcid_93786,scene_harness_not_covered
DAYMAR|Point|Paper|2153|93787,DAYMAR,partial,ordinary_s57,harness_only_partial,109-s52-harness-and-standalone-proof,TOPSHQ21,only remaining degraded reason is missing repository-owned harness/reference evidence,93787,2153,Point,Paper,s52_point_daymar_paper_rcid_93787,scene_harness_not_covered
DAYMAR|Point|Paper|2154|93788,DAYMAR,partial,ordinary_s57,harness_only_partial,109-s52-harness-and-standalone-proof,TOPSHQ22,only remaining degraded reason is missing repository-owned harness/reference evidence,93788,2154,Point,Paper,s52_point_daymar_paper_rcid_93788,scene_harness_not_covered
DAYMAR|Point|Paper|2155|93789,DAYMAR,partial,ordinary_s57,harness_only_partial,109-s52-harness-and-standalone-proof,TOPSHQ23,only remaining degraded reason is missing repository-owned harness/reference evidence,93789,2155,Point,Paper,s52_point_daymar_paper_rcid_93789,scene_harness_not_covered
DAYMAR|Point|Paper|2156|93790,DAYMAR,partial,ordinary_s57,harness_only_partial,109-s52-harness-and-standalone-proof,TOPSHQ24,only remaining degraded reason is missing repository-owned harness/reference evidence,93790,2156,Point,Paper,s52_point_daymar_paper_rcid_93790,scene_harness_not_covered
DAYMAR|Point|Paper|2128|93791,DAYMAR,partial,ordinary_s57,harness_only_partial,109-s52-harness-and-standalone-proof,TOPSHP23,only remaining degraded reason is missing repository-owned harness/reference evidence,93791,2128,Point,Paper,s52_point_daymar_paper_rcid_93791,scene_harness_not_covered
DAYMAR|Point|Paper|2057|93792,DAYMAR,partial,ordinary_s57,harness_only_partial,109-s52-harness-and-standalone-proof,TOPSHPA5,only remaining degraded reason is missing repository-owned harness/reference evidence,93792,2057,Point,Paper,s52_point_daymar_paper_rcid_93792,scene_harness_not_covered
DAYMAR|Point|Paper|2141|93793,DAYMAR,partial,ordinary_s57,harness_only_partial,109-s52-harness-and-standalone-proof,TOPSHPD3,only remaining degraded reason is missing repository-owned harness/reference evidence,93793,2141,Point,Paper,s52_point_daymar_paper_rcid_93793,scene_harness_not_covered
DAYMAR|Point|Paper|2095|93794,DAYMAR,partial,ordinary_s57,harness_only_partial,109-s52-harness-and-standalone-proof,TOPSHP87,only remaining degraded reason is missing repository-owned harness/reference evidence,93794,2095,Point,Paper,s52_point_daymar_paper_rcid_93794,scene_harness_not_covered
DAYMAR|Point|Paper|2096|93795,DAYMAR,partial,ordinary_s57,harness_only_partial,109-s52-harness-and-standalone-proof,TOPSHP88,only remaining degraded reason is missing repository-owned harness/reference evidence,93795,2096,Point,Paper,s52_point_daymar_paper_rcid_93795,scene_harness_not_covered
DAYMAR|Point|Paper|2050|93796,DAYMAR,partial,ordinary_s57,harness_only_partial,109-s52-harness-and-standalone-proof,TOPSHP38,only remaining degraded reason is missing repository-owned harness/reference evidence,93796,2050,Point,Paper,s52_point_daymar_paper_rcid_93796,scene_harness_not_covered
DAYMAR|Point|Paper|2037|93797,DAYMAR,partial,ordinary_s57,harness_only_partial,109-s52-harness-and-standalone-proof,TOPSHP74,only remaining degraded reason is missing repository-owned harness/reference evidence,93797,2037,Point,Paper,s52_point_daymar_paper_rcid_93797,scene_harness_not_covered
DAYMAR|Point|Paper|2127|93798,DAYMAR,partial,ordinary_s57,harness_only_partial,109-s52-harness-and-standalone-proof,TOPSHP21,only remaining degraded reason is missing repository-owned harness/reference evidence,93798,2127,Point,Paper,s52_point_daymar_paper_rcid_93798,scene_harness_not_covered
DAYMAR|Point|Paper|2061|93799,DAYMAR,partial,ordinary_s57,harness_only_partial,109-s52-harness-and-standalone-proof,TOPSHPA0,only remaining degraded reason is missing repository-owned harness/reference evidence,93799,2061,Point,Paper,s52_point_daymar_paper_rcid_93799,scene_harness_not_covered
DAYMAR|Point|Paper|2090|93800,DAYMAR,partial,ordinary_s57,harness_only_partial,109-s52-harness-and-standalone-proof,TOPMA107,only remaining degraded reason is missing repository-owned harness/reference evidence,93800,2090,Point,Paper,s52_point_daymar_paper_rcid_93800,scene_harness_not_covered
DAYMAR|Point|Paper|2089|93801,DAYMAR,partial,ordinary_s57,harness_only_partial,109-s52-harness-and-standalone-proof,TOPSHP40,only remaining degraded reason is missing repository-owned harness/reference evidence,93801,2089,Point,Paper,s52_point_daymar_paper_rcid_93801,scene_harness_not_covered
DAYMAR|Point|Paper|2104|93802,DAYMAR,partial,ordinary_s57,harness_only_partial,109-s52-harness-and-standalone-proof,TOPSHP98,only remaining degraded reason is missing repository-owned harness/reference evidence,93802,2104,Point,Paper,s52_point_daymar_paper_rcid_93802,scene_harness_not_covered
DAYMAR|Point|Paper|2098|93808,DAYMAR,partial,ordinary_s57,harness_only_partial,109-s52-harness-and-standalone-proof,TOPSHPA9,only remaining degraded reason is missing repository-owned harness/reference evidence,93808,2098,Point,Paper,s52_point_daymar_paper_rcid_93808,scene_harness_not_covered
DAYMAR|Point|Paper|2053|93809,DAYMAR,partial,ordinary_s57,harness_only_partial,109-s52-harness-and-standalone-proof,TOPSHP29,only remaining degraded reason is missing repository-owned harness/reference evidence,93809,2053,Point,Paper,s52_point_daymar_paper_rcid_93809,scene_harness_not_covered
DAYMAR|Point|Paper|2076|93810,DAYMAR,partial,ordinary_s57,harness_only_partial,109-s52-harness-and-standalone-proof,TOPSHP79,only remaining degraded reason is missing repository-owned harness/reference evidence,93810,2076,Point,Paper,s52_point_daymar_paper_rcid_93810,scene_harness_not_covered
DAYMAR|Point|Paper|2139|93811,DAYMAR,partial,ordinary_s57,harness_only_partial,109-s52-harness-and-standalone-proof,TOPMA100,only remaining degraded reason is missing repository-owned harness/reference evidence,93811,2139,Point,Paper,s52_point_daymar_paper_rcid_93811,scene_harness_not_covered
DAYMAR|Point|Paper|2118|93812,DAYMAR,partial,ordinary_s57,harness_only_partial,109-s52-harness-and-standalone-proof,TOPMAR01,only remaining degraded reason is missing repository-owned harness/reference evidence,93812,2118,Point,Paper,s52_point_daymar_paper_rcid_93812,scene_harness_not_covered
DAYMAR|Point|Paper|2170|93830,DAYMAR,partial,ordinary_s57,harness_only_partial,109-s52-harness-and-standalone-proof,TOPMAR01,only remaining degraded reason is missing repository-owned harness/reference evidence,93830,2170,Point,Paper,s52_point_daymar_paper_rcid_93830,scene_harness_not_covered
DAYMAR|Point|Paper|2172|93831,DAYMAR,partial,ordinary_s57,harness_only_partial,109-s52-harness-and-standalone-proof,TOPSHQ07,only remaining degraded reason is missing repository-owned harness/reference evidence,93831,2172,Point,Paper,s52_point_daymar_paper_rcid_93831,scene_harness_not_covered
DAYMAR|Point|Paper|2165|93914,DAYMAR,partial,ordinary_s57,harness_only_partial,109-s52-harness-and-standalone-proof,TOPMAR01,only remaining degraded reason is missing repository-owned harness/reference evidence,93914,2165,Point,Paper,s52_point_daymar_paper_rcid_93914,scene_harness_not_covered
DAYMAR|Point|Paper|2067|93917,DAYMAR,partial,ordinary_s57,harness_only_partial,109-s52-harness-and-standalone-proof,TOPSHPS1,only remaining degraded reason is missing repository-owned harness/reference evidence,93917,2067,Point,Paper,s52_point_daymar_paper_rcid_93917,scene_harness_not_covered
DAYMAR|Point|Paper|2048|93918,DAYMAR,partial,ordinary_s57,harness_only_partial,109-s52-harness-and-standalone-proof,TOPSHP00,only remaining degraded reason is missing repository-owned harness/reference evidence,93918,2048,Point,Paper,s52_point_daymar_paper_rcid_93918,scene_harness_not_covered
DAYMAR|Point|Paper|2169|93919,DAYMAR,partial,ordinary_s57,harness_only_partial,109-s52-harness-and-standalone-proof,TOPMAR01,only remaining degraded reason is missing repository-owned harness/reference evidence,93919,2169,Point,Paper,s52_point_daymar_paper_rcid_93919,scene_harness_not_covered
DAYMAR|Point|Paper|2171|93920,DAYMAR,partial,ordinary_s57,harness_only_partial,109-s52-harness-and-standalone-proof,TOPSHQ06,only remaining degraded reason is missing repository-owned harness/reference evidence,93920,2171,Point,Paper,s52_point_daymar_paper_rcid_93920,scene_harness_not_covered
DAYMAR|Point|Paper|2173|93921,DAYMAR,partial,ordinary_s57,harness_only_partial,109-s52-harness-and-standalone-proof,TOPSHQ08,only remaining degraded reason is missing repository-owned harness/reference evidence,93921,2173,Point,Paper,s52_point_daymar_paper_rcid_93921,scene_harness_not_covered
DAYMAR|Point|Paper|2174|93922,DAYMAR,partial,ordinary_s57,harness_only_partial,109-s52-harness-and-standalone-proof,TOPMAR01,only remaining degraded reason is missing repository-owned harness/reference evidence,93922,2174,Point,Paper,s52_point_daymar_paper_rcid_93922,scene_harness_not_covered
DAYMAR|Point|Paper|2147|93923,DAYMAR,partial,ordinary_s57,harness_only_partial,109-s52-harness-and-standalone-proof,TOPSHQ15,only remaining degraded reason is missing repository-owned harness/reference evidence,93923,2147,Point,Paper,s52_point_daymar_paper_rcid_93923,scene_harness_not_covered
DAYMAR|Point|Paper|2148|93924,DAYMAR,partial,ordinary_s57,harness_only_partial,109-s52-harness-and-standalone-proof,TOPSHQ16,only remaining degraded reason is missing repository-owned harness/reference evidence,93924,2148,Point,Paper,s52_point_daymar_paper_rcid_93924,scene_harness_not_covered
DAYMAR|Point|Paper|2149|93926,DAYMAR,partial,ordinary_s57,harness_only_partial,109-s52-harness-and-standalone-proof,TOPSHQ17,only remaining degraded reason is missing repository-owned harness/reference evidence,93926,2149,Point,Paper,s52_point_daymar_paper_rcid_93926,scene_harness_not_covered
DAYMAR|Point|Paper|2150|93927,DAYMAR,partial,ordinary_s57,harness_only_partial,109-s52-harness-and-standalone-proof,TOPSHQ18,only remaining degraded reason is missing repository-owned harness/reference evidence,93927,2150,Point,Paper,s52_point_daymar_paper_rcid_93927,scene_harness_not_covered
DAYMAR|Point|Paper|2158|93928,DAYMAR,partial,ordinary_s57,harness_only_partial,109-s52-harness-and-standalone-proof,TOPSHQ26,only remaining degraded reason is missing repository-owned harness/reference evidence,93928,2158,Point,Paper,s52_point_daymar_paper_rcid_93928,scene_harness_not_covered
DAYMAR|Point|Paper|2159|93929,DAYMAR,partial,ordinary_s57,harness_only_partial,109-s52-harness-and-standalone-proof,TOPSHQ27,only remaining degraded reason is missing repository-owned harness/reference evidence,93929,2159,Point,Paper,s52_point_daymar_paper_rcid_93929,scene_harness_not_covered
DAYMAR|Point|Paper|2160|93930,DAYMAR,partial,ordinary_s57,harness_only_partial,109-s52-harness-and-standalone-proof,TOPSHQ28,only remaining degraded reason is missing repository-owned harness/reference evidence,93930,2160,Point,Paper,s52_point_daymar_paper_rcid_93930,scene_harness_not_covered
DAYMAR|Point|Paper|2161|93931,DAYMAR,partial,ordinary_s57,harness_only_partial,109-s52-harness-and-standalone-proof,TOPSHQ29,only remaining degraded reason is missing repository-owned harness/reference evidence,93931,2161,Point,Paper,s52_point_daymar_paper_rcid_93931,scene_harness_not_covered
DAYMAR|Point|Paper|2162|93932,DAYMAR,partial,ordinary_s57,harness_only_partial,109-s52-harness-and-standalone-proof,TOPSHQ30,only remaining degraded reason is missing repository-owned harness/reference evidence,93932,2162,Point,Paper,s52_point_daymar_paper_rcid_93932,scene_harness_not_covered
DAYMAR|Point|Paper|2163|93933,DAYMAR,partial,ordinary_s57,harness_only_partial,109-s52-harness-and-standalone-proof,TOPSHQ31,only remaining degraded reason is missing repository-owned harness/reference evidence,93933,2163,Point,Paper,s52_point_daymar_paper_rcid_93933,scene_harness_not_covered
DAYMAR|Point|Paper|2164|93934,DAYMAR,partial,ordinary_s57,harness_only_partial,109-s52-harness-and-standalone-proof,TOPSHQ32,only remaining degraded reason is missing repository-owned harness/reference evidence,93934,2164,Point,Paper,s52_point_daymar_paper_rcid_93934,scene_harness_not_covered
DAYMAR|Point|Paper|2081|93958,DAYMAR,partial,ordinary_s57,parser_or_compiler_spillover,108-s52-all-lookuprow-closure,TOPSHPT8TESOBJNAM21215110_1_1CHBLK21,asset id or family looks like spillover/malformed parser output rather than a clean symbol gap,93958,2081,Point,Paper,s52_point_daymar_paper_rcid_93958,compiler_missing_point_asset:TOPSHPT8TESOBJNAM21215110_1_1CHBLK21;scene_harness_not_covered
DAYMAR|Point|Paper|2113|93960,DAYMAR,partial,ordinary_s57,harness_only_partial,109-s52-harness-and-standalone-proof,TOPSHPU1,only remaining degraded reason is missing repository-owned harness/reference evidence,93960,2113,Point,Paper,s52_point_daymar_paper_rcid_93960,scene_harness_not_covered
DAYMAR|Point|Paper|2035|93961,DAYMAR,partial,ordinary_s57,harness_only_partial,109-s52-harness-and-standalone-proof,TOPSHP78,only remaining degraded reason is missing repository-owned harness/reference evidence,93961,2035,Point,Paper,s52_point_daymar_paper_rcid_93961,scene_harness_not_covered
DAYMAR|Point|Paper|2041|93966,DAYMAR,partial,ordinary_s57,harness_only_partial,109-s52-harness-and-standalone-proof,TOPSHP76,only remaining degraded reason is missing repository-owned harness/reference evidence,93966,2041,Point,Paper,s52_point_daymar_paper_rcid_93966,scene_harness_not_covered
DAYMAR|Point|Paper|2140|93970,DAYMAR,partial,ordinary_s57,harness_only_partial,109-s52-harness-and-standalone-proof,TOPMAR01,only remaining degraded reason is missing repository-owned harness/reference evidence,93970,2140,Point,Paper,s52_point_daymar_paper_rcid_93970,scene_harness_not_covered
DAYMAR|Point|Simplified|1103|31155,DAYMAR,partial,ordinary_s57,harness_only_partial,109-s52-harness-and-standalone-proof,DAYSQR01,only remaining degraded reason is missing repository-owned harness/reference evidence,31155,1103,Point,Simplified,s52_point_daymar_simplified_rcid_31155,scene_harness_not_covered
DAYMAR|Point|Simplified|1104|31156,DAYMAR,partial,ordinary_s57,harness_only_partial,109-s52-harness-and-standalone-proof,DAYSQR01,only remaining degraded reason is missing repository-owned harness/reference evidence,31156,1104,Point,Simplified,s52_point_daymar_simplified_rcid_31156,scene_harness_not_covered
DAYMAR|Point|Simplified|1105|31157,DAYMAR,partial,ordinary_s57,harness_only_partial,109-s52-harness-and-standalone-proof,DAYSQR01,only remaining degraded reason is missing repository-owned harness/reference evidence,31157,1105,Point,Simplified,s52_point_daymar_simplified_rcid_31157,scene_harness_not_covered
DAYMAR|Point|Simplified|1106|31158,DAYMAR,partial,ordinary_s57,harness_only_partial,109-s52-harness-and-standalone-proof,DAYTRI01,only remaining degraded reason is missing repository-owned harness/reference evidence,31158,1106,Point,Simplified,s52_point_daymar_simplified_rcid_31158,scene_harness_not_covered
DAYMAR|Point|Simplified|1107|31159,DAYMAR,partial,ordinary_s57,harness_only_partial,109-s52-harness-and-standalone-proof,DAYTRI05,only remaining degraded reason is missing repository-owned harness/reference evidence,31159,1107,Point,Simplified,s52_point_daymar_simplified_rcid_31159,scene_harness_not_covered
DAYMAR|Point|Simplified|1108|31160,DAYMAR,partial,ordinary_s57,harness_only_partial,109-s52-harness-and-standalone-proof,DAYSQR01,only remaining degraded reason is missing repository-owned harness/reference evidence,31160,1108,Point,Simplified,s52_point_daymar_simplified_rcid_31160,scene_harness_not_covered
DEPARE|Area|Plain|39|32075,DEPARE,partial,ordinary_s57,harness_only_partial,109-s52-harness-and-standalone-proof,LS_SOLD_2_CHGRD,only remaining degraded reason is missing repository-owned harness/reference evidence,32075,39,Area,Plain,s52_area_depare_plain_rcid_32075,scene_harness_not_covered
DEPARE|Area|Plain|40|32076,DEPARE,partial,ordinary_s57,harness_only_partial,109-s52-harness-and-standalone-proof,DEPARE01,only remaining degraded reason is missing repository-owned harness/reference evidence,32076,40,Area,Plain,s52_area_depare_plain_rcid_32076,scene_harness_not_covered
DEPARE|Area|Symbolized|380|32415,DEPARE,partial,ordinary_s57,harness_only_partial,109-s52-harness-and-standalone-proof,DEPARE01,only remaining degraded reason is missing repository-owned harness/reference evidence,32415,380,Area,Symbolized,s52_area_depare_symbolized_rcid_32415,scene_harness_not_covered
DEPARE|Line|Lines|728|31804,DEPARE,partial,ordinary_s57,harness_only_partial,109-s52-harness-and-standalone-proof,DEPCNT02,only remaining degraded reason is missing repository-owned harness/reference evidence,31804,728,Line,Lines,s52_line_depare_lines_rcid_31804,scene_harness_not_covered
DISMAR|Point|Paper|2176|30356,DISMAR,partial,ordinary_s57,harness_only_partial,109-s52-harness-and-standalone-proof,DISMAR04,only remaining degraded reason is missing repository-owned harness/reference evidence,30356,2176,Point,Paper,s52_point_dismar_paper_rcid_30356,scene_harness_not_covered
DISMAR|Point|Paper|2177|30357,DISMAR,partial,ordinary_s57,harness_only_partial,109-s52-harness-and-standalone-proof,DISMAR03,only remaining degraded reason is missing repository-owned harness/reference evidence,30357,2177,Point,Paper,s52_point_dismar_paper_rcid_30357,scene_harness_not_covered
DISMAR|Point|Simplified|1109|31161,DISMAR,partial,ordinary_s57,harness_only_partial,109-s52-harness-and-standalone-proof,DISMAR04,only remaining degraded reason is missing repository-owned harness/reference evidence,31161,1109,Point,Simplified,s52_point_dismar_simplified_rcid_31161,scene_harness_not_covered
DISMAR|Point|Simplified|1110|31162,DISMAR,partial,ordinary_s57,harness_only_partial,109-s52-harness-and-standalone-proof,DISMAR03,only remaining degraded reason is missing repository-owned harness/reference evidence,31162,1110,Point,Simplified,s52_point_dismar_simplified_rcid_31162,scene_harness_not_covered
DMPGRD|Area|Plain|41|32077,DMPGRD,partial,ordinary_s57,harness_only_partial,109-s52-harness-and-standalone-proof,LS_DASH_1_CHMGD,only remaining degraded reason is missing repository-owned harness/reference evidence,32077,41,Area,Plain,s52_area_dmpgrd_plain_rcid_32077,scene_harness_not_covered
DMPGRD|Area|Plain|42|32078,DMPGRD,partial,ordinary_s57,harness_only_partial,109-s52-harness-and-standalone-proof,INFARE51,only remaining degraded reason is missing repository-owned harness/reference evidence,32078,42,Area,Plain,s52_area_dmpgrd_plain_rcid_32078,scene_harness_not_covered
DMPGRD|Area|Symbolized|381|32416,DMPGRD,partial,ordinary_s57,harness_only_partial,109-s52-harness-and-standalone-proof,NAVARE51,only remaining degraded reason is missing repository-owned harness/reference evidence,32416,381,Area,Symbolized,s52_area_dmpgrd_symbolized_rcid_32416,scene_harness_not_covered
DMPGRD|Area|Symbolized|382|32417,DMPGRD,partial,ordinary_s57,harness_only_partial,109-s52-harness-and-standalone-proof,INFARE51,only remaining degraded reason is missing repository-owned harness/reference evidence,32417,382,Area,Symbolized,s52_area_dmpgrd_symbolized_rcid_32417,scene_harness_not_covered
DMPGRD|Point|Paper|2178|30358,DMPGRD,partial,ordinary_s57,harness_only_partial,109-s52-harness-and-standalone-proof,CHINFO07,only remaining degraded reason is missing repository-owned harness/reference evidence,30358,2178,Point,Paper,s52_point_dmpgrd_paper_rcid_30358,scene_harness_not_covered
DMPGRD|Point|Simplified|1111|31163,DMPGRD,partial,ordinary_s57,harness_only_partial,109-s52-harness-and-standalone-proof,CHINFO07,only remaining degraded reason is missing repository-owned harness/reference evidence,31163,1111,Point,Simplified,s52_point_dmpgrd_simplified_rcid_31163,scene_harness_not_covered
DOCARE|Area|Plain|43|32079,DOCARE,partial,ordinary_s57,harness_only_partial,109-s52-harness-and-standalone-proof,LS_DASH_1_CHBLK,only remaining degraded reason is missing repository-owned harness/reference evidence,32079,43,Area,Plain,s52_area_docare_plain_rcid_32079,scene_harness_not_covered
DOCARE|Area|Plain|44|32080,DOCARE,partial,ordinary_s57,harness_only_partial,109-s52-harness-and-standalone-proof,LS_SOLD_1_CHBLK,only remaining degraded reason is missing repository-owned harness/reference evidence,32080,44,Area,Plain,s52_area_docare_plain_rcid_32080,scene_harness_not_covered
DOCARE|Area|Symbolized|383|32418,DOCARE,partial,ordinary_s57,harness_only_partial,109-s52-harness-and-standalone-proof,LS_DASH_1_CHBLK,only remaining degraded reason is missing repository-owned harness/reference evidence,32418,383,Area,Symbolized,s52_area_docare_symbolized_rcid_32418,scene_harness_not_covered
DOCARE|Area|Symbolized|384|32419,DOCARE,partial,ordinary_s57,harness_only_partial,109-s52-harness-and-standalone-proof,LS_SOLD_1_CHBLK,only remaining degraded reason is missing repository-owned harness/reference evidence,32419,384,Area,Symbolized,s52_area_docare_symbolized_rcid_32419,scene_harness_not_covered
DRGARE|Area|Plain|45|32081,DRGARE,partial,ordinary_s57,harness_only_partial,109-s52-harness-and-standalone-proof,DEPARE01,only remaining degraded reason is missing repository-owned harness/reference evidence,32081,45,Area,Plain,s52_area_drgare_plain_rcid_32081,scene_harness_not_covered
DRGARE|Area|Symbolized|385|32420,DRGARE,partial,ordinary_s57,harness_only_partial,109-s52-harness-and-standalone-proof,DEPARE01,only remaining degraded reason is missing repository-owned harness/reference evidence,32420,385,Area,Symbolized,s52_area_drgare_symbolized_rcid_32420,scene_harness_not_covered
DRYDOC|Area|Plain|46|32082,DRYDOC,partial,ordinary_s57,harness_only_partial,109-s52-harness-and-standalone-proof,LS_SOLD_1_CSTLN,only remaining degraded reason is missing repository-owned harness/reference evidence,32082,46,Area,Plain,s52_area_drydoc_plain_rcid_32082,scene_harness_not_covered
DRYDOC|Area|Symbolized|386|32421,DRYDOC,partial,ordinary_s57,harness_only_partial,109-s52-harness-and-standalone-proof,LS_SOLD_1_CSTLN,only remaining degraded reason is missing repository-owned harness/reference evidence,32421,386,Area,Symbolized,s52_area_drydoc_symbolized_rcid_32421,scene_harness_not_covered
DWRTCL|Line|Lines|730|31806,DWRTCL,partial,ordinary_s57,harness_only_partial,109-s52-harness-and-standalone-proof,DWRTCL08,only remaining degraded reason is missing repository-owned harness/reference evidence,31806,730,Line,Lines,s52_line_dwrtcl_lines_rcid_31806,scene_harness_not_covered
DWRTCL|Line|Lines|731|31807,DWRTCL,partial,ordinary_s57,harness_only_partial,109-s52-harness-and-standalone-proof,DWRTCL08,only remaining degraded reason is missing repository-owned harness/reference evidence,31807,731,Line,Lines,s52_line_dwrtcl_lines_rcid_31807,scene_harness_not_covered
DWRTCL|Line|Lines|732|31808,DWRTCL,partial,ordinary_s57,harness_only_partial,109-s52-harness-and-standalone-proof,DWRTCL08,only remaining degraded reason is missing repository-owned harness/reference evidence,31808,732,Line,Lines,s52_line_dwrtcl_lines_rcid_31808,scene_harness_not_covered
DWRTCL|Line|Lines|733|31809,DWRTCL,partial,ordinary_s57,harness_only_partial,109-s52-harness-and-standalone-proof,DWRTCL06,only remaining degraded reason is missing repository-owned harness/reference evidence,31809,733,Line,Lines,s52_line_dwrtcl_lines_rcid_31809,scene_harness_not_covered
DWRTCL|Line|Lines|734|31810,DWRTCL,partial,ordinary_s57,harness_only_partial,109-s52-harness-and-standalone-proof,DWRTCL07,only remaining degraded reason is missing repository-owned harness/reference evidence,31810,734,Line,Lines,s52_line_dwrtcl_lines_rcid_31810,scene_harness_not_covered
DWRTCL|Line|Lines|735|31811,DWRTCL,partial,ordinary_s57,harness_only_partial,109-s52-harness-and-standalone-proof,DWRTCL07,only remaining degraded reason is missing repository-owned harness/reference evidence,31811,735,Line,Lines,s52_line_dwrtcl_lines_rcid_31811,scene_harness_not_covered
DWRTCL|Line|Lines|736|31812,DWRTCL,partial,ordinary_s57,harness_only_partial,109-s52-harness-and-standalone-proof,DWRTCL07,only remaining degraded reason is missing repository-owned harness/reference evidence,31812,736,Line,Lines,s52_line_dwrtcl_lines_rcid_31812,scene_harness_not_covered
DWRTCL|Line|Lines|737|31813,DWRTCL,partial,ordinary_s57,harness_only_partial,109-s52-harness-and-standalone-proof,DWRTCL05,only remaining degraded reason is missing repository-owned harness/reference evidence,31813,737,Line,Lines,s52_line_dwrtcl_lines_rcid_31813,scene_harness_not_covered
DWRTCL|Line|Lines|738|31814,DWRTCL,partial,ordinary_s57,harness_only_partial,109-s52-harness-and-standalone-proof,DWRTCL07,only remaining degraded reason is missing repository-owned harness/reference evidence,31814,738,Line,Lines,s52_line_dwrtcl_lines_rcid_31814,scene_harness_not_covered
DWRTCL|Line|Lines|739|31815,DWRTCL,partial,ordinary_s57,harness_only_partial,109-s52-harness-and-standalone-proof,DWRTCL07,only remaining degraded reason is missing repository-owned harness/reference evidence,31815,739,Line,Lines,s52_line_dwrtcl_lines_rcid_31815,scene_harness_not_covered
DWRTCL|Line|Lines|740|31816,DWRTCL,partial,ordinary_s57,harness_only_partial,109-s52-harness-and-standalone-proof,DWRTCL07,only remaining degraded reason is missing repository-owned harness/reference evidence,31816,740,Line,Lines,s52_line_dwrtcl_lines_rcid_31816,scene_harness_not_covered
DWRTCL|Line|Lines|741|31817,DWRTCL,partial,ordinary_s57,harness_only_partial,109-s52-harness-and-standalone-proof,DWRTCL05,only remaining degraded reason is missing repository-owned harness/reference evidence,31817,741,Line,Lines,s52_line_dwrtcl_lines_rcid_31817,scene_harness_not_covered
DWRTCL|Line|Lines|742|31818,DWRTCL,partial,ordinary_s57,harness_only_partial,109-s52-harness-and-standalone-proof,DWLDEF01,only remaining degraded reason is missing repository-owned harness/reference evidence,31818,742,Line,Lines,s52_line_dwrtcl_lines_rcid_31818,scene_harness_not_covered
DWRTPT|Area|Plain|47|32083,DWRTPT,partial,ordinary_s57,harness_only_partial,109-s52-harness-and-standalone-proof,DWRTPT51,only remaining degraded reason is missing repository-owned harness/reference evidence,32083,47,Area,Plain,s52_area_dwrtpt_plain_rcid_32083,scene_harness_not_covered
DWRTPT|Area|Plain|48|32084,DWRTPT,partial,ordinary_s57,harness_only_partial,109-s52-harness-and-standalone-proof,DWRTPT51,only remaining degraded reason is missing repository-owned harness/reference evidence,32084,48,Area,Plain,s52_area_dwrtpt_plain_rcid_32084,scene_harness_not_covered
DWRTPT|Area|Plain|49|32085,DWRTPT,partial,ordinary_s57,harness_only_partial,109-s52-harness-and-standalone-proof,DWRTPT51,only remaining degraded reason is missing repository-owned harness/reference evidence,32085,49,Area,Plain,s52_area_dwrtpt_plain_rcid_32085,scene_harness_not_covered
DWRTPT|Area|Plain|50|32086,DWRTPT,partial,ordinary_s57,harness_only_partial,109-s52-harness-and-standalone-proof,DWRTPT51,only remaining degraded reason is missing repository-owned harness/reference evidence,32086,50,Area,Plain,s52_area_dwrtpt_plain_rcid_32086,scene_harness_not_covered
DWRTPT|Area|Plain|51|32087,DWRTPT,partial,ordinary_s57,harness_only_partial,109-s52-harness-and-standalone-proof,DWRTPT51,only remaining degraded reason is missing repository-owned harness/reference evidence,32087,51,Area,Plain,s52_area_dwrtpt_plain_rcid_32087,scene_harness_not_covered
DWRTPT|Area|Symbolized|387|32422,DWRTPT,partial,ordinary_s57,harness_only_partial,109-s52-harness-and-standalone-proof,DWRTPT51,only remaining degraded reason is missing repository-owned harness/reference evidence,32422,387,Area,Symbolized,s52_area_dwrtpt_symbolized_rcid_32422,scene_harness_not_covered
DWRTPT|Area|Symbolized|388|32423,DWRTPT,partial,ordinary_s57,harness_only_partial,109-s52-harness-and-standalone-proof,DWRTPT51,only remaining degraded reason is missing repository-owned harness/reference evidence,32423,388,Area,Symbolized,s52_area_dwrtpt_symbolized_rcid_32423,scene_harness_not_covered
DWRTPT|Area|Symbolized|389|32424,DWRTPT,partial,ordinary_s57,harness_only_partial,109-s52-harness-and-standalone-proof,DWRTPT51,only remaining degraded reason is missing repository-owned harness/reference evidence,32424,389,Area,Symbolized,s52_area_dwrtpt_symbolized_rcid_32424,scene_harness_not_covered
DWRTPT|Area|Symbolized|390|32425,DWRTPT,partial,ordinary_s57,harness_only_partial,109-s52-harness-and-standalone-proof,DWRTPT51,only remaining degraded reason is missing repository-owned harness/reference evidence,32425,390,Area,Symbolized,s52_area_dwrtpt_symbolized_rcid_32425,scene_harness_not_covered
DWRTPT|Area|Symbolized|391|32426,DWRTPT,partial,ordinary_s57,harness_only_partial,109-s52-harness-and-standalone-proof,DWRTPT51,only remaining degraded reason is missing repository-owned harness/reference evidence,32426,391,Area,Symbolized,s52_area_dwrtpt_symbolized_rcid_32426,scene_harness_not_covered
DYKCON|Area|Plain|52|32088,DYKCON,partial,ordinary_s57,harness_only_partial,109-s52-harness-and-standalone-proof,LS_SOLD_1_LANDF,only remaining degraded reason is missing repository-owned harness/reference evidence,32088,52,Area,Plain,s52_area_dykcon_plain_rcid_32088,scene_harness_not_covered
DYKCON|Area|Symbolized|392|32427,DYKCON,partial,ordinary_s57,harness_only_partial,109-s52-harness-and-standalone-proof,LS_SOLD_1_LANDF,only remaining degraded reason is missing repository-owned harness/reference evidence,32427,392,Area,Symbolized,s52_area_dykcon_symbolized_rcid_32427,scene_harness_not_covered
DYKCON|Line|Lines|743|31819,DYKCON,partial,ordinary_s57,harness_only_partial,109-s52-harness-and-standalone-proof,LS_SOLD_2_CHBLK,only remaining degraded reason is missing repository-owned harness/reference evidence,31819,743,Line,Lines,s52_line_dykcon_lines_rcid_31819,scene_harness_not_covered
DYKCON|Line|Lines|744|31820,DYKCON,partial,ordinary_s57,harness_only_partial,109-s52-harness-and-standalone-proof,LS_SOLD_3_LANDF,only remaining degraded reason is missing repository-owned harness/reference evidence,31820,744,Line,Lines,s52_line_dykcon_lines_rcid_31820,scene_harness_not_covered
EXEZNE|Area|Plain|53|32089,EXEZNE,partial,ordinary_s57,harness_only_partial,109-s52-harness-and-standalone-proof,LS_DASH_2_CHGRF,only remaining degraded reason is missing repository-owned harness/reference evidence,32089,53,Area,Plain,s52_area_exezne_plain_rcid_32089,scene_harness_not_covered
EXEZNE|Area|Symbolized|393|32428,EXEZNE,partial,ordinary_s57,harness_only_partial,109-s52-harness-and-standalone-proof,LS_DASH_2_CHGRF,only remaining degraded reason is missing repository-owned harness/reference evidence,32428,393,Area,Symbolized,s52_area_exezne_symbolized_rcid_32428,scene_harness_not_covered
FAIRWY|Area|Plain|54|32090,FAIRWY,partial,ordinary_s57,harness_only_partial,109-s52-harness-and-standalone-proof,FAIRWY51,only remaining degraded reason is missing repository-owned harness/reference evidence,32090,54,Area,Plain,s52_area_fairwy_plain_rcid_32090,scene_harness_not_covered
FAIRWY|Area|Plain|55|32091,FAIRWY,partial,ordinary_s57,harness_only_partial,109-s52-harness-and-standalone-proof,FAIRWY51,only remaining degraded reason is missing repository-owned harness/reference evidence,32091,55,Area,Plain,s52_area_fairwy_plain_rcid_32091,scene_harness_not_covered
FAIRWY|Area|Plain|56|32092,FAIRWY,partial,ordinary_s57,harness_only_partial,109-s52-harness-and-standalone-proof,FAIRWY51,only remaining degraded reason is missing repository-owned harness/reference evidence,32092,56,Area,Plain,s52_area_fairwy_plain_rcid_32092,scene_harness_not_covered
FAIRWY|Area|Plain|57|32093,FAIRWY,partial,ordinary_s57,harness_only_partial,109-s52-harness-and-standalone-proof,FAIRWY52,only remaining degraded reason is missing repository-owned harness/reference evidence,32093,57,Area,Plain,s52_area_fairwy_plain_rcid_32093,scene_harness_not_covered
FAIRWY|Area|Plain|58|32094,FAIRWY,partial,ordinary_s57,harness_only_partial,109-s52-harness-and-standalone-proof,LS_DASH_1_CHGRD,only remaining degraded reason is missing repository-owned harness/reference evidence,32094,58,Area,Plain,s52_area_fairwy_plain_rcid_32094,scene_harness_not_covered
FAIRWY|Area|Symbolized|394|32429,FAIRWY,partial,ordinary_s57,harness_only_partial,109-s52-harness-and-standalone-proof,FAIRWY51,only remaining degraded reason is missing repository-owned harness/reference evidence,32429,394,Area,Symbolized,s52_area_fairwy_symbolized_rcid_32429,scene_harness_not_covered
FAIRWY|Area|Symbolized|395|32430,FAIRWY,partial,ordinary_s57,harness_only_partial,109-s52-harness-and-standalone-proof,FAIRWY51,only remaining degraded reason is missing repository-owned harness/reference evidence,32430,395,Area,Symbolized,s52_area_fairwy_symbolized_rcid_32430,scene_harness_not_covered
FAIRWY|Area|Symbolized|396|32431,FAIRWY,partial,ordinary_s57,harness_only_partial,109-s52-harness-and-standalone-proof,FAIRWY51,only remaining degraded reason is missing repository-owned harness/reference evidence,32431,396,Area,Symbolized,s52_area_fairwy_symbolized_rcid_32431,scene_harness_not_covered
FAIRWY|Area|Symbolized|397|32432,FAIRWY,partial,ordinary_s57,harness_only_partial,109-s52-harness-and-standalone-proof,FAIRWY52,only remaining degraded reason is missing repository-owned harness/reference evidence,32432,397,Area,Symbolized,s52_area_fairwy_symbolized_rcid_32432,scene_harness_not_covered
FAIRWY|Area|Symbolized|398|32433,FAIRWY,partial,ordinary_s57,harness_only_partial,109-s52-harness-and-standalone-proof,NAVARE51,only remaining degraded reason is missing repository-owned harness/reference evidence,32433,398,Area,Symbolized,s52_area_fairwy_symbolized_rcid_32433,scene_harness_not_covered
FERYRT|Area|Plain|59|32095,FERYRT,partial,ordinary_s57,harness_only_partial,109-s52-harness-and-standalone-proof,FRYARE52,only remaining degraded reason is missing repository-owned harness/reference evidence,32095,59,Area,Plain,s52_area_feryrt_plain_rcid_32095,scene_harness_not_covered
FERYRT|Area|Plain|60|32096,FERYRT,partial,ordinary_s57,harness_only_partial,109-s52-harness-and-standalone-proof,FRYARE51,only remaining degraded reason is missing repository-owned harness/reference evidence,32096,60,Area,Plain,s52_area_feryrt_plain_rcid_32096,scene_harness_not_covered
FERYRT|Area|Symbolized|399|32434,FERYRT,partial,ordinary_s57,harness_only_partial,109-s52-harness-and-standalone-proof,FRYARE52,only remaining degraded reason is missing repository-owned harness/reference evidence,32434,399,Area,Symbolized,s52_area_feryrt_symbolized_rcid_32434,scene_harness_not_covered
FERYRT|Area|Symbolized|400|32435,FERYRT,partial,ordinary_s57,harness_only_partial,109-s52-harness-and-standalone-proof,FRYARE51,only remaining degraded reason is missing repository-owned harness/reference evidence,32435,400,Area,Symbolized,s52_area_feryrt_symbolized_rcid_32435,scene_harness_not_covered
FERYRT|Line|Lines|745|31821,FERYRT,partial,ordinary_s57,harness_only_partial,109-s52-harness-and-standalone-proof,FERYRT01,only remaining degraded reason is missing repository-owned harness/reference evidence,31821,745,Line,Lines,s52_line_feryrt_lines_rcid_31821,scene_harness_not_covered
FERYRT|Line|Lines|746|31822,FERYRT,partial,ordinary_s57,harness_only_partial,109-s52-harness-and-standalone-proof,FERYRT02,only remaining degraded reason is missing repository-owned harness/reference evidence,31822,746,Line,Lines,s52_line_feryrt_lines_rcid_31822,scene_harness_not_covered
FERYRT|Line|Lines|747|31823,FERYRT,partial,ordinary_s57,harness_only_partial,109-s52-harness-and-standalone-proof,FERYRT02,only remaining degraded reason is missing repository-owned harness/reference evidence,31823,747,Line,Lines,s52_line_feryrt_lines_rcid_31823,scene_harness_not_covered
FLODOC|Area|Plain|61|32097,FLODOC,partial,ordinary_s57,harness_only_partial,109-s52-harness-and-standalone-proof,LS_SOLD_2_CSTLN,only remaining degraded reason is missing repository-owned harness/reference evidence,32097,61,Area,Plain,s52_area_flodoc_plain_rcid_32097,scene_harness_not_covered
FLODOC|Area|Symbolized|401|32436,FLODOC,partial,ordinary_s57,harness_only_partial,109-s52-harness-and-standalone-proof,LS_SOLD_2_CSTLN,only remaining degraded reason is missing repository-owned harness/reference evidence,32436,401,Area,Symbolized,s52_area_flodoc_symbolized_rcid_32436,scene_harness_not_covered
FLODOC|Line|Lines|748|31824,FLODOC,partial,ordinary_s57,harness_only_partial,109-s52-harness-and-standalone-proof,LS_SOLD_3_CSTLN,only remaining degraded reason is missing repository-owned harness/reference evidence,31824,748,Line,Lines,s52_line_flodoc_lines_rcid_31824,scene_harness_not_covered
FNCLNE|Line|Lines|749|31825,FNCLNE,partial,ordinary_s57,harness_only_partial,109-s52-harness-and-standalone-proof,LS_SOLD_1_CHBLK,only remaining degraded reason is missing repository-owned harness/reference evidence,31825,749,Line,Lines,s52_line_fnclne_lines_rcid_31825,scene_harness_not_covered
FNCLNE|Line|Lines|750|31826,FNCLNE,partial,ordinary_s57,harness_only_partial,109-s52-harness-and-standalone-proof,LS_SOLD_1_LANDF,only remaining degraded reason is missing repository-owned harness/reference evidence,31826,750,Line,Lines,s52_line_fnclne_lines_rcid_31826,scene_harness_not_covered
FOGSIG|Point|Paper|2179|30359,FOGSIG,partial,ordinary_s57,harness_only_partial,109-s52-harness-and-standalone-proof,FOGSIG01,only remaining degraded reason is missing repository-owned harness/reference evidence,30359,2179,Point,Paper,s52_point_fogsig_paper_rcid_30359,scene_harness_not_covered
FOGSIG|Point|Simplified|1112|31164,FOGSIG,partial,ordinary_s57,harness_only_partial,109-s52-harness-and-standalone-proof,FOGSIG01,only remaining degraded reason is missing repository-owned harness/reference evidence,31164,1112,Point,Simplified,s52_point_fogsig_simplified_rcid_31164,scene_harness_not_covered
FORSTC|Area|Plain|62|32098,FORSTC,partial,ordinary_s57,harness_only_partial,109-s52-harness-and-standalone-proof,LS_SOLD_1_CHBLK,only remaining degraded reason is missing repository-owned harness/reference evidence,32098,62,Area,Plain,s52_area_forstc_plain_rcid_32098,scene_harness_not_covered
FORSTC|Area|Plain|63|32099,FORSTC,partial,ordinary_s57,harness_only_partial,109-s52-harness-and-standalone-proof,LS_SOLD_1_LANDF,only remaining degraded reason is missing repository-owned harness/reference evidence,32099,63,Area,Plain,s52_area_forstc_plain_rcid_32099,scene_harness_not_covered
FORSTC|Area|Symbolized|402|32437,FORSTC,partial,ordinary_s57,harness_only_partial,109-s52-harness-and-standalone-proof,LS_SOLD_1_CHBLK,only remaining degraded reason is missing repository-owned harness/reference evidence,32437,402,Area,Symbolized,s52_area_forstc_symbolized_rcid_32437,scene_harness_not_covered
FORSTC|Area|Symbolized|403|32438,FORSTC,partial,ordinary_s57,harness_only_partial,109-s52-harness-and-standalone-proof,LS_SOLD_1_LANDF,only remaining degraded reason is missing repository-owned harness/reference evidence,32438,403,Area,Symbolized,s52_area_forstc_symbolized_rcid_32438,scene_harness_not_covered
FORSTC|Line|Lines|751|31827,FORSTC,partial,ordinary_s57,harness_only_partial,109-s52-harness-and-standalone-proof,LS_SOLD_3_LANDF,only remaining degraded reason is missing repository-owned harness/reference evidence,31827,751,Line,Lines,s52_line_forstc_lines_rcid_31827,scene_harness_not_covered
FORSTC|Point|Paper|2180|30360,FORSTC,partial,ordinary_s57,harness_only_partial,109-s52-harness-and-standalone-proof,FORSTC11,only remaining degraded reason is missing repository-owned harness/reference evidence,30360,2180,Point,Paper,s52_point_forstc_paper_rcid_30360,scene_harness_not_covered
FORSTC|Point|Paper|2181|30361,FORSTC,partial,ordinary_s57,harness_only_partial,109-s52-harness-and-standalone-proof,FORSTC01,only remaining degraded reason is missing repository-owned harness/reference evidence,30361,2181,Point,Paper,s52_point_forstc_paper_rcid_30361,scene_harness_not_covered
FORSTC|Point|Simplified|1113|31165,FORSTC,partial,ordinary_s57,harness_only_partial,109-s52-harness-and-standalone-proof,FORSTC11,only remaining degraded reason is missing repository-owned harness/reference evidence,31165,1113,Point,Simplified,s52_point_forstc_simplified_rcid_31165,scene_harness_not_covered
FORSTC|Point|Simplified|1114|31166,FORSTC,partial,ordinary_s57,harness_only_partial,109-s52-harness-and-standalone-proof,FORSTC01,only remaining degraded reason is missing repository-owned harness/reference evidence,31166,1114,Point,Simplified,s52_point_forstc_simplified_rcid_31166,scene_harness_not_covered
FRPARE|Area|Plain|64|32100,FRPARE,partial,ordinary_s57,harness_only_partial,109-s52-harness-and-standalone-proof,LS_DASH_2_CHGRF,only remaining degraded reason is missing repository-owned harness/reference evidence,32100,64,Area,Plain,s52_area_frpare_plain_rcid_32100,scene_harness_not_covered
FRPARE|Area|Symbolized|404|32439,FRPARE,partial,ordinary_s57,harness_only_partial,109-s52-harness-and-standalone-proof,LS_DASH_2_CHGRF,only remaining degraded reason is missing repository-owned harness/reference evidence,32439,404,Area,Symbolized,s52_area_frpare_symbolized_rcid_32439,scene_harness_not_covered
FSHFAC|Area|Plain|65|32101,FSHFAC,partial,ordinary_s57,harness_only_partial,109-s52-harness-and-standalone-proof,LS_DASH_1_CHGRD,only remaining degraded reason is missing repository-owned harness/reference evidence,32101,65,Area,Plain,s52_area_fshfac_plain_rcid_32101,scene_harness_not_covered
FSHFAC|Area|Plain|66|32102,FSHFAC,partial,ordinary_s57,harness_only_partial,109-s52-harness-and-standalone-proof,LS_DASH_1_CHGRD,only remaining degraded reason is missing repository-owned harness/reference evidence,32102,66,Area,Plain,s52_area_fshfac_plain_rcid_32102,scene_harness_not_covered
FSHFAC|Area|Plain|67|32103,FSHFAC,partial,ordinary_s57,harness_only_partial,109-s52-harness-and-standalone-proof,LS_DASH_1_CHGRD,only remaining degraded reason is missing repository-owned harness/reference evidence,32103,67,Area,Plain,s52_area_fshfac_plain_rcid_32103,scene_harness_not_covered
FSHFAC|Area|Plain|68|32104,FSHFAC,partial,ordinary_s57,harness_only_partial,109-s52-harness-and-standalone-proof,LS_DASH_1_CHGRD,only remaining degraded reason is missing repository-owned harness/reference evidence,32104,68,Area,Plain,s52_area_fshfac_plain_rcid_32104,scene_harness_not_covered
FSHFAC|Area|Plain|69|32105,FSHFAC,partial,ordinary_s57,harness_only_partial,109-s52-harness-and-standalone-proof,LS_DASH_1_CHGRD,only remaining degraded reason is missing repository-owned harness/reference evidence,32105,69,Area,Plain,s52_area_fshfac_plain_rcid_32105,scene_harness_not_covered
FSHFAC|Area|Symbolized|405|32440,FSHFAC,partial,ordinary_s57,harness_only_partial,109-s52-harness-and-standalone-proof,FSHFAC03,only remaining degraded reason is missing repository-owned harness/reference evidence,32440,405,Area,Symbolized,s52_area_fshfac_symbolized_rcid_32440,scene_harness_not_covered
FSHFAC|Area|Symbolized|406|32441,FSHFAC,partial,ordinary_s57,harness_only_partial,109-s52-harness-and-standalone-proof,FSHFAC02,only remaining degraded reason is missing repository-owned harness/reference evidence,32441,406,Area,Symbolized,s52_area_fshfac_symbolized_rcid_32441,scene_harness_not_covered
FSHFAC|Area|Symbolized|407|32442,FSHFAC,partial,ordinary_s57,harness_only_partial,109-s52-harness-and-standalone-proof,FSHFAC02,only remaining degraded reason is missing repository-owned harness/reference evidence,32442,407,Area,Symbolized,s52_area_fshfac_symbolized_rcid_32442,scene_harness_not_covered
FSHFAC|Area|Symbolized|408|32443,FSHFAC,partial,ordinary_s57,harness_only_partial,109-s52-harness-and-standalone-proof,FSHFAC02,only remaining degraded reason is missing repository-owned harness/reference evidence,32443,408,Area,Symbolized,s52_area_fshfac_symbolized_rcid_32443,scene_harness_not_covered
FSHFAC|Area|Symbolized|409|32444,FSHFAC,partial,ordinary_s57,harness_only_partial,109-s52-harness-and-standalone-proof,FSHFAC02,only remaining degraded reason is missing repository-owned harness/reference evidence,32444,409,Area,Symbolized,s52_area_fshfac_symbolized_rcid_32444,scene_harness_not_covered
FSHFAC|Line|Lines|752|31828,FSHFAC,partial,ordinary_s57,harness_only_partial,109-s52-harness-and-standalone-proof,FSHFAC02,only remaining degraded reason is missing repository-owned harness/reference evidence,31828,752,Line,Lines,s52_line_fshfac_lines_rcid_31828,scene_harness_not_covered
FSHFAC|Line|Lines|753|31829,FSHFAC,partial,ordinary_s57,harness_only_partial,109-s52-harness-and-standalone-proof,LS_DASH_2_CHGRD,only remaining degraded reason is missing repository-owned harness/reference evidence,31829,753,Line,Lines,s52_line_fshfac_lines_rcid_31829,scene_harness_not_covered
FSHFAC|Point|Paper|2182|30362,FSHFAC,partial,ordinary_s57,harness_only_partial,109-s52-harness-and-standalone-proof,FSHFAC03,only remaining degraded reason is missing repository-owned harness/reference evidence,30362,2182,Point,Paper,s52_point_fshfac_paper_rcid_30362,scene_harness_not_covered
FSHFAC|Point|Paper|2183|30363,FSHFAC,partial,ordinary_s57,harness_only_partial,109-s52-harness-and-standalone-proof,FSHFAC02,only remaining degraded reason is missing repository-owned harness/reference evidence,30363,2183,Point,Paper,s52_point_fshfac_paper_rcid_30363,scene_harness_not_covered
FSHFAC|Point|Paper|2184|30364,FSHFAC,partial,ordinary_s57,harness_only_partial,109-s52-harness-and-standalone-proof,FSHFAC02,only remaining degraded reason is missing repository-owned harness/reference evidence,30364,2184,Point,Paper,s52_point_fshfac_paper_rcid_30364,scene_harness_not_covered
FSHFAC|Point|Paper|2185|30365,FSHFAC,partial,ordinary_s57,harness_only_partial,109-s52-harness-and-standalone-proof,FSHFAC02,only remaining degraded reason is missing repository-owned harness/reference evidence,30365,2185,Point,Paper,s52_point_fshfac_paper_rcid_30365,scene_harness_not_covered
FSHFAC|Point|Paper|2186|30366,FSHFAC,partial,ordinary_s57,harness_only_partial,109-s52-harness-and-standalone-proof,FSHHAV01,only remaining degraded reason is missing repository-owned harness/reference evidence,30366,2186,Point,Paper,s52_point_fshfac_paper_rcid_30366,scene_harness_not_covered
FSHFAC|Point|Simplified|1115|31167,FSHFAC,partial,ordinary_s57,harness_only_partial,109-s52-harness-and-standalone-proof,FSHFAC03,only remaining degraded reason is missing repository-owned harness/reference evidence,31167,1115,Point,Simplified,s52_point_fshfac_simplified_rcid_31167,scene_harness_not_covered
FSHFAC|Point|Simplified|1116|31168,FSHFAC,partial,ordinary_s57,harness_only_partial,109-s52-harness-and-standalone-proof,FSHFAC02,only remaining degraded reason is missing repository-owned harness/reference evidence,31168,1116,Point,Simplified,s52_point_fshfac_simplified_rcid_31168,scene_harness_not_covered
FSHFAC|Point|Simplified|1117|31169,FSHFAC,partial,ordinary_s57,harness_only_partial,109-s52-harness-and-standalone-proof,FSHFAC02,only remaining degraded reason is missing repository-owned harness/reference evidence,31169,1117,Point,Simplified,s52_point_fshfac_simplified_rcid_31169,scene_harness_not_covered
FSHFAC|Point|Simplified|1118|31170,FSHFAC,partial,ordinary_s57,harness_only_partial,109-s52-harness-and-standalone-proof,FSHFAC02,only remaining degraded reason is missing repository-owned harness/reference evidence,31170,1118,Point,Simplified,s52_point_fshfac_simplified_rcid_31170,scene_harness_not_covered
FSHFAC|Point|Simplified|1119|31171,FSHFAC,partial,ordinary_s57,harness_only_partial,109-s52-harness-and-standalone-proof,FSHHAV01,only remaining degraded reason is missing repository-owned harness/reference evidence,31171,1119,Point,Simplified,s52_point_fshfac_simplified_rcid_31171,scene_harness_not_covered
FSHGRD|Area|Plain|70|32106,FSHGRD,partial,ordinary_s57,harness_only_partial,109-s52-harness-and-standalone-proof,FSHGRD01,only remaining degraded reason is missing repository-owned harness/reference evidence,32106,70,Area,Plain,s52_area_fshgrd_plain_rcid_32106,scene_harness_not_covered
FSHGRD|Area|Symbolized|410|32445,FSHGRD,partial,ordinary_s57,harness_only_partial,109-s52-harness-and-standalone-proof,FSHGRD01,only remaining degraded reason is missing repository-owned harness/reference evidence,32445,410,Area,Symbolized,s52_area_fshgrd_symbolized_rcid_32445,scene_harness_not_covered
FSHZNE|Area|Plain|71|32107,FSHZNE,partial,ordinary_s57,harness_only_partial,109-s52-harness-and-standalone-proof,LS_DASH_2_CHGRF,only remaining degraded reason is missing repository-owned harness/reference evidence,32107,71,Area,Plain,s52_area_fshzne_plain_rcid_32107,scene_harness_not_covered
FSHZNE|Area|Symbolized|411|32446,FSHZNE,partial,ordinary_s57,harness_only_partial,109-s52-harness-and-standalone-proof,LS_DASH_2_CHGRF,only remaining degraded reason is missing repository-owned harness/reference evidence,32446,411,Area,Symbolized,s52_area_fshzne_symbolized_rcid_32446,scene_harness_not_covered
GATCON|Area|Plain|72|32108,GATCON,partial,ordinary_s57,harness_only_partial,109-s52-harness-and-standalone-proof,LS_SOLD_2_CSTLN,only remaining degraded reason is missing repository-owned harness/reference evidence,32108,72,Area,Plain,s52_area_gatcon_plain_rcid_32108,scene_harness_not_covered
GATCON|Area|Symbolized|412|32447,GATCON,partial,ordinary_s57,harness_only_partial,109-s52-harness-and-standalone-proof,LS_SOLD_2_CSTLN,only remaining degraded reason is missing repository-owned harness/reference evidence,32447,412,Area,Symbolized,s52_area_gatcon_symbolized_rcid_32447,scene_harness_not_covered
GATCON|Line|Lines|754|31830,GATCON,partial,ordinary_s57,harness_only_partial,109-s52-harness-and-standalone-proof,LS_SOLD_2_CSTLN,only remaining degraded reason is missing repository-owned harness/reference evidence,31830,754,Line,Lines,s52_line_gatcon_lines_rcid_31830,scene_harness_not_covered
GATCON|Line|Lines|755|31831,GATCON,partial,ordinary_s57,harness_only_partial,109-s52-harness-and-standalone-proof,GATCON04,only remaining degraded reason is missing repository-owned harness/reference evidence,31831,755,Line,Lines,s52_line_gatcon_lines_rcid_31831,scene_harness_not_covered
GATCON|Line|Lines|756|31832,GATCON,partial,ordinary_s57,harness_only_partial,109-s52-harness-and-standalone-proof,GATCON03,only remaining degraded reason is missing repository-owned harness/reference evidence,31832,756,Line,Lines,s52_line_gatcon_lines_rcid_31832,scene_harness_not_covered
GATCON|Line|Lines|757|31833,GATCON,partial,ordinary_s57,harness_only_partial,109-s52-harness-and-standalone-proof,LS_SOLD_2_CSTLN,only remaining degraded reason is missing repository-owned harness/reference evidence,31833,757,Line,Lines,s52_line_gatcon_lines_rcid_31833,scene_harness_not_covered
GATCON|Line|Lines|758|31834,GATCON,partial,ordinary_s57,harness_only_partial,109-s52-harness-and-standalone-proof,LS_SOLD_2_CSTLN,only remaining degraded reason is missing repository-owned harness/reference evidence,31834,758,Line,Lines,s52_line_gatcon_lines_rcid_31834,scene_harness_not_covered
GATCON|Point|Paper|2187|30367,GATCON,partial,ordinary_s57,harness_only_partial,109-s52-harness-and-standalone-proof,GATCON04,only remaining degraded reason is missing repository-owned harness/reference evidence,30367,2187,Point,Paper,s52_point_gatcon_paper_rcid_30367,scene_harness_not_covered
GATCON|Point|Paper|2188|30368,GATCON,partial,ordinary_s57,harness_only_partial,109-s52-harness-and-standalone-proof,GATCON04,only remaining degraded reason is missing repository-owned harness/reference evidence,30368,2188,Point,Paper,s52_point_gatcon_paper_rcid_30368,scene_harness_not_covered
GATCON|Point|Paper|2189|30369,GATCON,partial,ordinary_s57,harness_only_partial,109-s52-harness-and-standalone-proof,GATCON03,only remaining degraded reason is missing repository-owned harness/reference evidence,30369,2189,Point,Paper,s52_point_gatcon_paper_rcid_30369,scene_harness_not_covered
GATCON|Point|Paper|2190|30370,GATCON,partial,ordinary_s57,harness_only_partial,109-s52-harness-and-standalone-proof,GATCON04,only remaining degraded reason is missing repository-owned harness/reference evidence,30370,2190,Point,Paper,s52_point_gatcon_paper_rcid_30370,scene_harness_not_covered
GATCON|Point|Simplified|1120|31172,GATCON,partial,ordinary_s57,harness_only_partial,109-s52-harness-and-standalone-proof,GATCON04,only remaining degraded reason is missing repository-owned harness/reference evidence,31172,1120,Point,Simplified,s52_point_gatcon_simplified_rcid_31172,scene_harness_not_covered
GATCON|Point|Simplified|1121|31173,GATCON,partial,ordinary_s57,harness_only_partial,109-s52-harness-and-standalone-proof,GATCON04,only remaining degraded reason is missing repository-owned harness/reference evidence,31173,1121,Point,Simplified,s52_point_gatcon_simplified_rcid_31173,scene_harness_not_covered
GATCON|Point|Simplified|1122|31174,GATCON,partial,ordinary_s57,harness_only_partial,109-s52-harness-and-standalone-proof,GATCON03,only remaining degraded reason is missing repository-owned harness/reference evidence,31174,1122,Point,Simplified,s52_point_gatcon_simplified_rcid_31174,scene_harness_not_covered
GATCON|Point|Simplified|1123|31175,GATCON,partial,ordinary_s57,harness_only_partial,109-s52-harness-and-standalone-proof,GATCON04,only remaining degraded reason is missing repository-owned harness/reference evidence,31175,1123,Point,Simplified,s52_point_gatcon_simplified_rcid_31175,scene_harness_not_covered
GENNAV|Point|Paper|1733|54026,GENNAV,partial,ordinary_s57,harness_only_partial,109-s52-harness-and-standalone-proof,BCNTOW01,only remaining degraded reason is missing repository-owned harness/reference evidence,54026,1733,Point,Paper,s52_point_gennav_paper_rcid_54026,scene_harness_not_covered
GENNAV|Point|Simplified|1997|54028,GENNAV,partial,ordinary_s57,harness_only_partial,109-s52-harness-and-standalone-proof,BCNTOW01,only remaining degraded reason is missing repository-owned harness/reference evidence,54028,1997,Point,Simplified,s52_point_gennav_simplified_rcid_54028,scene_harness_not_covered
GRIDRN|Area|Plain|73|32109,GRIDRN,partial,ordinary_s57,harness_only_partial,109-s52-harness-and-standalone-proof,LS_DASH_1_CHGRD,only remaining degraded reason is missing repository-owned harness/reference evidence,32109,73,Area,Plain,s52_area_gridrn_plain_rcid_32109,scene_harness_not_covered
GRIDRN|Area|Symbolized|413|32448,GRIDRN,partial,ordinary_s57,harness_only_partial,109-s52-harness-and-standalone-proof,LS_DASH_1_CHGRD,only remaining degraded reason is missing repository-owned harness/reference evidence,32448,413,Area,Symbolized,s52_area_gridrn_symbolized_rcid_32448,scene_harness_not_covered
GRIDRN|Point|Paper|2191|30371,GRIDRN,partial,ordinary_s57,harness_only_partial,109-s52-harness-and-standalone-proof,s52_point_gridrn_paper_rcid_30371,only remaining degraded reason is missing repository-owned harness/reference evidence,30371,2191,Point,Paper,s52_point_gridrn_paper_rcid_30371,scene_harness_not_covered
GRIDRN|Point|Simplified|1124|31176,GRIDRN,partial,ordinary_s57,harness_only_partial,109-s52-harness-and-standalone-proof,s52_point_gridrn_simplified_rcid_31176,only remaining degraded reason is missing repository-owned harness/reference evidence,31176,1124,Point,Simplified,s52_point_gridrn_simplified_rcid_31176,scene_harness_not_covered
HRBARE|Area|Plain|74|32110,HRBARE,partial,ordinary_s57,harness_only_partial,109-s52-harness-and-standalone-proof,LS_DASH_2_CHGRD,only remaining degraded reason is missing repository-owned harness/reference evidence,32110,74,Area,Plain,s52_area_hrbare_plain_rcid_32110,scene_harness_not_covered
HRBARE|Area|Symbolized|414|32449,HRBARE,partial,ordinary_s57,harness_only_partial,109-s52-harness-and-standalone-proof,NAVARE51,only remaining degraded reason is missing repository-owned harness/reference evidence,32449,414,Area,Symbolized,s52_area_hrbare_symbolized_rcid_32449,scene_harness_not_covered
HRBFAC|Area|Plain|75|32111,HRBFAC,partial,ordinary_s57,harness_only_partial,109-s52-harness-and-standalone-proof,ROLROL01,only remaining degraded reason is missing repository-owned harness/reference evidence,32111,75,Area,Plain,s52_area_hrbfac_plain_rcid_32111,scene_harness_not_covered
HRBFAC|Area|Plain|76|32112,HRBFAC,partial,ordinary_s57,harness_only_partial,109-s52-harness-and-standalone-proof,HRBFAC09,only remaining degraded reason is missing repository-owned harness/reference evidence,32112,76,Area,Plain,s52_area_hrbfac_plain_rcid_32112,scene_harness_not_covered
HRBFAC|Area|Plain|77|32113,HRBFAC,partial,ordinary_s57,harness_only_partial,109-s52-harness-and-standalone-proof,SMCFAC02,only remaining degraded reason is missing repository-owned harness/reference evidence,32113,77,Area,Plain,s52_area_hrbfac_plain_rcid_32113,scene_harness_not_covered
HRBFAC|Area|Plain|78|32114,HRBFAC,partial,ordinary_s57,harness_only_partial,109-s52-harness-and-standalone-proof,CHINFO07,only remaining degraded reason is missing repository-owned harness/reference evidence,32114,78,Area,Plain,s52_area_hrbfac_plain_rcid_32114,scene_harness_not_covered
HRBFAC|Area|Symbolized|415|32450,HRBFAC,partial,ordinary_s57,harness_only_partial,109-s52-harness-and-standalone-proof,ROLROL01,only remaining degraded reason is missing repository-owned harness/reference evidence,32450,415,Area,Symbolized,s52_area_hrbfac_symbolized_rcid_32450,scene_harness_not_covered
HRBFAC|Area|Symbolized|416|32451,HRBFAC,partial,ordinary_s57,harness_only_partial,109-s52-harness-and-standalone-proof,HRBFAC09,only remaining degraded reason is missing repository-owned harness/reference evidence,32451,416,Area,Symbolized,s52_area_hrbfac_symbolized_rcid_32451,scene_harness_not_covered
HRBFAC|Area|Symbolized|417|32452,HRBFAC,partial,ordinary_s57,harness_only_partial,109-s52-harness-and-standalone-proof,SMCFAC02,only remaining degraded reason is missing repository-owned harness/reference evidence,32452,417,Area,Symbolized,s52_area_hrbfac_symbolized_rcid_32452,scene_harness_not_covered
HRBFAC|Area|Symbolized|418|32453,HRBFAC,partial,ordinary_s57,harness_only_partial,109-s52-harness-and-standalone-proof,CHINFO07,only remaining degraded reason is missing repository-owned harness/reference evidence,32453,418,Area,Symbolized,s52_area_hrbfac_symbolized_rcid_32453,scene_harness_not_covered
HRBFAC|Point|Paper|2192|30372,HRBFAC,partial,ordinary_s57,harness_only_partial,109-s52-harness-and-standalone-proof,ROLROL01,only remaining degraded reason is missing repository-owned harness/reference evidence,30372,2192,Point,Paper,s52_point_hrbfac_paper_rcid_30372,scene_harness_not_covered
HRBFAC|Point|Paper|2193|30373,HRBFAC,partial,ordinary_s57,harness_only_partial,109-s52-harness-and-standalone-proof,HRBFAC09,only remaining degraded reason is missing repository-owned harness/reference evidence,30373,2193,Point,Paper,s52_point_hrbfac_paper_rcid_30373,scene_harness_not_covered
HRBFAC|Point|Paper|2194|30374,HRBFAC,partial,ordinary_s57,harness_only_partial,109-s52-harness-and-standalone-proof,SMCFAC02,only remaining degraded reason is missing repository-owned harness/reference evidence,30374,2194,Point,Paper,s52_point_hrbfac_paper_rcid_30374,scene_harness_not_covered
HRBFAC|Point|Paper|2195|30375,HRBFAC,partial,ordinary_s57,harness_only_partial,109-s52-harness-and-standalone-proof,CHINFO07,only remaining degraded reason is missing repository-owned harness/reference evidence,30375,2195,Point,Paper,s52_point_hrbfac_paper_rcid_30375,scene_harness_not_covered
HRBFAC|Point|Simplified|1125|31177,HRBFAC,partial,ordinary_s57,harness_only_partial,109-s52-harness-and-standalone-proof,ROLROL01,only remaining degraded reason is missing repository-owned harness/reference evidence,31177,1125,Point,Simplified,s52_point_hrbfac_simplified_rcid_31177,scene_harness_not_covered
HRBFAC|Point|Simplified|1126|31178,HRBFAC,partial,ordinary_s57,harness_only_partial,109-s52-harness-and-standalone-proof,HRBFAC09,only remaining degraded reason is missing repository-owned harness/reference evidence,31178,1126,Point,Simplified,s52_point_hrbfac_simplified_rcid_31178,scene_harness_not_covered
HRBFAC|Point|Simplified|1127|31179,HRBFAC,partial,ordinary_s57,harness_only_partial,109-s52-harness-and-standalone-proof,SMCFAC02,only remaining degraded reason is missing repository-owned harness/reference evidence,31179,1127,Point,Simplified,s52_point_hrbfac_simplified_rcid_31179,scene_harness_not_covered
HRBFAC|Point|Simplified|1128|31180,HRBFAC,partial,ordinary_s57,harness_only_partial,109-s52-harness-and-standalone-proof,CHINFO07,only remaining degraded reason is missing repository-owned harness/reference evidence,31180,1128,Point,Simplified,s52_point_hrbfac_simplified_rcid_31180,scene_harness_not_covered
HULKES|Area|Plain|79|32115,HULKES,partial,ordinary_s57,harness_only_partial,109-s52-harness-and-standalone-proof,LS_SOLD_2_CSTLN,only remaining degraded reason is missing repository-owned harness/reference evidence,32115,79,Area,Plain,s52_area_hulkes_plain_rcid_32115,scene_harness_not_covered
HULKES|Area|Symbolized|419|32454,HULKES,partial,ordinary_s57,harness_only_partial,109-s52-harness-and-standalone-proof,LS_SOLD_2_CSTLN,only remaining degraded reason is missing repository-owned harness/reference evidence,32454,419,Area,Symbolized,s52_area_hulkes_symbolized_rcid_32454,scene_harness_not_covered
HULKES|Point|Paper|2196|30376,HULKES,partial,ordinary_s57,harness_only_partial,109-s52-harness-and-standalone-proof,HULKES01,only remaining degraded reason is missing repository-owned harness/reference evidence,30376,2196,Point,Paper,s52_point_hulkes_paper_rcid_30376,scene_harness_not_covered
HULKES|Point|Simplified|1129|31181,HULKES,partial,ordinary_s57,harness_only_partial,109-s52-harness-and-standalone-proof,HULKES01,only remaining degraded reason is missing repository-owned harness/reference evidence,31181,1129,Point,Simplified,s52_point_hulkes_simplified_rcid_31181,scene_harness_not_covered
ICEARE|Area|Plain|80|32116,ICEARE,partial,ordinary_s57,harness_only_partial,109-s52-harness-and-standalone-proof,LS_DASH_1_CHGRD,only remaining degraded reason is missing repository-owned harness/reference evidence,32116,80,Area,Plain,s52_area_iceare_plain_rcid_32116,scene_harness_not_covered
ICEARE|Area|Symbolized|420|32455,ICEARE,partial,ordinary_s57,harness_only_partial,109-s52-harness-and-standalone-proof,LS_DASH_1_CHGRD,only remaining degraded reason is missing repository-owned harness/reference evidence,32455,420,Area,Symbolized,s52_area_iceare_symbolized_rcid_32455,scene_harness_not_covered
ICNARE|Area|Plain|81|32117,ICNARE,partial,ordinary_s57,harness_only_partial,109-s52-harness-and-standalone-proof,INFARE51,only remaining degraded reason is missing repository-owned harness/reference evidence,32117,81,Area,Plain,s52_area_icnare_plain_rcid_32117,scene_harness_not_covered
ICNARE|Area|Symbolized|421|32456,ICNARE,partial,ordinary_s57,harness_only_partial,109-s52-harness-and-standalone-proof,INFARE51,only remaining degraded reason is missing repository-owned harness/reference evidence,32456,421,Area,Symbolized,s52_area_icnare_symbolized_rcid_32456,scene_harness_not_covered
ICNARE|Point|Paper|2197|30377,ICNARE,partial,ordinary_s57,harness_only_partial,109-s52-harness-and-standalone-proof,CHINFO07,only remaining degraded reason is missing repository-owned harness/reference evidence,30377,2197,Point,Paper,s52_point_icnare_paper_rcid_30377,scene_harness_not_covered
ICNARE|Point|Simplified|1130|31182,ICNARE,partial,ordinary_s57,harness_only_partial,109-s52-harness-and-standalone-proof,CHINFO07,only remaining degraded reason is missing repository-owned harness/reference evidence,31182,1130,Point,Simplified,s52_point_icnare_simplified_rcid_31182,scene_harness_not_covered
ISTZNE|Area|Plain|82|32118,ISTZNE,partial,ordinary_s57,harness_only_partial,109-s52-harness-and-standalone-proof,ITZARE51,only remaining degraded reason is missing repository-owned harness/reference evidence,32118,82,Area,Plain,s52_area_istzne_plain_rcid_32118,scene_harness_not_covered
ISTZNE|Area|Symbolized|422|32457,ISTZNE,partial,ordinary_s57,harness_only_partial,109-s52-harness-and-standalone-proof,ITZARE51,only remaining degraded reason is missing repository-owned harness/reference evidence,32457,422,Area,Symbolized,s52_area_istzne_symbolized_rcid_32457,scene_harness_not_covered
LAKARE|Area|Plain|83|32119,LAKARE,partial,ordinary_s57,harness_only_partial,109-s52-harness-and-standalone-proof,LS_SOLD_1_CHBLK,only remaining degraded reason is missing repository-owned harness/reference evidence,32119,83,Area,Plain,s52_area_lakare_plain_rcid_32119,scene_harness_not_covered
LAKARE|Area|Symbolized|423|32458,LAKARE,partial,ordinary_s57,harness_only_partial,109-s52-harness-and-standalone-proof,LS_SOLD_1_CHBLK,only remaining degraded reason is missing repository-owned harness/reference evidence,32458,423,Area,Symbolized,s52_area_lakare_symbolized_rcid_32458,scene_harness_not_covered
LAKSHR|Line|Lines|759|31835,LAKSHR,partial,ordinary_s57,harness_only_partial,109-s52-harness-and-standalone-proof,LS_SOLD_1_CSTLN,only remaining degraded reason is missing repository-owned harness/reference evidence,31835,759,Line,Lines,s52_line_lakshr_lines_rcid_31835,scene_harness_not_covered
LIGHTS|Point|Paper|2198|30378,LIGHTS,partial,ordinary_s57,harness_only_partial,109-s52-harness-and-standalone-proof,LIGHTS05,only remaining degraded reason is missing repository-owned harness/reference evidence,30378,2198,Point,Paper,s52_point_lights_paper_rcid_30378,scene_harness_not_covered
LIGHTS|Point|Paper|2199|30379,LIGHTS,partial,ordinary_s57,harness_only_partial,109-s52-harness-and-standalone-proof,LIGHTS05,only remaining degraded reason is missing repository-owned harness/reference evidence,30379,2199,Point,Paper,s52_point_lights_paper_rcid_30379,scene_harness_not_covered
LIGHTS|Point|Paper|2200|30380,LIGHTS,partial,ordinary_s57,harness_only_partial,109-s52-harness-and-standalone-proof,LIGHTS05,only remaining degraded reason is missing repository-owned harness/reference evidence,30380,2200,Point,Paper,s52_point_lights_paper_rcid_30380,scene_harness_not_covered
LIGHTS|Point|Paper|2201|30381,LIGHTS,partial,ordinary_s57,harness_only_partial,109-s52-harness-and-standalone-proof,LIGHTS05,only remaining degraded reason is missing repository-owned harness/reference evidence,30381,2201,Point,Paper,s52_point_lights_paper_rcid_30381,scene_harness_not_covered
LIGHTS|Point|Simplified|1131|31183,LIGHTS,partial,ordinary_s57,harness_only_partial,109-s52-harness-and-standalone-proof,LIGHTS05,only remaining degraded reason is missing repository-owned harness/reference evidence,31183,1131,Point,Simplified,s52_point_lights_simplified_rcid_31183,scene_harness_not_covered
LITFLT|Point|Paper|2203|30383,LITFLT,partial,ordinary_s57,harness_only_partial,109-s52-harness-and-standalone-proof,LITFLT10,only remaining degraded reason is missing repository-owned harness/reference evidence,30383,2203,Point,Paper,s52_point_litflt_paper_rcid_30383,scene_harness_not_covered
LITFLT|Point|Paper|2204|30384,LITFLT,partial,ordinary_s57,harness_only_partial,109-s52-harness-and-standalone-proof,LITFLT61,only remaining degraded reason is missing repository-owned harness/reference evidence,30384,2204,Point,Paper,s52_point_litflt_paper_rcid_30384,scene_harness_not_covered
LITFLT|Point|Paper|2205|30385,LITFLT,partial,ordinary_s57,harness_only_partial,109-s52-harness-and-standalone-proof,LITFLT01,only remaining degraded reason is missing repository-owned harness/reference evidence,30385,2205,Point,Paper,s52_point_litflt_paper_rcid_30385,scene_harness_not_covered
LITFLT|Point|Simplified|1132|31184,LITFLT,partial,ordinary_s57,harness_only_partial,109-s52-harness-and-standalone-proof,LITFLT02,only remaining degraded reason is missing repository-owned harness/reference evidence,31184,1132,Point,Simplified,s52_point_litflt_simplified_rcid_31184,scene_harness_not_covered
LITVES|Point|Paper|2206|30386,LITVES,partial,ordinary_s57,harness_only_partial,109-s52-harness-and-standalone-proof,LITVES60,only remaining degraded reason is missing repository-owned harness/reference evidence,30386,2206,Point,Paper,s52_point_litves_paper_rcid_30386,scene_harness_not_covered
LITVES|Point|Paper|2207|30387,LITVES,partial,ordinary_s57,harness_only_partial,109-s52-harness-and-standalone-proof,LITVES61,only remaining degraded reason is missing repository-owned harness/reference evidence,30387,2207,Point,Paper,s52_point_litves_paper_rcid_30387,scene_harness_not_covered
LITVES|Point|Paper|2208|30388,LITVES,partial,ordinary_s57,harness_only_partial,109-s52-harness-and-standalone-proof,LITVES01,only remaining degraded reason is missing repository-owned harness/reference evidence,30388,2208,Point,Paper,s52_point_litves_paper_rcid_30388,scene_harness_not_covered
LITVES|Point|Simplified|1133|31185,LITVES,partial,ordinary_s57,harness_only_partial,109-s52-harness-and-standalone-proof,LITVES02,only remaining degraded reason is missing repository-owned harness/reference evidence,31185,1133,Point,Simplified,s52_point_litves_simplified_rcid_31185,scene_harness_not_covered
LNDARE|Area|Plain|84|32120,LNDARE,partial,ordinary_s57,harness_only_partial,109-s52-harness-and-standalone-proof,TEXT01,only remaining degraded reason is missing repository-owned harness/reference evidence,32120,84,Area,Plain,s52_area_lndare_plain_rcid_32120,scene_harness_not_covered
LNDARE|Area|Plain|84|32120,LNDARE,partial,ordinary_s57,harness_only_partial,109-s52-harness-and-standalone-proof,TEXT01,only remaining degraded reason is missing repository-owned harness/reference evidence,32120,84,Area,Plain,s52_area_lndare_plain_rcid_32120,scene_harness_not_covered
LNDARE|Line|Lines|760|31836,LNDARE,partial,ordinary_s57,harness_only_partial,109-s52-harness-and-standalone-proof,QUAPOS01,only remaining degraded reason is missing repository-owned harness/reference evidence,31836,760,Line,Lines,s52_line_lndare_lines_rcid_31836,scene_harness_not_covered
LNDARE|Point|Paper|2209|30389,LNDARE,partial,ordinary_s57,harness_only_partial,109-s52-harness-and-standalone-proof,LNDARE01,only remaining degraded reason is missing repository-owned harness/reference evidence,30389,2209,Point,Paper,s52_point_lndare_paper_rcid_30389,scene_harness_not_covered
LNDARE|Point|Simplified|1134|31186,LNDARE,partial,ordinary_s57,harness_only_partial,109-s52-harness-and-standalone-proof,LNDARE01,only remaining degraded reason is missing repository-owned harness/reference evidence,31186,1134,Point,Simplified,s52_point_lndare_simplified_rcid_31186,scene_harness_not_covered
LNDELV|Line|Lines|761|31837,LNDELV,partial,ordinary_s57,harness_only_partial,109-s52-harness-and-standalone-proof,LS_SOLD_1_LANDF,only remaining degraded reason is missing repository-owned harness/reference evidence,31837,761,Line,Lines,s52_line_lndelv_lines_rcid_31837,scene_harness_not_covered
LNDELV|Point|Paper|2210|30390,LNDELV,partial,ordinary_s57,harness_only_partial,109-s52-harness-and-standalone-proof,POSGEN04,only remaining degraded reason is missing repository-owned harness/reference evidence,30390,2210,Point,Paper,s52_point_lndelv_paper_rcid_30390,scene_harness_not_covered
LNDELV|Point|Simplified|1135|31187,LNDELV,partial,ordinary_s57,harness_only_partial,109-s52-harness-and-standalone-proof,POSGEN04,only remaining degraded reason is missing repository-owned harness/reference evidence,31187,1135,Point,Simplified,s52_point_lndelv_simplified_rcid_31187,scene_harness_not_covered
LNDMRK|Area|Plain|85|32121,LNDMRK,partial,ordinary_s57,harness_only_partial,109-s52-harness-and-standalone-proof,LS_SOLD_1_CHBLK,only remaining degraded reason is missing repository-owned harness/reference evidence,32121,85,Area,Plain,s52_area_lndmrk_plain_rcid_32121,scene_harness_not_covered
LNDMRK|Area|Plain|86|32122,LNDMRK,partial,ordinary_s57,harness_only_partial,109-s52-harness-and-standalone-proof,LS_SOLD_1_LANDF,only remaining degraded reason is missing repository-owned harness/reference evidence,32122,86,Area,Plain,s52_area_lndmrk_plain_rcid_32122,scene_harness_not_covered
LNDMRK|Area|Plain|87|32123,LNDMRK,partial,ordinary_s57,harness_only_partial,109-s52-harness-and-standalone-proof,LS_SOLD_1_CHBLK,only remaining degraded reason is missing repository-owned harness/reference evidence,32123,87,Area,Plain,s52_area_lndmrk_plain_rcid_32123,scene_harness_not_covered
LNDMRK|Area|Plain|88|32124,LNDMRK,partial,ordinary_s57,harness_only_partial,109-s52-harness-and-standalone-proof,LS_SOLD_1_LANDF,only remaining degraded reason is missing repository-owned harness/reference evidence,32124,88,Area,Plain,s52_area_lndmrk_plain_rcid_32124,scene_harness_not_covered
LNDMRK|Area|Symbolized|425|32460,LNDMRK,partial,ordinary_s57,harness_only_partial,109-s52-harness-and-standalone-proof,LS_SOLD_1_CHBLK,only remaining degraded reason is missing repository-owned harness/reference evidence,32460,425,Area,Symbolized,s52_area_lndmrk_symbolized_rcid_32460,scene_harness_not_covered
LNDMRK|Area|Symbolized|426|32461,LNDMRK,partial,ordinary_s57,harness_only_partial,109-s52-harness-and-standalone-proof,LS_SOLD_1_LANDF,only remaining degraded reason is missing repository-owned harness/reference evidence,32461,426,Area,Symbolized,s52_area_lndmrk_symbolized_rcid_32461,scene_harness_not_covered
LNDMRK|Area|Symbolized|427|32462,LNDMRK,partial,ordinary_s57,harness_only_partial,109-s52-harness-and-standalone-proof,LS_SOLD_1_CHBLK,only remaining degraded reason is missing repository-owned harness/reference evidence,32462,427,Area,Symbolized,s52_area_lndmrk_symbolized_rcid_32462,scene_harness_not_covered
LNDMRK|Area|Symbolized|428|32463,LNDMRK,partial,ordinary_s57,harness_only_partial,109-s52-harness-and-standalone-proof,LS_SOLD_1_LANDF,only remaining degraded reason is missing repository-owned harness/reference evidence,32463,428,Area,Symbolized,s52_area_lndmrk_symbolized_rcid_32463,scene_harness_not_covered
LNDMRK|Line|Lines|762|31838,LNDMRK,partial,ordinary_s57,harness_only_partial,109-s52-harness-and-standalone-proof,LS_SOLD_1_CHBLK,only remaining degraded reason is missing repository-owned harness/reference evidence,31838,762,Line,Lines,s52_line_lndmrk_lines_rcid_31838,scene_harness_not_covered
LNDMRK|Line|Lines|763|31839,LNDMRK,partial,ordinary_s57,harness_only_partial,109-s52-harness-and-standalone-proof,LS_SOLD_1_LANDF,only remaining degraded reason is missing repository-owned harness/reference evidence,31839,763,Line,Lines,s52_line_lndmrk_lines_rcid_31839,scene_harness_not_covered
LNDMRK|Point|Paper|2213|30391,LNDMRK,partial,ordinary_s57,harness_only_partial,109-s52-harness-and-standalone-proof,TOWERS92,only remaining degraded reason is missing repository-owned harness/reference evidence,30391,2213,Point,Paper,s52_point_lndmrk_paper_rcid_30391,scene_harness_not_covered
LNDMRK|Point|Paper|2214|30392,LNDMRK,partial,ordinary_s57,harness_only_partial,109-s52-harness-and-standalone-proof,TOWERS93,only remaining degraded reason is missing repository-owned harness/reference evidence,30392,2214,Point,Paper,s52_point_lndmrk_paper_rcid_30392,scene_harness_not_covered
LNDMRK|Point|Paper|2216|30393,LNDMRK,partial,ordinary_s57,harness_only_partial,109-s52-harness-and-standalone-proof,TOWERS79,only remaining degraded reason is missing repository-owned harness/reference evidence,30393,2216,Point,Paper,s52_point_lndmrk_paper_rcid_30393,scene_harness_not_covered
LNDMRK|Point|Paper|2218|30394,LNDMRK,partial,ordinary_s57,harness_only_partial,109-s52-harness-and-standalone-proof,TOWERS83,only remaining degraded reason is missing repository-owned harness/reference evidence,30394,2218,Point,Paper,s52_point_lndmrk_paper_rcid_30394,scene_harness_not_covered
LNDMRK|Point|Paper|2219|30395,LNDMRK,partial,ordinary_s57,harness_only_partial,109-s52-harness-and-standalone-proof,TOWERS94,only remaining degraded reason is missing repository-owned harness/reference evidence,30395,2219,Point,Paper,s52_point_lndmrk_paper_rcid_30395,scene_harness_not_covered
LNDMRK|Point|Paper|2232|30396,LNDMRK,partial,ordinary_s57,harness_only_partial,109-s52-harness-and-standalone-proof,BUIREL13,only remaining degraded reason is missing repository-owned harness/reference evidence,30396,2232,Point,Paper,s52_point_lndmrk_paper_rcid_30396,scene_harness_not_covered
LNDMRK|Point|Paper|2233|30397,LNDMRK,partial,ordinary_s57,harness_only_partial,109-s52-harness-and-standalone-proof,BUIREL13,only remaining degraded reason is missing repository-owned harness/reference evidence,30397,2233,Point,Paper,s52_point_lndmrk_paper_rcid_30397,scene_harness_not_covered
LNDMRK|Point|Paper|2235|30398,LNDMRK,partial,ordinary_s57,harness_only_partial,109-s52-harness-and-standalone-proof,BUIREL13,only remaining degraded reason is missing repository-owned harness/reference evidence,30398,2235,Point,Paper,s52_point_lndmrk_paper_rcid_30398,scene_harness_not_covered
LNDMRK|Point|Paper|2236|30399,LNDMRK,partial,ordinary_s57,harness_only_partial,109-s52-harness-and-standalone-proof,BUIREL13,only remaining degraded reason is missing repository-owned harness/reference evidence,30399,2236,Point,Paper,s52_point_lndmrk_paper_rcid_30399,scene_harness_not_covered
LNDMRK|Point|Paper|2237|30400,LNDMRK,partial,ordinary_s57,harness_only_partial,109-s52-harness-and-standalone-proof,TOWERS05,only remaining degraded reason is missing repository-owned harness/reference evidence,30400,2237,Point,Paper,s52_point_lndmrk_paper_rcid_30400,scene_harness_not_covered
LNDMRK|Point|Paper|2238|30401,LNDMRK,partial,ordinary_s57,harness_only_partial,109-s52-harness-and-standalone-proof,TOWERS60,only remaining degraded reason is missing repository-owned harness/reference evidence,30401,2238,Point,Paper,s52_point_lndmrk_paper_rcid_30401,scene_harness_not_covered
LNDMRK|Point|Paper|2239|30402,LNDMRK,partial,ordinary_s57,harness_only_partial,109-s52-harness-and-standalone-proof,TOWERS61,only remaining degraded reason is missing repository-owned harness/reference evidence,30402,2239,Point,Paper,s52_point_lndmrk_paper_rcid_30402,scene_harness_not_covered
LNDMRK|Point|Paper|2243|30403,LNDMRK,partial,ordinary_s57,harness_only_partial,109-s52-harness-and-standalone-proof,TOWERS03,only remaining degraded reason is missing repository-owned harness/reference evidence,30403,2243,Point,Paper,s52_point_lndmrk_paper_rcid_30403,scene_harness_not_covered
LNDMRK|Point|Paper|2244|30404,LNDMRK,partial,ordinary_s57,harness_only_partial,109-s52-harness-and-standalone-proof,BUIREL13,only remaining degraded reason is missing repository-owned harness/reference evidence,30404,2244,Point,Paper,s52_point_lndmrk_paper_rcid_30404,scene_harness_not_covered
LNDMRK|Point|Paper|2245|30405,LNDMRK,partial,ordinary_s57,harness_only_partial,109-s52-harness-and-standalone-proof,BUIREL13,only remaining degraded reason is missing repository-owned harness/reference evidence,30405,2245,Point,Paper,s52_point_lndmrk_paper_rcid_30405,scene_harness_not_covered
LNDMRK|Point|Paper|2246|30406,LNDMRK,partial,ordinary_s57,harness_only_partial,109-s52-harness-and-standalone-proof,BUIREL15,only remaining degraded reason is missing repository-owned harness/reference evidence,30406,2246,Point,Paper,s52_point_lndmrk_paper_rcid_30406,scene_harness_not_covered
LNDMRK|Point|Paper|2247|30407,LNDMRK,partial,ordinary_s57,harness_only_partial,109-s52-harness-and-standalone-proof,BUIREL15,only remaining degraded reason is missing repository-owned harness/reference evidence,30407,2247,Point,Paper,s52_point_lndmrk_paper_rcid_30407,scene_harness_not_covered
LNDMRK|Point|Paper|2250|30408,LNDMRK,partial,ordinary_s57,harness_only_partial,109-s52-harness-and-standalone-proof,TOWERS15,only remaining degraded reason is missing repository-owned harness/reference evidence,30408,2250,Point,Paper,s52_point_lndmrk_paper_rcid_30408,scene_harness_not_covered
LNDMRK|Point|Paper|2251|30409,LNDMRK,partial,ordinary_s57,harness_only_partial,109-s52-harness-and-standalone-proof,TOWERS01,only remaining degraded reason is missing repository-owned harness/reference evidence,30409,2251,Point,Paper,s52_point_lndmrk_paper_rcid_30409,scene_harness_not_covered
LNDMRK|Point|Paper|2252|30410,LNDMRK,partial,ordinary_s57,harness_only_partial,109-s52-harness-and-standalone-proof,BUIREL01,only remaining degraded reason is missing repository-owned harness/reference evidence,30410,2252,Point,Paper,s52_point_lndmrk_paper_rcid_30410,scene_harness_not_covered
LNDMRK|Point|Paper|2253|30411,LNDMRK,partial,ordinary_s57,harness_only_partial,109-s52-harness-and-standalone-proof,MONUMT12,only remaining degraded reason is missing repository-owned harness/reference evidence,30411,2253,Point,Paper,s52_point_lndmrk_paper_rcid_30411,scene_harness_not_covered
LNDMRK|Point|Paper|2254|30412,LNDMRK,partial,ordinary_s57,harness_only_partial,109-s52-harness-and-standalone-proof,MONUMT12,only remaining degraded reason is missing repository-owned harness/reference evidence,30412,2254,Point,Paper,s52_point_lndmrk_paper_rcid_30412,scene_harness_not_covered
LNDMRK|Point|Paper|2255|30413,LNDMRK,partial,ordinary_s57,harness_only_partial,109-s52-harness-and-standalone-proof,MONUMT12,only remaining degraded reason is missing repository-owned harness/reference evidence,30413,2255,Point,Paper,s52_point_lndmrk_paper_rcid_30413,scene_harness_not_covered
LNDMRK|Point|Paper|2256|30414,LNDMRK,partial,ordinary_s57,harness_only_partial,109-s52-harness-and-standalone-proof,DOMES011,only remaining degraded reason is missing repository-owned harness/reference evidence,30414,2256,Point,Paper,s52_point_lndmrk_paper_rcid_30414,scene_harness_not_covered
LNDMRK|Point|Paper|2257|30415,LNDMRK,partial,ordinary_s57,harness_only_partial,109-s52-harness-and-standalone-proof,RASCAN11,only remaining degraded reason is missing repository-owned harness/reference evidence,30415,2257,Point,Paper,s52_point_lndmrk_paper_rcid_30415,scene_harness_not_covered
LNDMRK|Point|Paper|2259|30416,LNDMRK,partial,ordinary_s57,harness_only_partial,109-s52-harness-and-standalone-proof,TOWERS03,only remaining degraded reason is missing repository-owned harness/reference evidence,30416,2259,Point,Paper,s52_point_lndmrk_paper_rcid_30416,scene_harness_not_covered
LNDMRK|Point|Paper|2260|30417,LNDMRK,partial,ordinary_s57,harness_only_partial,109-s52-harness-and-standalone-proof,WNDMIL12,only remaining degraded reason is missing repository-owned harness/reference evidence,30417,2260,Point,Paper,s52_point_lndmrk_paper_rcid_30417,scene_harness_not_covered
LNDMRK|Point|Paper|2261|30418,LNDMRK,partial,ordinary_s57,harness_only_partial,109-s52-harness-and-standalone-proof,WIMCON11,only remaining degraded reason is missing repository-owned harness/reference evidence,30418,2261,Point,Paper,s52_point_lndmrk_paper_rcid_30418,scene_harness_not_covered
LNDMRK|Point|Paper|2262|30419,LNDMRK,partial,ordinary_s57,harness_only_partial,109-s52-harness-and-standalone-proof,POSGEN03,only remaining degraded reason is missing repository-owned harness/reference evidence,30419,2262,Point,Paper,s52_point_lndmrk_paper_rcid_30419,scene_harness_not_covered
LNDMRK|Point|Paper|2263|30420,LNDMRK,partial,ordinary_s57,harness_only_partial,109-s52-harness-and-standalone-proof,CAIRNS11,only remaining degraded reason is missing repository-owned harness/reference evidence,30420,2263,Point,Paper,s52_point_lndmrk_paper_rcid_30420,scene_harness_not_covered
LNDMRK|Point|Paper|2264|30421,LNDMRK,partial,ordinary_s57,harness_only_partial,109-s52-harness-and-standalone-proof,CHIMNY11,only remaining degraded reason is missing repository-owned harness/reference evidence,30421,2264,Point,Paper,s52_point_lndmrk_paper_rcid_30421,scene_harness_not_covered
LNDMRK|Point|Paper|2265|30422,LNDMRK,partial,ordinary_s57,harness_only_partial,109-s52-harness-and-standalone-proof,DSHAER11,only remaining degraded reason is missing repository-owned harness/reference evidence,30422,2265,Point,Paper,s52_point_lndmrk_paper_rcid_30422,scene_harness_not_covered
LNDMRK|Point|Paper|2266|30423,LNDMRK,partial,ordinary_s57,harness_only_partial,109-s52-harness-and-standalone-proof,FLGSTF01,only remaining degraded reason is missing repository-owned harness/reference evidence,30423,2266,Point,Paper,s52_point_lndmrk_paper_rcid_30423,scene_harness_not_covered
LNDMRK|Point|Paper|2267|30424,LNDMRK,partial,ordinary_s57,harness_only_partial,109-s52-harness-and-standalone-proof,FLASTK11,only remaining degraded reason is missing repository-owned harness/reference evidence,30424,2267,Point,Paper,s52_point_lndmrk_paper_rcid_30424,scene_harness_not_covered
LNDMRK|Point|Paper|2268|30425,LNDMRK,partial,ordinary_s57,harness_only_partial,109-s52-harness-and-standalone-proof,MSTCON14,only remaining degraded reason is missing repository-owned harness/reference evidence,30425,2268,Point,Paper,s52_point_lndmrk_paper_rcid_30425,scene_harness_not_covered
LNDMRK|Point|Paper|2269|30426,LNDMRK,partial,ordinary_s57,harness_only_partial,109-s52-harness-and-standalone-proof,POSGEN03,only remaining degraded reason is missing repository-owned harness/reference evidence,30426,2269,Point,Paper,s52_point_lndmrk_paper_rcid_30426,scene_harness_not_covered
LNDMRK|Point|Paper|2270|30427,LNDMRK,partial,ordinary_s57,harness_only_partial,109-s52-harness-and-standalone-proof,MONUMT12,only remaining degraded reason is missing repository-owned harness/reference evidence,30427,2270,Point,Paper,s52_point_lndmrk_paper_rcid_30427,scene_harness_not_covered
LNDMRK|Point|Paper|2271|30428,LNDMRK,partial,ordinary_s57,harness_only_partial,109-s52-harness-and-standalone-proof,MONUMT02,only remaining degraded reason is missing repository-owned harness/reference evidence,30428,2271,Point,Paper,s52_point_lndmrk_paper_rcid_30428,scene_harness_not_covered
LNDMRK|Point|Paper|2272|30429,LNDMRK,partial,ordinary_s57,harness_only_partial,109-s52-harness-and-standalone-proof,MONUMT02,only remaining degraded reason is missing repository-owned harness/reference evidence,30429,2272,Point,Paper,s52_point_lndmrk_paper_rcid_30429,scene_harness_not_covered
LNDMRK|Point|Paper|2273|30430,LNDMRK,partial,ordinary_s57,harness_only_partial,109-s52-harness-and-standalone-proof,MONUMT02,only remaining degraded reason is missing repository-owned harness/reference evidence,30430,2273,Point,Paper,s52_point_lndmrk_paper_rcid_30430,scene_harness_not_covered
LNDMRK|Point|Paper|2274|30431,LNDMRK,partial,ordinary_s57,harness_only_partial,109-s52-harness-and-standalone-proof,DOMES001,only remaining degraded reason is missing repository-owned harness/reference evidence,30431,2274,Point,Paper,s52_point_lndmrk_paper_rcid_30431,scene_harness_not_covered
LNDMRK|Point|Paper|2275|30432,LNDMRK,partial,ordinary_s57,harness_only_partial,109-s52-harness-and-standalone-proof,RASCAN01,only remaining degraded reason is missing repository-owned harness/reference evidence,30432,2275,Point,Paper,s52_point_lndmrk_paper_rcid_30432,scene_harness_not_covered
LNDMRK|Point|Paper|2276|30433,LNDMRK,partial,ordinary_s57,harness_only_partial,109-s52-harness-and-standalone-proof,TOWERS01,only remaining degraded reason is missing repository-owned harness/reference evidence,30433,2276,Point,Paper,s52_point_lndmrk_paper_rcid_30433,scene_harness_not_covered
LNDMRK|Point|Paper|2277|30434,LNDMRK,partial,ordinary_s57,harness_only_partial,109-s52-harness-and-standalone-proof,WNDMIL02,only remaining degraded reason is missing repository-owned harness/reference evidence,30434,2277,Point,Paper,s52_point_lndmrk_paper_rcid_30434,scene_harness_not_covered
LNDMRK|Point|Paper|2278|30435,LNDMRK,partial,ordinary_s57,harness_only_partial,109-s52-harness-and-standalone-proof,WIMCON01,only remaining degraded reason is missing repository-owned harness/reference evidence,30435,2278,Point,Paper,s52_point_lndmrk_paper_rcid_30435,scene_harness_not_covered
LNDMRK|Point|Paper|2279|30436,LNDMRK,partial,ordinary_s57,harness_only_partial,109-s52-harness-and-standalone-proof,POSGEN01,only remaining degraded reason is missing repository-owned harness/reference evidence,30436,2279,Point,Paper,s52_point_lndmrk_paper_rcid_30436,scene_harness_not_covered
LNDMRK|Point|Paper|2280|30437,LNDMRK,partial,ordinary_s57,harness_only_partial,109-s52-harness-and-standalone-proof,CAIRNS01,only remaining degraded reason is missing repository-owned harness/reference evidence,30437,2280,Point,Paper,s52_point_lndmrk_paper_rcid_30437,scene_harness_not_covered
LNDMRK|Point|Paper|2281|30438,LNDMRK,partial,ordinary_s57,harness_only_partial,109-s52-harness-and-standalone-proof,CHIMNY01,only remaining degraded reason is missing repository-owned harness/reference evidence,30438,2281,Point,Paper,s52_point_lndmrk_paper_rcid_30438,scene_harness_not_covered
LNDMRK|Point|Paper|2282|30439,LNDMRK,partial,ordinary_s57,harness_only_partial,109-s52-harness-and-standalone-proof,DSHAER01,only remaining degraded reason is missing repository-owned harness/reference evidence,30439,2282,Point,Paper,s52_point_lndmrk_paper_rcid_30439,scene_harness_not_covered
LNDMRK|Point|Paper|2283|30440,LNDMRK,partial,ordinary_s57,harness_only_partial,109-s52-harness-and-standalone-proof,FLGSTF01,only remaining degraded reason is missing repository-owned harness/reference evidence,30440,2283,Point,Paper,s52_point_lndmrk_paper_rcid_30440,scene_harness_not_covered
LNDMRK|Point|Paper|2284|30441,LNDMRK,partial,ordinary_s57,harness_only_partial,109-s52-harness-and-standalone-proof,FLASTK01,only remaining degraded reason is missing repository-owned harness/reference evidence,30441,2284,Point,Paper,s52_point_lndmrk_paper_rcid_30441,scene_harness_not_covered
LNDMRK|Point|Paper|2285|30442,LNDMRK,partial,ordinary_s57,harness_only_partial,109-s52-harness-and-standalone-proof,MSTCON04,only remaining degraded reason is missing repository-owned harness/reference evidence,30442,2285,Point,Paper,s52_point_lndmrk_paper_rcid_30442,scene_harness_not_covered
LNDMRK|Point|Paper|2286|30443,LNDMRK,partial,ordinary_s57,harness_only_partial,109-s52-harness-and-standalone-proof,POSGEN03,only remaining degraded reason is missing repository-owned harness/reference evidence,30443,2286,Point,Paper,s52_point_lndmrk_paper_rcid_30443,scene_harness_not_covered
LNDMRK|Point|Paper|2287|30444,LNDMRK,partial,ordinary_s57,harness_only_partial,109-s52-harness-and-standalone-proof,MONUMT02,only remaining degraded reason is missing repository-owned harness/reference evidence,30444,2287,Point,Paper,s52_point_lndmrk_paper_rcid_30444,scene_harness_not_covered
LNDMRK|Point|Paper|2288|30445,LNDMRK,partial,ordinary_s57,harness_only_partial,109-s52-harness-and-standalone-proof,POSGEN03,only remaining degraded reason is missing repository-owned harness/reference evidence,30445,2288,Point,Paper,s52_point_lndmrk_paper_rcid_30445,scene_harness_not_covered
LNDMRK|Point|Paper|2289|30446,LNDMRK,partial,ordinary_s57,harness_only_partial,109-s52-harness-and-standalone-proof,POSGEN01,only remaining degraded reason is missing repository-owned harness/reference evidence,30446,2289,Point,Paper,s52_point_lndmrk_paper_rcid_30446,scene_harness_not_covered
LNDMRK|Point|Paper|2249|93946,LNDMRK,partial,ordinary_s57,harness_only_partial,109-s52-harness-and-standalone-proof,BUIREL13,only remaining degraded reason is missing repository-owned harness/reference evidence,93946,2249,Point,Paper,s52_point_lndmrk_paper_rcid_93946,scene_harness_not_covered
LNDMRK|Point|Paper|2258|93962,LNDMRK,partial,ordinary_s57,harness_only_partial,109-s52-harness-and-standalone-proof,TOWERS05,only remaining degraded reason is missing repository-owned harness/reference evidence,93962,2258,Point,Paper,s52_point_lndmrk_paper_rcid_93962,scene_harness_not_covered
LNDMRK|Point|Paper|2248|93963,LNDMRK,partial,ordinary_s57,harness_only_partial,109-s52-harness-and-standalone-proof,TOWERS15,only remaining degraded reason is missing repository-owned harness/reference evidence,93963,2248,Point,Paper,s52_point_lndmrk_paper_rcid_93963,scene_harness_not_covered
LNDMRK|Point|Paper|2231|93964,LNDMRK,partial,ordinary_s57,harness_only_partial,109-s52-harness-and-standalone-proof,TOWERS97,only remaining degraded reason is missing repository-owned harness/reference evidence,93964,2231,Point,Paper,s52_point_lndmrk_paper_rcid_93964,scene_harness_not_covered
LNDMRK|Point|Paper|2212|93988,LNDMRK,partial,ordinary_s57,harness_only_partial,109-s52-harness-and-standalone-proof,TOWERS72,only remaining degraded reason is missing repository-owned harness/reference evidence,93988,2212,Point,Paper,s52_point_lndmrk_paper_rcid_93988,scene_harness_not_covered
LNDMRK|Point|Paper|2215|93989,LNDMRK,partial,ordinary_s57,harness_only_partial,109-s52-harness-and-standalone-proof,TOWERS73,only remaining degraded reason is missing repository-owned harness/reference evidence,93989,2215,Point,Paper,s52_point_lndmrk_paper_rcid_93989,scene_harness_not_covered
LNDMRK|Point|Paper|2221|93993,LNDMRK,partial,ordinary_s57,harness_only_partial,109-s52-harness-and-standalone-proof,TOWERS85,only remaining degraded reason is missing repository-owned harness/reference evidence,93993,2221,Point,Paper,s52_point_lndmrk_paper_rcid_93993,scene_harness_not_covered
LNDMRK|Point|Paper|2227|93994,LNDMRK,partial,ordinary_s57,harness_only_partial,109-s52-harness-and-standalone-proof,TOWERS53,only remaining degraded reason is missing repository-owned harness/reference evidence,93994,2227,Point,Paper,s52_point_lndmrk_paper_rcid_93994,scene_harness_not_covered
LNDMRK|Point|Paper|2241|93995,LNDMRK,partial,ordinary_s57,harness_only_partial,109-s52-harness-and-standalone-proof,TOWERS65,only remaining degraded reason is missing repository-owned harness/reference evidence,93995,2241,Point,Paper,s52_point_lndmrk_paper_rcid_93995,scene_harness_not_covered
LNDMRK|Point|Paper|2222|93997,LNDMRK,partial,ordinary_s57,harness_only_partial,109-s52-harness-and-standalone-proof,TOWERS67,only remaining degraded reason is missing repository-owned harness/reference evidence,93997,2222,Point,Paper,s52_point_lndmrk_paper_rcid_93997,scene_harness_not_covered
LNDMRK|Point|Paper|2234|93998,LNDMRK,partial,ordinary_s57,harness_only_partial,109-s52-harness-and-standalone-proof,TOWERS65,only remaining degraded reason is missing repository-owned harness/reference evidence,93998,2234,Point,Paper,s52_point_lndmrk_paper_rcid_93998,scene_harness_not_covered
LNDMRK|Point|Paper|2223|93999,LNDMRK,partial,ordinary_s57,harness_only_partial,109-s52-harness-and-standalone-proof,TOWERS66,only remaining degraded reason is missing repository-owned harness/reference evidence,93999,2223,Point,Paper,s52_point_lndmrk_paper_rcid_93999,scene_harness_not_covered
LNDMRK|Point|Paper|2225|94000,LNDMRK,partial,ordinary_s57,harness_only_partial,109-s52-harness-and-standalone-proof,TOWERS52,only remaining degraded reason is missing repository-owned harness/reference evidence,94000,2225,Point,Paper,s52_point_lndmrk_paper_rcid_94000,scene_harness_not_covered
LNDMRK|Point|Paper|2240|94001,LNDMRK,partial,ordinary_s57,harness_only_partial,109-s52-harness-and-standalone-proof,TOWERS62,only remaining degraded reason is missing repository-owned harness/reference evidence,94001,2240,Point,Paper,s52_point_lndmrk_paper_rcid_94001,scene_harness_not_covered
LNDMRK|Point|Paper|2211|94002,LNDMRK,partial,ordinary_s57,harness_only_partial,109-s52-harness-and-standalone-proof,TOWERS51,only remaining degraded reason is missing repository-owned harness/reference evidence,94002,2211,Point,Paper,s52_point_lndmrk_paper_rcid_94002,scene_harness_not_covered
LNDMRK|Point|Paper|2229|94003,LNDMRK,partial,ordinary_s57,harness_only_partial,109-s52-harness-and-standalone-proof,TOWERS50,only remaining degraded reason is missing repository-owned harness/reference evidence,94003,2229,Point,Paper,s52_point_lndmrk_paper_rcid_94003,scene_harness_not_covered
LNDMRK|Point|Paper|2242|94004,LNDMRK,partial,ordinary_s57,harness_only_partial,109-s52-harness-and-standalone-proof,TOWERS59,only remaining degraded reason is missing repository-owned harness/reference evidence,94004,2242,Point,Paper,s52_point_lndmrk_paper_rcid_94004,scene_harness_not_covered
LNDMRK|Point|Paper|2220|94005,LNDMRK,partial,ordinary_s57,harness_only_partial,109-s52-harness-and-standalone-proof,TOWERS98,only remaining degraded reason is missing repository-owned harness/reference evidence,94005,2220,Point,Paper,s52_point_lndmrk_paper_rcid_94005,scene_harness_not_covered
LNDMRK|Point|Paper|2224|94006,LNDMRK,partial,ordinary_s57,harness_only_partial,109-s52-harness-and-standalone-proof,TOWERS88,only remaining degraded reason is missing repository-owned harness/reference evidence,94006,2224,Point,Paper,s52_point_lndmrk_paper_rcid_94006,scene_harness_not_covered
LNDMRK|Point|Paper|2230|94007,LNDMRK,partial,ordinary_s57,harness_only_partial,109-s52-harness-and-standalone-proof,TOWERS49,only remaining degraded reason is missing repository-owned harness/reference evidence,94007,2230,Point,Paper,s52_point_lndmrk_paper_rcid_94007,scene_harness_not_covered
LNDMRK|Point|Paper|2226|94008,LNDMRK,partial,ordinary_s57,harness_only_partial,109-s52-harness-and-standalone-proof,TOWERS83,only remaining degraded reason is missing repository-owned harness/reference evidence,94008,2226,Point,Paper,s52_point_lndmrk_paper_rcid_94008,scene_harness_not_covered
LNDMRK|Point|Paper|2228|94009,LNDMRK,partial,ordinary_s57,harness_only_partial,109-s52-harness-and-standalone-proof,TOWERS96,only remaining degraded reason is missing repository-owned harness/reference evidence,94009,2228,Point,Paper,s52_point_lndmrk_paper_rcid_94009,scene_harness_not_covered
LNDMRK|Point|Paper|2217|94010,LNDMRK,partial,ordinary_s57,harness_only_partial,109-s52-harness-and-standalone-proof,TOWERS48,only remaining degraded reason is missing repository-owned harness/reference evidence,94010,2217,Point,Paper,s52_point_lndmrk_paper_rcid_94010,scene_harness_not_covered
LNDMRK|Point|Simplified|1136|31188,LNDMRK,partial,ordinary_s57,harness_only_partial,109-s52-harness-and-standalone-proof,BUIREL13,only remaining degraded reason is missing repository-owned harness/reference evidence,31188,1136,Point,Simplified,s52_point_lndmrk_simplified_rcid_31188,scene_harness_not_covered
LNDMRK|Point|Simplified|1137|31189,LNDMRK,partial,ordinary_s57,harness_only_partial,109-s52-harness-and-standalone-proof,BUIREL13,only remaining degraded reason is missing repository-owned harness/reference evidence,31189,1137,Point,Simplified,s52_point_lndmrk_simplified_rcid_31189,scene_harness_not_covered
LNDMRK|Point|Simplified|1138|31190,LNDMRK,partial,ordinary_s57,harness_only_partial,109-s52-harness-and-standalone-proof,BUIREL13,only remaining degraded reason is missing repository-owned harness/reference evidence,31190,1138,Point,Simplified,s52_point_lndmrk_simplified_rcid_31190,scene_harness_not_covered
LNDMRK|Point|Simplified|1139|31191,LNDMRK,partial,ordinary_s57,harness_only_partial,109-s52-harness-and-standalone-proof,BUIREL13,only remaining degraded reason is missing repository-owned harness/reference evidence,31191,1139,Point,Simplified,s52_point_lndmrk_simplified_rcid_31191,scene_harness_not_covered
LNDMRK|Point|Simplified|1140|31192,LNDMRK,partial,ordinary_s57,harness_only_partial,109-s52-harness-and-standalone-proof,TOWERS03,only remaining degraded reason is missing repository-owned harness/reference evidence,31192,1140,Point,Simplified,s52_point_lndmrk_simplified_rcid_31192,scene_harness_not_covered
LNDMRK|Point|Simplified|1141|31193,LNDMRK,partial,ordinary_s57,harness_only_partial,109-s52-harness-and-standalone-proof,BUIREL13,only remaining degraded reason is missing repository-owned harness/reference evidence,31193,1141,Point,Simplified,s52_point_lndmrk_simplified_rcid_31193,scene_harness_not_covered
LNDMRK|Point|Simplified|1142|31194,LNDMRK,partial,ordinary_s57,harness_only_partial,109-s52-harness-and-standalone-proof,BUIREL13,only remaining degraded reason is missing repository-owned harness/reference evidence,31194,1142,Point,Simplified,s52_point_lndmrk_simplified_rcid_31194,scene_harness_not_covered
LNDMRK|Point|Simplified|1143|31195,LNDMRK,partial,ordinary_s57,harness_only_partial,109-s52-harness-and-standalone-proof,BUIREL15,only remaining degraded reason is missing repository-owned harness/reference evidence,31195,1143,Point,Simplified,s52_point_lndmrk_simplified_rcid_31195,scene_harness_not_covered
LNDMRK|Point|Simplified|1144|31196,LNDMRK,partial,ordinary_s57,harness_only_partial,109-s52-harness-and-standalone-proof,BUIREL15,only remaining degraded reason is missing repository-owned harness/reference evidence,31196,1144,Point,Simplified,s52_point_lndmrk_simplified_rcid_31196,scene_harness_not_covered
LNDMRK|Point|Simplified|1145|31197,LNDMRK,partial,ordinary_s57,harness_only_partial,109-s52-harness-and-standalone-proof,BUIREL01,only remaining degraded reason is missing repository-owned harness/reference evidence,31197,1145,Point,Simplified,s52_point_lndmrk_simplified_rcid_31197,scene_harness_not_covered
LNDMRK|Point|Simplified|1146|31198,LNDMRK,partial,ordinary_s57,harness_only_partial,109-s52-harness-and-standalone-proof,BUIREL01,only remaining degraded reason is missing repository-owned harness/reference evidence,31198,1146,Point,Simplified,s52_point_lndmrk_simplified_rcid_31198,scene_harness_not_covered
LNDMRK|Point|Simplified|1147|31199,LNDMRK,partial,ordinary_s57,harness_only_partial,109-s52-harness-and-standalone-proof,TOWERS01,only remaining degraded reason is missing repository-owned harness/reference evidence,31199,1147,Point,Simplified,s52_point_lndmrk_simplified_rcid_31199,scene_harness_not_covered
LNDMRK|Point|Simplified|1148|31200,LNDMRK,partial,ordinary_s57,harness_only_partial,109-s52-harness-and-standalone-proof,BUIREL01,only remaining degraded reason is missing repository-owned harness/reference evidence,31200,1148,Point,Simplified,s52_point_lndmrk_simplified_rcid_31200,scene_harness_not_covered
LNDMRK|Point|Simplified|1149|31201,LNDMRK,partial,ordinary_s57,harness_only_partial,109-s52-harness-and-standalone-proof,MONUMT12,only remaining degraded reason is missing repository-owned harness/reference evidence,31201,1149,Point,Simplified,s52_point_lndmrk_simplified_rcid_31201,scene_harness_not_covered
LNDMRK|Point|Simplified|1150|31202,LNDMRK,partial,ordinary_s57,harness_only_partial,109-s52-harness-and-standalone-proof,MONUMT12,only remaining degraded reason is missing repository-owned harness/reference evidence,31202,1150,Point,Simplified,s52_point_lndmrk_simplified_rcid_31202,scene_harness_not_covered
LNDMRK|Point|Simplified|1151|31203,LNDMRK,partial,ordinary_s57,harness_only_partial,109-s52-harness-and-standalone-proof,MONUMT12,only remaining degraded reason is missing repository-owned harness/reference evidence,31203,1151,Point,Simplified,s52_point_lndmrk_simplified_rcid_31203,scene_harness_not_covered
LNDMRK|Point|Simplified|1152|31204,LNDMRK,partial,ordinary_s57,harness_only_partial,109-s52-harness-and-standalone-proof,DOMES011,only remaining degraded reason is missing repository-owned harness/reference evidence,31204,1152,Point,Simplified,s52_point_lndmrk_simplified_rcid_31204,scene_harness_not_covered
LNDMRK|Point|Simplified|1153|31205,LNDMRK,partial,ordinary_s57,harness_only_partial,109-s52-harness-and-standalone-proof,RASCAN11,only remaining degraded reason is missing repository-owned harness/reference evidence,31205,1153,Point,Simplified,s52_point_lndmrk_simplified_rcid_31205,scene_harness_not_covered
LNDMRK|Point|Simplified|1154|31206,LNDMRK,partial,ordinary_s57,harness_only_partial,109-s52-harness-and-standalone-proof,TOWERS03,only remaining degraded reason is missing repository-owned harness/reference evidence,31206,1154,Point,Simplified,s52_point_lndmrk_simplified_rcid_31206,scene_harness_not_covered
LNDMRK|Point|Simplified|1155|31207,LNDMRK,partial,ordinary_s57,harness_only_partial,109-s52-harness-and-standalone-proof,WNDMIL12,only remaining degraded reason is missing repository-owned harness/reference evidence,31207,1155,Point,Simplified,s52_point_lndmrk_simplified_rcid_31207,scene_harness_not_covered
LNDMRK|Point|Simplified|1156|31208,LNDMRK,partial,ordinary_s57,harness_only_partial,109-s52-harness-and-standalone-proof,WIMCON11,only remaining degraded reason is missing repository-owned harness/reference evidence,31208,1156,Point,Simplified,s52_point_lndmrk_simplified_rcid_31208,scene_harness_not_covered
LNDMRK|Point|Simplified|1157|31209,LNDMRK,partial,ordinary_s57,harness_only_partial,109-s52-harness-and-standalone-proof,POSGEN03,only remaining degraded reason is missing repository-owned harness/reference evidence,31209,1157,Point,Simplified,s52_point_lndmrk_simplified_rcid_31209,scene_harness_not_covered
LNDMRK|Point|Simplified|1158|31210,LNDMRK,partial,ordinary_s57,harness_only_partial,109-s52-harness-and-standalone-proof,CAIRNS11,only remaining degraded reason is missing repository-owned harness/reference evidence,31210,1158,Point,Simplified,s52_point_lndmrk_simplified_rcid_31210,scene_harness_not_covered
LNDMRK|Point|Simplified|1159|31211,LNDMRK,partial,ordinary_s57,harness_only_partial,109-s52-harness-and-standalone-proof,CHIMNY11,only remaining degraded reason is missing repository-owned harness/reference evidence,31211,1159,Point,Simplified,s52_point_lndmrk_simplified_rcid_31211,scene_harness_not_covered
LNDMRK|Point|Simplified|1160|31212,LNDMRK,partial,ordinary_s57,harness_only_partial,109-s52-harness-and-standalone-proof,DSHAER11,only remaining degraded reason is missing repository-owned harness/reference evidence,31212,1160,Point,Simplified,s52_point_lndmrk_simplified_rcid_31212,scene_harness_not_covered
LNDMRK|Point|Simplified|1161|31213,LNDMRK,partial,ordinary_s57,harness_only_partial,109-s52-harness-and-standalone-proof,FLGSTF01,only remaining degraded reason is missing repository-owned harness/reference evidence,31213,1161,Point,Simplified,s52_point_lndmrk_simplified_rcid_31213,scene_harness_not_covered
LNDMRK|Point|Simplified|1162|31214,LNDMRK,partial,ordinary_s57,harness_only_partial,109-s52-harness-and-standalone-proof,FLASTK11,only remaining degraded reason is missing repository-owned harness/reference evidence,31214,1162,Point,Simplified,s52_point_lndmrk_simplified_rcid_31214,scene_harness_not_covered
LNDMRK|Point|Simplified|1163|31215,LNDMRK,partial,ordinary_s57,harness_only_partial,109-s52-harness-and-standalone-proof,MSTCON14,only remaining degraded reason is missing repository-owned harness/reference evidence,31215,1163,Point,Simplified,s52_point_lndmrk_simplified_rcid_31215,scene_harness_not_covered
LNDMRK|Point|Simplified|1164|31216,LNDMRK,partial,ordinary_s57,harness_only_partial,109-s52-harness-and-standalone-proof,POSGEN03,only remaining degraded reason is missing repository-owned harness/reference evidence,31216,1164,Point,Simplified,s52_point_lndmrk_simplified_rcid_31216,scene_harness_not_covered
LNDMRK|Point|Simplified|1165|31217,LNDMRK,partial,ordinary_s57,harness_only_partial,109-s52-harness-and-standalone-proof,MONUMT12,only remaining degraded reason is missing repository-owned harness/reference evidence,31217,1165,Point,Simplified,s52_point_lndmrk_simplified_rcid_31217,scene_harness_not_covered
LNDMRK|Point|Simplified|1166|31218,LNDMRK,partial,ordinary_s57,harness_only_partial,109-s52-harness-and-standalone-proof,DOMES001,only remaining degraded reason is missing repository-owned harness/reference evidence,31218,1166,Point,Simplified,s52_point_lndmrk_simplified_rcid_31218,scene_harness_not_covered
LNDMRK|Point|Simplified|1167|31219,LNDMRK,partial,ordinary_s57,harness_only_partial,109-s52-harness-and-standalone-proof,RASCAN01,only remaining degraded reason is missing repository-owned harness/reference evidence,31219,1167,Point,Simplified,s52_point_lndmrk_simplified_rcid_31219,scene_harness_not_covered
LNDMRK|Point|Simplified|1168|31220,LNDMRK,partial,ordinary_s57,harness_only_partial,109-s52-harness-and-standalone-proof,TOWERS01,only remaining degraded reason is missing repository-owned harness/reference evidence,31220,1168,Point,Simplified,s52_point_lndmrk_simplified_rcid_31220,scene_harness_not_covered
LNDMRK|Point|Simplified|1169|31221,LNDMRK,partial,ordinary_s57,harness_only_partial,109-s52-harness-and-standalone-proof,CHIMNY01,only remaining degraded reason is missing repository-owned harness/reference evidence,31221,1169,Point,Simplified,s52_point_lndmrk_simplified_rcid_31221,scene_harness_not_covered
LNDMRK|Point|Simplified|1170|31222,LNDMRK,partial,ordinary_s57,harness_only_partial,109-s52-harness-and-standalone-proof,FLASTK01,only remaining degraded reason is missing repository-owned harness/reference evidence,31222,1170,Point,Simplified,s52_point_lndmrk_simplified_rcid_31222,scene_harness_not_covered
LNDMRK|Point|Simplified|1171|31223,LNDMRK,partial,ordinary_s57,harness_only_partial,109-s52-harness-and-standalone-proof,MSTCON04,only remaining degraded reason is missing repository-owned harness/reference evidence,31223,1171,Point,Simplified,s52_point_lndmrk_simplified_rcid_31223,scene_harness_not_covered
LNDMRK|Point|Simplified|1172|31224,LNDMRK,partial,ordinary_s57,harness_only_partial,109-s52-harness-and-standalone-proof,POSGEN03,only remaining degraded reason is missing repository-owned harness/reference evidence,31224,1172,Point,Simplified,s52_point_lndmrk_simplified_rcid_31224,scene_harness_not_covered
LNDMRK|Point|Simplified|1173|31225,LNDMRK,partial,ordinary_s57,harness_only_partial,109-s52-harness-and-standalone-proof,POSGEN01,only remaining degraded reason is missing repository-owned harness/reference evidence,31225,1173,Point,Simplified,s52_point_lndmrk_simplified_rcid_31225,scene_harness_not_covered
LNDRGN|Area|Plain|89|32125,LNDRGN,partial,ordinary_s57,harness_only_partial,109-s52-harness-and-standalone-proof,MARSHES1,only remaining degraded reason is missing repository-owned harness/reference evidence,32125,89,Area,Plain,s52_area_lndrgn_plain_rcid_32125,scene_harness_not_covered
LNDRGN|Area|Plain|90|32126,LNDRGN,partial,ordinary_s57,harness_only_partial,109-s52-harness-and-standalone-proof,MARSHES1,only remaining degraded reason is missing repository-owned harness/reference evidence,32126,90,Area,Plain,s52_area_lndrgn_plain_rcid_32126,scene_harness_not_covered
LNDRGN|Area|Plain|91|32127,LNDRGN,partial,ordinary_s57,harness_only_partial,109-s52-harness-and-standalone-proof,TEXT01,only remaining degraded reason is missing repository-owned harness/reference evidence,32127,91,Area,Plain,s52_area_lndrgn_plain_rcid_32127,scene_harness_not_covered
LNDRGN|Area|Symbolized|429|32464,LNDRGN,partial,ordinary_s57,harness_only_partial,109-s52-harness-and-standalone-proof,MARSHES1,only remaining degraded reason is missing repository-owned harness/reference evidence,32464,429,Area,Symbolized,s52_area_lndrgn_symbolized_rcid_32464,scene_harness_not_covered
LNDRGN|Area|Symbolized|430|32465,LNDRGN,partial,ordinary_s57,harness_only_partial,109-s52-harness-and-standalone-proof,MARSHES1,only remaining degraded reason is missing repository-owned harness/reference evidence,32465,430,Area,Symbolized,s52_area_lndrgn_symbolized_rcid_32465,scene_harness_not_covered
LNDRGN|Area|Symbolized|431|32466,LNDRGN,partial,ordinary_s57,harness_only_partial,109-s52-harness-and-standalone-proof,TEXT01,only remaining degraded reason is missing repository-owned harness/reference evidence,32466,431,Area,Symbolized,s52_area_lndrgn_symbolized_rcid_32466,scene_harness_not_covered
LNDRGN|Point|Paper|2290|30447,LNDRGN,partial,ordinary_s57,harness_only_partial,109-s52-harness-and-standalone-proof,POSGEN04,only remaining degraded reason is missing repository-owned harness/reference evidence,30447,2290,Point,Paper,s52_point_lndrgn_paper_rcid_30447,scene_harness_not_covered
LNDRGN|Point|Simplified|1174|31226,LNDRGN,partial,ordinary_s57,harness_only_partial,109-s52-harness-and-standalone-proof,POSGEN04,only remaining degraded reason is missing repository-owned harness/reference evidence,31226,1174,Point,Simplified,s52_point_lndrgn_simplified_rcid_31226,scene_harness_not_covered
LOCMAG|Area|Plain|92|32128,LOCMAG,partial,ordinary_s57,harness_only_partial,109-s52-harness-and-standalone-proof,LOCMAG51,only remaining degraded reason is missing repository-owned harness/reference evidence,32128,92,Area,Plain,s52_area_locmag_plain_rcid_32128,scene_harness_not_covered
LOCMAG|Area|Symbolized|432|32467,LOCMAG,partial,ordinary_s57,harness_only_partial,109-s52-harness-and-standalone-proof,LOCMAG51,only remaining degraded reason is missing repository-owned harness/reference evidence,32467,432,Area,Symbolized,s52_area_locmag_symbolized_rcid_32467,scene_harness_not_covered
LOCMAG|Line|Lines|764|31840,LOCMAG,partial,ordinary_s57,harness_only_partial,109-s52-harness-and-standalone-proof,LOCMAG01,only remaining degraded reason is missing repository-owned harness/reference evidence,31840,764,Line,Lines,s52_line_locmag_lines_rcid_31840,scene_harness_not_covered
LOCMAG|Point|Paper|2291|30448,LOCMAG,partial,ordinary_s57,harness_only_partial,109-s52-harness-and-standalone-proof,LOCMAG01,only remaining degraded reason is missing repository-owned harness/reference evidence,30448,2291,Point,Paper,s52_point_locmag_paper_rcid_30448,scene_harness_not_covered
LOCMAG|Point|Simplified|1175|31227,LOCMAG,partial,ordinary_s57,harness_only_partial,109-s52-harness-and-standalone-proof,LOCMAG01,only remaining degraded reason is missing repository-owned harness/reference evidence,31227,1175,Point,Simplified,s52_point_locmag_simplified_rcid_31227,scene_harness_not_covered
LOGPON|Area|Plain|93|32129,LOGPON,partial,ordinary_s57,harness_only_partial,109-s52-harness-and-standalone-proof,LS_DASH_1_CHBLK,only remaining degraded reason is missing repository-owned harness/reference evidence,32129,93,Area,Plain,s52_area_logpon_plain_rcid_32129,scene_harness_not_covered
LOGPON|Area|Symbolized|433|32468,LOGPON,partial,ordinary_s57,harness_only_partial,109-s52-harness-and-standalone-proof,LS_DASH_1_CHBLK,only remaining degraded reason is missing repository-owned harness/reference evidence,32468,433,Area,Symbolized,s52_area_logpon_symbolized_rcid_32468,scene_harness_not_covered
LOGPON|Point|Paper|2292|30449,LOGPON,partial,ordinary_s57,harness_only_partial,109-s52-harness-and-standalone-proof,s52_point_logpon_paper_rcid_30449,only remaining degraded reason is missing repository-owned harness/reference evidence,30449,2292,Point,Paper,s52_point_logpon_paper_rcid_30449,scene_harness_not_covered
LOGPON|Point|Simplified|1176|31228,LOGPON,partial,ordinary_s57,harness_only_partial,109-s52-harness-and-standalone-proof,s52_point_logpon_simplified_rcid_31228,only remaining degraded reason is missing repository-owned harness/reference evidence,31228,1176,Point,Simplified,s52_point_logpon_simplified_rcid_31228,scene_harness_not_covered
LOKBSN|Area|Plain|94|32130,LOKBSN,partial,ordinary_s57,harness_only_partial,109-s52-harness-and-standalone-proof,LS_SOLD_1_CHBLK,only remaining degraded reason is missing repository-owned harness/reference evidence,32130,94,Area,Plain,s52_area_lokbsn_plain_rcid_32130,scene_harness_not_covered
LOKBSN|Area|Symbolized|434|32469,LOKBSN,partial,ordinary_s57,harness_only_partial,109-s52-harness-and-standalone-proof,LS_SOLD_1_CHBLK,only remaining degraded reason is missing repository-owned harness/reference evidence,32469,434,Area,Symbolized,s52_area_lokbsn_symbolized_rcid_32469,scene_harness_not_covered
MAGVAR|Area|Plain|95|32131,MAGVAR,partial,ordinary_s57,harness_only_partial,109-s52-harness-and-standalone-proof,MAGVAR51,only remaining degraded reason is missing repository-owned harness/reference evidence,32131,95,Area,Plain,s52_area_magvar_plain_rcid_32131,scene_harness_not_covered
MAGVAR|Area|Symbolized|435|32470,MAGVAR,partial,ordinary_s57,harness_only_partial,109-s52-harness-and-standalone-proof,MAGVAR51,only remaining degraded reason is missing repository-owned harness/reference evidence,32470,435,Area,Symbolized,s52_area_magvar_symbolized_rcid_32470,scene_harness_not_covered
MAGVAR|Line|Lines|765|31841,MAGVAR,partial,ordinary_s57,harness_only_partial,109-s52-harness-and-standalone-proof,MAGVAR51,only remaining degraded reason is missing repository-owned harness/reference evidence,31841,765,Line,Lines,s52_line_magvar_lines_rcid_31841,scene_harness_not_covered
MAGVAR|Point|Paper|2293|30450,MAGVAR,partial,ordinary_s57,harness_only_partial,109-s52-harness-and-standalone-proof,MAGVAR01,only remaining degraded reason is missing repository-owned harness/reference evidence,30450,2293,Point,Paper,s52_point_magvar_paper_rcid_30450,scene_harness_not_covered
MAGVAR|Point|Simplified|1177|31229,MAGVAR,partial,ordinary_s57,harness_only_partial,109-s52-harness-and-standalone-proof,MAGVAR01,only remaining degraded reason is missing repository-owned harness/reference evidence,31229,1177,Point,Simplified,s52_point_magvar_simplified_rcid_31229,scene_harness_not_covered
MARCUL|Area|Plain|96|32132,MARCUL,partial,ordinary_s57,harness_only_partial,109-s52-harness-and-standalone-proof,LS_DASH_1_CHGRD,only remaining degraded reason is missing repository-owned harness/reference evidence,32132,96,Area,Plain,s52_area_marcul_plain_rcid_32132,scene_harness_not_covered
MARCUL|Area|Symbolized|436|32471,MARCUL,partial,ordinary_s57,harness_only_partial,109-s52-harness-and-standalone-proof,NAVARE51,only remaining degraded reason is missing repository-owned harness/reference evidence,32471,436,Area,Symbolized,s52_area_marcul_symbolized_rcid_32471,scene_harness_not_covered
MARCUL|Line|Lines|766|31842,MARCUL,partial,ordinary_s57,harness_only_partial,109-s52-harness-and-standalone-proof,LS_DASH_2_CHGRF,only remaining degraded reason is missing repository-owned harness/reference evidence,31842,766,Line,Lines,s52_line_marcul_lines_rcid_31842,scene_harness_not_covered
MARCUL|Point|Paper|2294|30451,MARCUL,partial,ordinary_s57,harness_only_partial,109-s52-harness-and-standalone-proof,MARCUL02,only remaining degraded reason is missing repository-owned harness/reference evidence,30451,2294,Point,Paper,s52_point_marcul_paper_rcid_30451,scene_harness_not_covered
MARCUL|Point|Simplified|1178|31230,MARCUL,partial,ordinary_s57,harness_only_partial,109-s52-harness-and-standalone-proof,MARCUL02,only remaining degraded reason is missing repository-owned harness/reference evidence,31230,1178,Point,Simplified,s52_point_marcul_simplified_rcid_31230,scene_harness_not_covered
MIPARE|Area|Plain|97|32133,MIPARE,partial,ordinary_s57,harness_only_partial,109-s52-harness-and-standalone-proof,CTYARE51,only remaining degraded reason is missing repository-owned harness/reference evidence,32133,97,Area,Plain,s52_area_mipare_plain_rcid_32133,scene_harness_not_covered
MIPARE|Area|Symbolized|437|32472,MIPARE,partial,ordinary_s57,harness_only_partial,109-s52-harness-and-standalone-proof,CTYARE51,only remaining degraded reason is missing repository-owned harness/reference evidence,32472,437,Area,Symbolized,s52_area_mipare_symbolized_rcid_32472,scene_harness_not_covered
MIPARE|Point|Paper|2295|30452,MIPARE,partial,ordinary_s57,harness_only_partial,109-s52-harness-and-standalone-proof,CHINFO06,only remaining degraded reason is missing repository-owned harness/reference evidence,30452,2295,Point,Paper,s52_point_mipare_paper_rcid_30452,scene_harness_not_covered
MIPARE|Point|Simplified|1179|31231,MIPARE,partial,ordinary_s57,harness_only_partial,109-s52-harness-and-standalone-proof,CHINFO06,only remaining degraded reason is missing repository-owned harness/reference evidence,31231,1179,Point,Simplified,s52_point_mipare_simplified_rcid_31231,scene_harness_not_covered
MONUMT|Point|Paper|2296|30453,MONUMT,partial,ordinary_s57,harness_only_partial,109-s52-harness-and-standalone-proof,MONUMT12,only remaining degraded reason is missing repository-owned harness/reference evidence,30453,2296,Point,Paper,s52_point_monumt_paper_rcid_30453,scene_harness_not_covered
MONUMT|Point|Simplified|1180|31232,MONUMT,partial,ordinary_s57,harness_only_partial,109-s52-harness-and-standalone-proof,MONUMT12,only remaining degraded reason is missing repository-owned harness/reference evidence,31232,1180,Point,Simplified,s52_point_monumt_simplified_rcid_31232,scene_harness_not_covered
MORFAC|Area|Plain|98|32134,MORFAC,partial,ordinary_s57,harness_only_partial,109-s52-harness-and-standalone-proof,LS_SOLD_1_CHBLK,only remaining degraded reason is missing repository-owned harness/reference evidence,32134,98,Area,Plain,s52_area_morfac_plain_rcid_32134,scene_harness_not_covered
MORFAC|Area|Symbolized|438|32473,MORFAC,partial,ordinary_s57,harness_only_partial,109-s52-harness-and-standalone-proof,LS_SOLD_1_CHBLK,only remaining degraded reason is missing repository-owned harness/reference evidence,32473,438,Area,Symbolized,s52_area_morfac_symbolized_rcid_32473,scene_harness_not_covered
MORFAC|Line|Lines|767|31843,MORFAC,partial,ordinary_s57,harness_only_partial,109-s52-harness-and-standalone-proof,LS_SOLD_2_CSTLN,only remaining degraded reason is missing repository-owned harness/reference evidence,31843,767,Line,Lines,s52_line_morfac_lines_rcid_31843,scene_harness_not_covered
MORFAC|Line|Lines|768|31844,MORFAC,partial,ordinary_s57,harness_only_partial,109-s52-harness-and-standalone-proof,LS_DASH_1_CHMGF,only remaining degraded reason is missing repository-owned harness/reference evidence,31844,768,Line,Lines,s52_line_morfac_lines_rcid_31844,scene_harness_not_covered
MORFAC|Line|Lines|769|31845,MORFAC,partial,ordinary_s57,harness_only_partial,109-s52-harness-and-standalone-proof,LS_SOLD_2_CSTLN,only remaining degraded reason is missing repository-owned harness/reference evidence,31845,769,Line,Lines,s52_line_morfac_lines_rcid_31845,scene_harness_not_covered
MORFAC|Point|Paper|2297|30454,MORFAC,partial,ordinary_s57,harness_only_partial,109-s52-harness-and-standalone-proof,BOYMOR01,only remaining degraded reason is missing repository-owned harness/reference evidence,30454,2297,Point,Paper,s52_point_morfac_paper_rcid_30454,scene_harness_not_covered
MORFAC|Point|Paper|2298|30455,MORFAC,partial,ordinary_s57,harness_only_partial,109-s52-harness-and-standalone-proof,BOYMOR03,only remaining degraded reason is missing repository-owned harness/reference evidence,30455,2298,Point,Paper,s52_point_morfac_paper_rcid_30455,scene_harness_not_covered
MORFAC|Point|Paper|2299|30456,MORFAC,partial,ordinary_s57,harness_only_partial,109-s52-harness-and-standalone-proof,MORFAC03,only remaining degraded reason is missing repository-owned harness/reference evidence,30456,2299,Point,Paper,s52_point_morfac_paper_rcid_30456,scene_harness_not_covered
MORFAC|Point|Paper|2300|30457,MORFAC,partial,ordinary_s57,harness_only_partial,109-s52-harness-and-standalone-proof,MORFAC04,only remaining degraded reason is missing repository-owned harness/reference evidence,30457,2300,Point,Paper,s52_point_morfac_paper_rcid_30457,scene_harness_not_covered
MORFAC|Point|Paper|2301|30458,MORFAC,partial,ordinary_s57,harness_only_partial,109-s52-harness-and-standalone-proof,PILPNT02,only remaining degraded reason is missing repository-owned harness/reference evidence,30458,2301,Point,Paper,s52_point_morfac_paper_rcid_30458,scene_harness_not_covered
MORFAC|Point|Paper|2302|30459,MORFAC,partial,ordinary_s57,harness_only_partial,109-s52-harness-and-standalone-proof,PILPNT02,only remaining degraded reason is missing repository-owned harness/reference evidence,30459,2302,Point,Paper,s52_point_morfac_paper_rcid_30459,scene_harness_not_covered
MORFAC|Point|Paper|2303|30460,MORFAC,partial,ordinary_s57,harness_only_partial,109-s52-harness-and-standalone-proof,BOYMOR11,only remaining degraded reason is missing repository-owned harness/reference evidence,30460,2303,Point,Paper,s52_point_morfac_paper_rcid_30460,scene_harness_not_covered
MORFAC|Point|Paper|2304|30461,MORFAC,partial,ordinary_s57,harness_only_partial,109-s52-harness-and-standalone-proof,MORFAC03,only remaining degraded reason is missing repository-owned harness/reference evidence,30461,2304,Point,Paper,s52_point_morfac_paper_rcid_30461,scene_harness_not_covered
MORFAC|Point|Simplified|1181|31233,MORFAC,partial,ordinary_s57,harness_only_partial,109-s52-harness-and-standalone-proof,MORFAC03,only remaining degraded reason is missing repository-owned harness/reference evidence,31233,1181,Point,Simplified,s52_point_morfac_simplified_rcid_31233,scene_harness_not_covered
MORFAC|Point|Simplified|1182|31234,MORFAC,partial,ordinary_s57,harness_only_partial,109-s52-harness-and-standalone-proof,MORFAC04,only remaining degraded reason is missing repository-owned harness/reference evidence,31234,1182,Point,Simplified,s52_point_morfac_simplified_rcid_31234,scene_harness_not_covered
MORFAC|Point|Simplified|1183|31235,MORFAC,partial,ordinary_s57,harness_only_partial,109-s52-harness-and-standalone-proof,PILPNT02,only remaining degraded reason is missing repository-owned harness/reference evidence,31235,1183,Point,Simplified,s52_point_morfac_simplified_rcid_31235,scene_harness_not_covered
MORFAC|Point|Simplified|1184|31236,MORFAC,partial,ordinary_s57,harness_only_partial,109-s52-harness-and-standalone-proof,PILPNT02,only remaining degraded reason is missing repository-owned harness/reference evidence,31236,1184,Point,Simplified,s52_point_morfac_simplified_rcid_31236,scene_harness_not_covered
MORFAC|Point|Simplified|1185|31237,MORFAC,partial,ordinary_s57,harness_only_partial,109-s52-harness-and-standalone-proof,BOYMOR11,only remaining degraded reason is missing repository-owned harness/reference evidence,31237,1185,Point,Simplified,s52_point_morfac_simplified_rcid_31237,scene_harness_not_covered
MORFAC|Point|Simplified|1186|31238,MORFAC,partial,ordinary_s57,harness_only_partial,109-s52-harness-and-standalone-proof,MORFAC03,only remaining degraded reason is missing repository-owned harness/reference evidence,31238,1186,Point,Simplified,s52_point_morfac_simplified_rcid_31238,scene_harness_not_covered
M_ACCY|Area|Plain|99|32135,M_ACCY,partial,ordinary_s57,harness_only_partial,109-s52-harness-and-standalone-proof,s52_area_m_accy_plain_rcid_32135,only remaining degraded reason is missing repository-owned harness/reference evidence,32135,99,Area,Plain,s52_area_m_accy_plain_rcid_32135,scene_harness_not_covered
M_ACCY|Area|Symbolized|439|32474,M_ACCY,partial,ordinary_s57,harness_only_partial,109-s52-harness-and-standalone-proof,s52_area_m_accy_symbolized_rcid_32474,only remaining degraded reason is missing repository-owned harness/reference evidence,32474,439,Area,Symbolized,s52_area_m_accy_symbolized_rcid_32474,scene_harness_not_covered
M_COVR|Area|Plain|100|32136,M_COVR,partial,ordinary_s57,harness_only_partial,109-s52-harness-and-standalone-proof,DATCVR01,only remaining degraded reason is missing repository-owned harness/reference evidence,32136,100,Area,Plain,s52_area_m_covr_plain_rcid_32136,scene_harness_not_covered
M_COVR|Area|Symbolized|440|32475,M_COVR,partial,ordinary_s57,harness_only_partial,109-s52-harness-and-standalone-proof,DATCVR01,only remaining degraded reason is missing repository-owned harness/reference evidence,32475,440,Area,Symbolized,s52_area_m_covr_symbolized_rcid_32475,scene_harness_not_covered
M_CSCL|Area|Plain|101|32137,M_CSCL,partial,ordinary_s57,harness_only_partial,109-s52-harness-and-standalone-proof,DATCVR01,only remaining degraded reason is missing repository-owned harness/reference evidence,32137,101,Area,Plain,s52_area_m_cscl_plain_rcid_32137,scene_harness_not_covered
M_CSCL|Area|Symbolized|441|32476,M_CSCL,partial,ordinary_s57,harness_only_partial,109-s52-harness-and-standalone-proof,DATCVR01,only remaining degraded reason is missing repository-owned harness/reference evidence,32476,441,Area,Symbolized,s52_area_m_cscl_symbolized_rcid_32476,scene_harness_not_covered
M_HOPA|Area|Plain|102|32138,M_HOPA,partial,ordinary_s57,harness_only_partial,109-s52-harness-and-standalone-proof,s52_area_m_hopa_plain_rcid_32138,only remaining degraded reason is missing repository-owned harness/reference evidence,32138,102,Area,Plain,s52_area_m_hopa_plain_rcid_32138,scene_harness_not_covered
M_HOPA|Area|Symbolized|442|32477,M_HOPA,partial,ordinary_s57,harness_only_partial,109-s52-harness-and-standalone-proof,s52_area_m_hopa_symbolized_rcid_32477,only remaining degraded reason is missing repository-owned harness/reference evidence,32477,442,Area,Symbolized,s52_area_m_hopa_symbolized_rcid_32477,scene_harness_not_covered
M_NPUB|Area|Plain|103|32139,M_NPUB,partial,ordinary_s57,harness_only_partial,109-s52-harness-and-standalone-proof,s52_area_m_npub_plain_rcid_32139,only remaining degraded reason is missing repository-owned harness/reference evidence,32139,103,Area,Plain,s52_area_m_npub_plain_rcid_32139,scene_harness_not_covered
M_NPUB|Area|Symbolized|443|32478,M_NPUB,partial,ordinary_s57,harness_only_partial,109-s52-harness-and-standalone-proof,s52_area_m_npub_symbolized_rcid_32478,only remaining degraded reason is missing repository-owned harness/reference evidence,32478,443,Area,Symbolized,s52_area_m_npub_symbolized_rcid_32478,scene_harness_not_covered
M_NPUB|Point|Paper|2305|30462,M_NPUB,partial,ordinary_s57,harness_only_partial,109-s52-harness-and-standalone-proof,CHINFO07,only remaining degraded reason is missing repository-owned harness/reference evidence,30462,2305,Point,Paper,s52_point_m_npub_paper_rcid_30462,scene_harness_not_covered
M_NPUB|Point|Simplified|1187|31239,M_NPUB,partial,ordinary_s57,harness_only_partial,109-s52-harness-and-standalone-proof,CHINFO07,only remaining degraded reason is missing repository-owned harness/reference evidence,31239,1187,Point,Simplified,s52_point_m_npub_simplified_rcid_31239,scene_harness_not_covered
M_NSYS|Area|Plain|104|32140,M_NSYS,partial,ordinary_s57,harness_only_partial,109-s52-harness-and-standalone-proof,DIRBOYA1,only remaining degraded reason is missing repository-owned harness/reference evidence,32140,104,Area,Plain,s52_area_m_nsys_plain_rcid_32140,scene_harness_not_covered
M_NSYS|Area|Plain|105|32141,M_NSYS,partial,ordinary_s57,harness_only_partial,109-s52-harness-and-standalone-proof,DIRBOYB1,only remaining degraded reason is missing repository-owned harness/reference evidence,32141,105,Area,Plain,s52_area_m_nsys_plain_rcid_32141,scene_harness_not_covered
M_NSYS|Area|Plain|106|32142,M_NSYS,partial,ordinary_s57,harness_only_partial,109-s52-harness-and-standalone-proof,DIRBOY01,only remaining degraded reason is missing repository-owned harness/reference evidence,32142,106,Area,Plain,s52_area_m_nsys_plain_rcid_32142,scene_harness_not_covered
M_NSYS|Area|Plain|107|32143,M_NSYS,partial,ordinary_s57,harness_only_partial,109-s52-harness-and-standalone-proof,MARSYS51,only remaining degraded reason is missing repository-owned harness/reference evidence,32143,107,Area,Plain,s52_area_m_nsys_plain_rcid_32143,scene_harness_not_covered
M_NSYS|Area|Symbolized|444|32479,M_NSYS,partial,ordinary_s57,harness_only_partial,109-s52-harness-and-standalone-proof,DIRBOYA1,only remaining degraded reason is missing repository-owned harness/reference evidence,32479,444,Area,Symbolized,s52_area_m_nsys_symbolized_rcid_32479,scene_harness_not_covered
M_NSYS|Area|Symbolized|445|32480,M_NSYS,partial,ordinary_s57,harness_only_partial,109-s52-harness-and-standalone-proof,DIRBOYB1,only remaining degraded reason is missing repository-owned harness/reference evidence,32480,445,Area,Symbolized,s52_area_m_nsys_symbolized_rcid_32480,scene_harness_not_covered
M_NSYS|Area|Symbolized|446|32481,M_NSYS,partial,ordinary_s57,harness_only_partial,109-s52-harness-and-standalone-proof,DIRBOY01,only remaining degraded reason is missing repository-owned harness/reference evidence,32481,446,Area,Symbolized,s52_area_m_nsys_symbolized_rcid_32481,scene_harness_not_covered
M_NSYS|Area|Symbolized|447|32482,M_NSYS,partial,ordinary_s57,harness_only_partial,109-s52-harness-and-standalone-proof,MARSYS51,only remaining degraded reason is missing repository-owned harness/reference evidence,32482,447,Area,Symbolized,s52_area_m_nsys_symbolized_rcid_32482,scene_harness_not_covered
M_PROD|Area|Symbolized|448|32483,M_PROD,partial,ordinary_s57,harness_only_partial,109-s52-harness-and-standalone-proof,s52_area_m_prod_symbolized_rcid_32483,only remaining degraded reason is missing repository-owned harness/reference evidence,32483,448,Area,Symbolized,s52_area_m_prod_symbolized_rcid_32483,scene_harness_not_covered
M_QUAL|Area|Plain|108|32144,M_QUAL,partial,ordinary_s57,harness_only_partial,109-s52-harness-and-standalone-proof,LS_DASH_2_CHGRD,only remaining degraded reason is missing repository-owned harness/reference evidence,32144,108,Area,Plain,s52_area_m_qual_plain_rcid_32144,scene_harness_not_covered
M_QUAL|Area|Plain|109|32145,M_QUAL,partial,ordinary_s57,harness_only_partial,109-s52-harness-and-standalone-proof,LS_DASH_2_CHGRD,only remaining degraded reason is missing repository-owned harness/reference evidence,32145,109,Area,Plain,s52_area_m_qual_plain_rcid_32145,scene_harness_not_covered
M_QUAL|Area|Plain|110|32146,M_QUAL,partial,ordinary_s57,harness_only_partial,109-s52-harness-and-standalone-proof,LS_DASH_2_CHGRD,only remaining degraded reason is missing repository-owned harness/reference evidence,32146,110,Area,Plain,s52_area_m_qual_plain_rcid_32146,scene_harness_not_covered
M_QUAL|Area|Plain|111|32147,M_QUAL,partial,ordinary_s57,harness_only_partial,109-s52-harness-and-standalone-proof,LS_DASH_2_CHGRD,only remaining degraded reason is missing repository-owned harness/reference evidence,32147,111,Area,Plain,s52_area_m_qual_plain_rcid_32147,scene_harness_not_covered
M_QUAL|Area|Plain|112|32148,M_QUAL,partial,ordinary_s57,harness_only_partial,109-s52-harness-and-standalone-proof,LS_DASH_2_CHGRD,only remaining degraded reason is missing repository-owned harness/reference evidence,32148,112,Area,Plain,s52_area_m_qual_plain_rcid_32148,scene_harness_not_covered
M_QUAL|Area|Plain|113|32149,M_QUAL,partial,ordinary_s57,harness_only_partial,109-s52-harness-and-standalone-proof,LS_DASH_2_CHGRD,only remaining degraded reason is missing repository-owned harness/reference evidence,32149,113,Area,Plain,s52_area_m_qual_plain_rcid_32149,scene_harness_not_covered
M_QUAL|Area|Plain|114|32150,M_QUAL,partial,ordinary_s57,harness_only_partial,109-s52-harness-and-standalone-proof,LS_DASH_2_CHGRD,only remaining degraded reason is missing repository-owned harness/reference evidence,32150,114,Area,Plain,s52_area_m_qual_plain_rcid_32150,scene_harness_not_covered
M_QUAL|Area|Symbolized|449|32484,M_QUAL,partial,ordinary_s57,harness_only_partial,109-s52-harness-and-standalone-proof,LS_DASH_2_CHGRD,only remaining degraded reason is missing repository-owned harness/reference evidence,32484,449,Area,Symbolized,s52_area_m_qual_symbolized_rcid_32484,scene_harness_not_covered
M_QUAL|Area|Symbolized|450|32485,M_QUAL,partial,ordinary_s57,harness_only_partial,109-s52-harness-and-standalone-proof,LS_DASH_2_CHGRD,only remaining degraded reason is missing repository-owned harness/reference evidence,32485,450,Area,Symbolized,s52_area_m_qual_symbolized_rcid_32485,scene_harness_not_covered
M_QUAL|Area|Symbolized|451|32486,M_QUAL,partial,ordinary_s57,harness_only_partial,109-s52-harness-and-standalone-proof,LS_DASH_2_CHGRD,only remaining degraded reason is missing repository-owned harness/reference evidence,32486,451,Area,Symbolized,s52_area_m_qual_symbolized_rcid_32486,scene_harness_not_covered
M_QUAL|Area|Symbolized|452|32487,M_QUAL,partial,ordinary_s57,harness_only_partial,109-s52-harness-and-standalone-proof,LS_DASH_2_CHGRD,only remaining degraded reason is missing repository-owned harness/reference evidence,32487,452,Area,Symbolized,s52_area_m_qual_symbolized_rcid_32487,scene_harness_not_covered
M_QUAL|Area|Symbolized|453|32488,M_QUAL,partial,ordinary_s57,harness_only_partial,109-s52-harness-and-standalone-proof,LS_DASH_2_CHGRD,only remaining degraded reason is missing repository-owned harness/reference evidence,32488,453,Area,Symbolized,s52_area_m_qual_symbolized_rcid_32488,scene_harness_not_covered
M_QUAL|Area|Symbolized|454|32489,M_QUAL,partial,ordinary_s57,harness_only_partial,109-s52-harness-and-standalone-proof,LS_DASH_2_CHGRD,only remaining degraded reason is missing repository-owned harness/reference evidence,32489,454,Area,Symbolized,s52_area_m_qual_symbolized_rcid_32489,scene_harness_not_covered
M_QUAL|Area|Symbolized|455|32490,M_QUAL,partial,ordinary_s57,harness_only_partial,109-s52-harness-and-standalone-proof,LS_DASH_2_CHGRD,only remaining degraded reason is missing repository-owned harness/reference evidence,32490,455,Area,Symbolized,s52_area_m_qual_symbolized_rcid_32490,scene_harness_not_covered
M_SDAT|Area|Plain|115|32151,M_SDAT,partial,ordinary_s57,harness_only_partial,109-s52-harness-and-standalone-proof,s52_area_m_sdat_plain_rcid_32151,only remaining degraded reason is missing repository-owned harness/reference evidence,32151,115,Area,Plain,s52_area_m_sdat_plain_rcid_32151,scene_harness_not_covered
M_SDAT|Area|Symbolized|456|32491,M_SDAT,partial,ordinary_s57,harness_only_partial,109-s52-harness-and-standalone-proof,s52_area_m_sdat_symbolized_rcid_32491,only remaining degraded reason is missing repository-owned harness/reference evidence,32491,456,Area,Symbolized,s52_area_m_sdat_symbolized_rcid_32491,scene_harness_not_covered
M_SREL|Area|Plain|116|32152,M_SREL,partial,ordinary_s57,harness_only_partial,109-s52-harness-and-standalone-proof,s52_area_m_srel_plain_rcid_32152,only remaining degraded reason is missing repository-owned harness/reference evidence,32152,116,Area,Plain,s52_area_m_srel_plain_rcid_32152,scene_harness_not_covered
M_SREL|Area|Symbolized|457|32492,M_SREL,partial,ordinary_s57,harness_only_partial,109-s52-harness-and-standalone-proof,s52_area_m_srel_symbolized_rcid_32492,only remaining degraded reason is missing repository-owned harness/reference evidence,32492,457,Area,Symbolized,s52_area_m_srel_symbolized_rcid_32492,scene_harness_not_covered
M_SREL|Line|Lines|770|31846,M_SREL,partial,ordinary_s57,harness_only_partial,109-s52-harness-and-standalone-proof,s52_line_m_srel_lines_rcid_31846,only remaining degraded reason is missing repository-owned harness/reference evidence,31846,770,Line,Lines,s52_line_m_srel_lines_rcid_31846,scene_harness_not_covered
M_VDAT|Area|Plain|117|32153,M_VDAT,partial,ordinary_s57,harness_only_partial,109-s52-harness-and-standalone-proof,s52_area_m_vdat_plain_rcid_32153,only remaining degraded reason is missing repository-owned harness/reference evidence,32153,117,Area,Plain,s52_area_m_vdat_plain_rcid_32153,scene_harness_not_covered
M_VDAT|Area|Symbolized|458|32493,M_VDAT,partial,ordinary_s57,harness_only_partial,109-s52-harness-and-standalone-proof,s52_area_m_vdat_symbolized_rcid_32493,only remaining degraded reason is missing repository-owned harness/reference evidence,32493,458,Area,Symbolized,s52_area_m_vdat_symbolized_rcid_32493,scene_harness_not_covered
NATARE|Area|Symbolized|459|32494,NATARE,partial,ordinary_s57,harness_only_partial,109-s52-harness-and-standalone-proof,s52_area_natare_symbolized_rcid_32494,only remaining degraded reason is missing repository-owned harness/reference evidence,32494,459,Area,Symbolized,s52_area_natare_symbolized_rcid_32494,scene_harness_not_covered
NAVLNE|Line|Lines|771|31847,NAVLNE,partial,ordinary_s57,harness_only_partial,109-s52-harness-and-standalone-proof,LS_DASH_1_CHGRD,only remaining degraded reason is missing repository-owned harness/reference evidence,31847,771,Line,Lines,s52_line_navlne_lines_rcid_31847,scene_harness_not_covered
NAVLNE|Line|Lines|772|31848,NAVLNE,partial,ordinary_s57,harness_only_partial,109-s52-harness-and-standalone-proof,LS_DASH_1_CHGRD,only remaining degraded reason is missing repository-owned harness/reference evidence,31848,772,Line,Lines,s52_line_navlne_lines_rcid_31848,scene_harness_not_covered
NAVLNE|Line|Lines|773|31849,NAVLNE,partial,ordinary_s57,harness_only_partial,109-s52-harness-and-standalone-proof,LS_DASH_1_CHGRD,only remaining degraded reason is missing repository-owned harness/reference evidence,31849,773,Line,Lines,s52_line_navlne_lines_rcid_31849,scene_harness_not_covered
NEWOBJ|Area|Plain|118|32154,NEWOBJ,partial,ordinary_s57,harness_only_partial,109-s52-harness-and-standalone-proof,SYMINS01,only remaining degraded reason is missing repository-owned harness/reference evidence,32154,118,Area,Plain,s52_area_newobj_plain_rcid_32154,scene_harness_not_covered
NEWOBJ|Area|Plain|119|32155,NEWOBJ,partial,ordinary_s57,parser_or_compiler_spillover,108-s52-all-lookuprow-closure,NEWOBJ01,asset id or family looks like spillover/malformed parser output rather than a clean symbol gap,32155,119,Area,Plain,s52_area_newobj_plain_rcid_32155,compiler_missing_point_asset:NEWOBJ01;scene_harness_not_covered
NEWOBJ|Area|Symbolized|460|32495,NEWOBJ,partial,ordinary_s57,harness_only_partial,109-s52-harness-and-standalone-proof,SYMINS01,only remaining degraded reason is missing repository-owned harness/reference evidence,32495,460,Area,Symbolized,s52_area_newobj_symbolized_rcid_32495,scene_harness_not_covered
NEWOBJ|Area|Symbolized|461|32496,NEWOBJ,partial,ordinary_s57,parser_or_compiler_spillover,108-s52-all-lookuprow-closure,NEWOBJ01,asset id or family looks like spillover/malformed parser output rather than a clean symbol gap,32496,461,Area,Symbolized,s52_area_newobj_symbolized_rcid_32496,compiler_missing_point_asset:NEWOBJ01;scene_harness_not_covered
NEWOBJ|Line|Lines|774|31850,NEWOBJ,partial,ordinary_s57,harness_only_partial,109-s52-harness-and-standalone-proof,SYMINS01,only remaining degraded reason is missing repository-owned harness/reference evidence,31850,774,Line,Lines,s52_line_newobj_lines_rcid_31850,scene_harness_not_covered
NEWOBJ|Line|Lines|775|31851,NEWOBJ,partial,ordinary_s57,parser_or_compiler_spillover,108-s52-all-lookuprow-closure,NEWOBJ01,asset id or family looks like spillover/malformed parser output rather than a clean symbol gap,31851,775,Line,Lines,s52_line_newobj_lines_rcid_31851,compiler_missing_line_asset:NEWOBJ01;scene_harness_not_covered
NEWOBJ|Point|Paper|2306|30463,NEWOBJ,partial,ordinary_s57,harness_only_partial,109-s52-harness-and-standalone-proof,SYMINS01,only remaining degraded reason is missing repository-owned harness/reference evidence,30463,2306,Point,Paper,s52_point_newobj_paper_rcid_30463,scene_harness_not_covered
NEWOBJ|Point|Paper|2307|30464,NEWOBJ,partial,ordinary_s57,parser_or_compiler_spillover,108-s52-all-lookuprow-closure,NEWOBJ01,asset id or family looks like spillover/malformed parser output rather than a clean symbol gap,30464,2307,Point,Paper,s52_point_newobj_paper_rcid_30464,compiler_missing_point_asset:NEWOBJ01;scene_harness_not_covered
NEWOBJ|Point|Simplified|1188|31240,NEWOBJ,partial,ordinary_s57,harness_only_partial,109-s52-harness-and-standalone-proof,SYMINS01,only remaining degraded reason is missing repository-owned harness/reference evidence,31240,1188,Point,Simplified,s52_point_newobj_simplified_rcid_31240,scene_harness_not_covered
NEWOBJ|Point|Simplified|1189|31241,NEWOBJ,partial,ordinary_s57,parser_or_compiler_spillover,108-s52-all-lookuprow-closure,NEWOBJ01,asset id or family looks like spillover/malformed parser output rather than a clean symbol gap,31241,1189,Point,Simplified,s52_point_newobj_simplified_rcid_31241,compiler_missing_point_asset:NEWOBJ01;scene_harness_not_covered
OBSTRN|Area|Plain|120|32156,OBSTRN,partial,ordinary_s57,harness_only_partial,109-s52-harness-and-standalone-proof,FOULGND1,only remaining degraded reason is missing repository-owned harness/reference evidence,32156,120,Area,Plain,s52_area_obstrn_plain_rcid_32156,scene_harness_not_covered
OBSTRN|Area|Plain|121|32157,OBSTRN,partial,ordinary_s57,manual_overlay_residual,107-s52-manual-overlay-asset-pack,FLTHAZ02,FLTHAZ02 is already identified as a manual-overlay residual in the Phase 6D plan,32157,121,Area,Plain,s52_area_obstrn_plain_rcid_32157,compiler_missing_point_asset:FLTHAZ02;scene_harness_not_covered
OBSTRN|Area|Plain|122|32158,OBSTRN,partial,ordinary_s57,harness_only_partial,109-s52-harness-and-standalone-proof,LS_DOTT_2_CHBLK,only remaining degraded reason is missing repository-owned harness/reference evidence,32158,122,Area,Plain,s52_area_obstrn_plain_rcid_32158,scene_harness_not_covered
OBSTRN|Area|Plain|123|32159,OBSTRN,partial,ordinary_s57,harness_only_partial,109-s52-harness-and-standalone-proof,FOULGND1,only remaining degraded reason is missing repository-owned harness/reference evidence,32159,123,Area,Plain,s52_area_obstrn_plain_rcid_32159,scene_harness_not_covered
OBSTRN|Area|Plain|124|32160,OBSTRN,partial,ordinary_s57,manual_overlay_residual,107-s52-manual-overlay-asset-pack,FLTHAZ02,FLTHAZ02 is already identified as a manual-overlay residual in the Phase 6D plan,32160,124,Area,Plain,s52_area_obstrn_plain_rcid_32160,compiler_missing_point_asset:FLTHAZ02;scene_harness_not_covered
OBSTRN|Area|Plain|125|32161,OBSTRN,partial,ordinary_s57,harness_only_partial,109-s52-harness-and-standalone-proof,ACHARE02,only remaining degraded reason is missing repository-owned harness/reference evidence,32161,125,Area,Plain,s52_area_obstrn_plain_rcid_32161,scene_harness_not_covered
OBSTRN|Area|Plain|126|32162,OBSTRN,partial,ordinary_s57,manual_overlay_residual,107-s52-manual-overlay-asset-pack,FLTHAZ02,FLTHAZ02 is already identified as a manual-overlay residual in the Phase 6D plan,32162,126,Area,Plain,s52_area_obstrn_plain_rcid_32162,compiler_missing_point_asset:FLTHAZ02;scene_harness_not_covered
OBSTRN|Area|Plain|127|32163,OBSTRN,partial,ordinary_s57,harness_only_partial,109-s52-harness-and-standalone-proof,OBSTRN04,only remaining degraded reason is missing repository-owned harness/reference evidence,32163,127,Area,Plain,s52_area_obstrn_plain_rcid_32163,scene_harness_not_covered
OBSTRN|Area|Symbolized|463|32498,OBSTRN,partial,ordinary_s57,manual_overlay_residual,107-s52-manual-overlay-asset-pack,FLTHAZ02,FLTHAZ02 is already identified as a manual-overlay residual in the Phase 6D plan,32498,463,Area,Symbolized,s52_area_obstrn_symbolized_rcid_32498,compiler_missing_point_asset:FLTHAZ02;scene_harness_not_covered
OBSTRN|Area|Symbolized|464|32499,OBSTRN,partial,ordinary_s57,harness_only_partial,109-s52-harness-and-standalone-proof,LS_DOTT_2_CHBLK,only remaining degraded reason is missing repository-owned harness/reference evidence,32499,464,Area,Symbolized,s52_area_obstrn_symbolized_rcid_32499,scene_harness_not_covered
OBSTRN|Area|Symbolized|465|32500,OBSTRN,partial,ordinary_s57,harness_only_partial,109-s52-harness-and-standalone-proof,FOULGND1,only remaining degraded reason is missing repository-owned harness/reference evidence,32500,465,Area,Symbolized,s52_area_obstrn_symbolized_rcid_32500,scene_harness_not_covered
OBSTRN|Area|Symbolized|466|32501,OBSTRN,partial,ordinary_s57,manual_overlay_residual,107-s52-manual-overlay-asset-pack,FLTHAZ02,FLTHAZ02 is already identified as a manual-overlay residual in the Phase 6D plan,32501,466,Area,Symbolized,s52_area_obstrn_symbolized_rcid_32501,compiler_missing_point_asset:FLTHAZ02;scene_harness_not_covered
OBSTRN|Area|Symbolized|467|32502,OBSTRN,partial,ordinary_s57,harness_only_partial,109-s52-harness-and-standalone-proof,ACHARE02,only remaining degraded reason is missing repository-owned harness/reference evidence,32502,467,Area,Symbolized,s52_area_obstrn_symbolized_rcid_32502,scene_harness_not_covered
OBSTRN|Area|Symbolized|468|32503,OBSTRN,partial,ordinary_s57,manual_overlay_residual,107-s52-manual-overlay-asset-pack,FLTHAZ02,FLTHAZ02 is already identified as a manual-overlay residual in the Phase 6D plan,32503,468,Area,Symbolized,s52_area_obstrn_symbolized_rcid_32503,compiler_missing_point_asset:FLTHAZ02;scene_harness_not_covered
OBSTRN|Area|Symbolized|469|32504,OBSTRN,partial,ordinary_s57,harness_only_partial,109-s52-harness-and-standalone-proof,OBSTRN04,only remaining degraded reason is missing repository-owned harness/reference evidence,32504,469,Area,Symbolized,s52_area_obstrn_symbolized_rcid_32504,scene_harness_not_covered
OBSTRN|Line|Lines|776|31852,OBSTRN,partial,ordinary_s57,harness_only_partial,109-s52-harness-and-standalone-proof,LS_DASH_1_CSTLN,only remaining degraded reason is missing repository-owned harness/reference evidence,31852,776,Line,Lines,s52_line_obstrn_lines_rcid_31852,scene_harness_not_covered
OBSTRN|Line|Lines|777|31853,OBSTRN,partial,ordinary_s57,harness_only_partial,109-s52-harness-and-standalone-proof,LS_DASH_1_CSTLN,only remaining degraded reason is missing repository-owned harness/reference evidence,31853,777,Line,Lines,s52_line_obstrn_lines_rcid_31853,scene_harness_not_covered
OBSTRN|Line|Lines|778|31854,OBSTRN,partial,ordinary_s57,harness_only_partial,109-s52-harness-and-standalone-proof,LS_DASH_1_CHMGD,only remaining degraded reason is missing repository-owned harness/reference evidence,31854,778,Line,Lines,s52_line_obstrn_lines_rcid_31854,scene_harness_not_covered
OBSTRN|Line|Lines|779|31855,OBSTRN,partial,ordinary_s57,harness_only_partial,109-s52-harness-and-standalone-proof,LS_DASH_1_CSTLN,only remaining degraded reason is missing repository-owned harness/reference evidence,31855,779,Line,Lines,s52_line_obstrn_lines_rcid_31855,scene_harness_not_covered
OBSTRN|Line|Lines|780|31856,OBSTRN,partial,ordinary_s57,harness_only_partial,109-s52-harness-and-standalone-proof,OBSTRN04,only remaining degraded reason is missing repository-owned harness/reference evidence,31856,780,Line,Lines,s52_line_obstrn_lines_rcid_31856,scene_harness_not_covered
OBSTRN|Point|Paper|2308|30465,OBSTRN,partial,ordinary_s57,manual_overlay_residual,107-s52-manual-overlay-asset-pack,FLTHAZ02,FLTHAZ02 is already identified as a manual-overlay residual in the Phase 6D plan,30465,2308,Point,Paper,s52_point_obstrn_paper_rcid_30465,compiler_missing_point_asset:FLTHAZ02;scene_harness_not_covered
OBSTRN|Point|Paper|2309|30466,OBSTRN,partial,ordinary_s57,harness_only_partial,109-s52-harness-and-standalone-proof,FOULGND1,only remaining degraded reason is missing repository-owned harness/reference evidence,30466,2309,Point,Paper,s52_point_obstrn_paper_rcid_30466,scene_harness_not_covered
OBSTRN|Point|Paper|2310|30467,OBSTRN,partial,ordinary_s57,manual_overlay_residual,107-s52-manual-overlay-asset-pack,FLTHAZ02,FLTHAZ02 is already identified as a manual-overlay residual in the Phase 6D plan,30467,2310,Point,Paper,s52_point_obstrn_paper_rcid_30467,compiler_missing_point_asset:FLTHAZ02;scene_harness_not_covered
OBSTRN|Point|Paper|2311|30468,OBSTRN,partial,ordinary_s57,harness_only_partial,109-s52-harness-and-standalone-proof,ACHARE02,only remaining degraded reason is missing repository-owned harness/reference evidence,30468,2311,Point,Paper,s52_point_obstrn_paper_rcid_30468,scene_harness_not_covered
OBSTRN|Point|Paper|2312|30469,OBSTRN,partial,ordinary_s57,manual_overlay_residual,107-s52-manual-overlay-asset-pack,FLTHAZ02,FLTHAZ02 is already identified as a manual-overlay residual in the Phase 6D plan,30469,2312,Point,Paper,s52_point_obstrn_paper_rcid_30469,compiler_missing_point_asset:FLTHAZ02;scene_harness_not_covered
OBSTRN|Point|Paper|2313|30470,OBSTRN,partial,ordinary_s57,harness_only_partial,109-s52-harness-and-standalone-proof,FOULGND1,only remaining degraded reason is missing repository-owned harness/reference evidence,30470,2313,Point,Paper,s52_point_obstrn_paper_rcid_30470,scene_harness_not_covered
OBSTRN|Point|Paper|2314|30471,OBSTRN,partial,ordinary_s57,manual_overlay_residual,107-s52-manual-overlay-asset-pack,FLTHAZ02,FLTHAZ02 is already identified as a manual-overlay residual in the Phase 6D plan,30471,2314,Point,Paper,s52_point_obstrn_paper_rcid_30471,compiler_missing_point_asset:FLTHAZ02;scene_harness_not_covered
OBSTRN|Point|Paper|2315|30472,OBSTRN,partial,ordinary_s57,harness_only_partial,109-s52-harness-and-standalone-proof,ACHARE02,only remaining degraded reason is missing repository-owned harness/reference evidence,30472,2315,Point,Paper,s52_point_obstrn_paper_rcid_30472,scene_harness_not_covered
OBSTRN|Point|Paper|2316|30473,OBSTRN,partial,ordinary_s57,manual_overlay_residual,107-s52-manual-overlay-asset-pack,FLTHAZ02,FLTHAZ02 is already identified as a manual-overlay residual in the Phase 6D plan,30473,2316,Point,Paper,s52_point_obstrn_paper_rcid_30473,compiler_missing_point_asset:FLTHAZ02;scene_harness_not_covered
OBSTRN|Point|Simplified|1190|31242,OBSTRN,partial,ordinary_s57,manual_overlay_residual,107-s52-manual-overlay-asset-pack,FLTHAZ02,FLTHAZ02 is already identified as a manual-overlay residual in the Phase 6D plan,31242,1190,Point,Simplified,s52_point_obstrn_simplified_rcid_31242,compiler_missing_point_asset:FLTHAZ02;scene_harness_not_covered
OBSTRN|Point|Simplified|1191|31243,OBSTRN,partial,ordinary_s57,harness_only_partial,109-s52-harness-and-standalone-proof,FOULGND1,only remaining degraded reason is missing repository-owned harness/reference evidence,31243,1191,Point,Simplified,s52_point_obstrn_simplified_rcid_31243,scene_harness_not_covered
OBSTRN|Point|Simplified|1192|31244,OBSTRN,partial,ordinary_s57,manual_overlay_residual,107-s52-manual-overlay-asset-pack,FLTHAZ02,FLTHAZ02 is already identified as a manual-overlay residual in the Phase 6D plan,31244,1192,Point,Simplified,s52_point_obstrn_simplified_rcid_31244,compiler_missing_point_asset:FLTHAZ02;scene_harness_not_covered
OBSTRN|Point|Simplified|1193|31245,OBSTRN,partial,ordinary_s57,harness_only_partial,109-s52-harness-and-standalone-proof,ACHARE02,only remaining degraded reason is missing repository-owned harness/reference evidence,31245,1193,Point,Simplified,s52_point_obstrn_simplified_rcid_31245,scene_harness_not_covered
OBSTRN|Point|Simplified|1194|31246,OBSTRN,partial,ordinary_s57,manual_overlay_residual,107-s52-manual-overlay-asset-pack,FLTHAZ02,FLTHAZ02 is already identified as a manual-overlay residual in the Phase 6D plan,31246,1194,Point,Simplified,s52_point_obstrn_simplified_rcid_31246,compiler_missing_point_asset:FLTHAZ02;scene_harness_not_covered
OBSTRN|Point|Simplified|1195|31247,OBSTRN,partial,ordinary_s57,harness_only_partial,109-s52-harness-and-standalone-proof,FOULGND1,only remaining degraded reason is missing repository-owned harness/reference evidence,31247,1195,Point,Simplified,s52_point_obstrn_simplified_rcid_31247,scene_harness_not_covered
OBSTRN|Point|Simplified|1196|31248,OBSTRN,partial,ordinary_s57,manual_overlay_residual,107-s52-manual-overlay-asset-pack,FLTHAZ02,FLTHAZ02 is already identified as a manual-overlay residual in the Phase 6D plan,31248,1196,Point,Simplified,s52_point_obstrn_simplified_rcid_31248,compiler_missing_point_asset:FLTHAZ02;scene_harness_not_covered
OBSTRN|Point|Simplified|1197|31249,OBSTRN,partial,ordinary_s57,harness_only_partial,109-s52-harness-and-standalone-proof,ACHARE02,only remaining degraded reason is missing repository-owned harness/reference evidence,31249,1197,Point,Simplified,s52_point_obstrn_simplified_rcid_31249,scene_harness_not_covered
OBSTRN|Point|Simplified|1198|31250,OBSTRN,partial,ordinary_s57,manual_overlay_residual,107-s52-manual-overlay-asset-pack,FLTHAZ02,FLTHAZ02 is already identified as a manual-overlay residual in the Phase 6D plan,31250,1198,Point,Simplified,s52_point_obstrn_simplified_rcid_31250,compiler_missing_point_asset:FLTHAZ02;scene_harness_not_covered
OBSTRN|Point|Simplified|1199|31251,OBSTRN,partial,ordinary_s57,harness_only_partial,109-s52-harness-and-standalone-proof,OBSTRN04,only remaining degraded reason is missing repository-owned harness/reference evidence,31251,1199,Point,Simplified,s52_point_obstrn_simplified_rcid_31251,scene_harness_not_covered
OFSPLF|Area|Plain|128|32164,OFSPLF,partial,ordinary_s57,harness_only_partial,109-s52-harness-and-standalone-proof,LS_SOLD_4_CSTLN,only remaining degraded reason is missing repository-owned harness/reference evidence,32164,128,Area,Plain,s52_area_ofsplf_plain_rcid_32164,scene_harness_not_covered
OFSPLF|Area|Symbolized|470|32505,OFSPLF,partial,ordinary_s57,harness_only_partial,109-s52-harness-and-standalone-proof,LS_SOLD_4_CSTLN,only remaining degraded reason is missing repository-owned harness/reference evidence,32505,470,Area,Symbolized,s52_area_ofsplf_symbolized_rcid_32505,scene_harness_not_covered
OFSPLF|Point|Paper|2318|30475,OFSPLF,partial,ordinary_s57,harness_only_partial,109-s52-harness-and-standalone-proof,OFSPLF01,only remaining degraded reason is missing repository-owned harness/reference evidence,30475,2318,Point,Paper,s52_point_ofsplf_paper_rcid_30475,scene_harness_not_covered
OFSPLF|Point|Simplified|1200|31252,OFSPLF,partial,ordinary_s57,harness_only_partial,109-s52-harness-and-standalone-proof,OFSPLF01,only remaining degraded reason is missing repository-owned harness/reference evidence,31252,1200,Point,Simplified,s52_point_ofsplf_simplified_rcid_31252,scene_harness_not_covered
OILBAR|Line|Lines|781|31857,OILBAR,partial,ordinary_s57,harness_only_partial,109-s52-harness-and-standalone-proof,LS_DASH_1_CHBLK,only remaining degraded reason is missing repository-owned harness/reference evidence,31857,781,Line,Lines,s52_line_oilbar_lines_rcid_31857,scene_harness_not_covered
OSPARE|Area|Plain|129|32165,OSPARE,partial,ordinary_s57,harness_only_partial,109-s52-harness-and-standalone-proof,CTYARE51,only remaining degraded reason is missing repository-owned harness/reference evidence,32165,129,Area,Plain,s52_area_ospare_plain_rcid_32165,scene_harness_not_covered
OSPARE|Area|Symbolized|471|32506,OSPARE,partial,ordinary_s57,harness_only_partial,109-s52-harness-and-standalone-proof,CTYARE51,only remaining degraded reason is missing repository-owned harness/reference evidence,32506,471,Area,Symbolized,s52_area_ospare_symbolized_rcid_32506,scene_harness_not_covered
PILBOP|Area|Plain|130|32166,PILBOP,partial,ordinary_s57,harness_only_partial,109-s52-harness-and-standalone-proof,PILBOP02,only remaining degraded reason is missing repository-owned harness/reference evidence,32166,130,Area,Plain,s52_area_pilbop_plain_rcid_32166,scene_harness_not_covered
PILBOP|Area|Symbolized|472|32507,PILBOP,partial,ordinary_s57,harness_only_partial,109-s52-harness-and-standalone-proof,PILBOP02,only remaining degraded reason is missing repository-owned harness/reference evidence,32507,472,Area,Symbolized,s52_area_pilbop_symbolized_rcid_32507,scene_harness_not_covered
PILBOP|Point|Paper|2319|30476,PILBOP,partial,ordinary_s57,harness_only_partial,109-s52-harness-and-standalone-proof,PILBOP02,only remaining degraded reason is missing repository-owned harness/reference evidence,30476,2319,Point,Paper,s52_point_pilbop_paper_rcid_30476,scene_harness_not_covered
PILBOP|Point|Simplified|1201|31253,PILBOP,partial,ordinary_s57,harness_only_partial,109-s52-harness-and-standalone-proof,PILBOP02,only remaining degraded reason is missing repository-owned harness/reference evidence,31253,1201,Point,Simplified,s52_point_pilbop_simplified_rcid_31253,scene_harness_not_covered
PILPNT|Point|Paper|2320|30477,PILPNT,partial,ordinary_s57,harness_only_partial,109-s52-harness-and-standalone-proof,PILPNT02,only remaining degraded reason is missing repository-owned harness/reference evidence,30477,2320,Point,Paper,s52_point_pilpnt_paper_rcid_30477,scene_harness_not_covered
PILPNT|Point|Simplified|1202|31254,PILPNT,partial,ordinary_s57,harness_only_partial,109-s52-harness-and-standalone-proof,PILPNT02,only remaining degraded reason is missing repository-owned harness/reference evidence,31254,1202,Point,Simplified,s52_point_pilpnt_simplified_rcid_31254,scene_harness_not_covered
PIPARE|Area|Plain|131|32167,PIPARE,partial,ordinary_s57,harness_only_partial,109-s52-harness-and-standalone-proof,INFARE51,only remaining degraded reason is missing repository-owned harness/reference evidence,32167,131,Area,Plain,s52_area_pipare_plain_rcid_32167,scene_harness_not_covered
PIPARE|Area|Plain|132|32168,PIPARE,partial,ordinary_s57,harness_only_partial,109-s52-harness-and-standalone-proof,INFARE51,only remaining degraded reason is missing repository-owned harness/reference evidence,32168,132,Area,Plain,s52_area_pipare_plain_rcid_32168,scene_harness_not_covered
PIPARE|Area|Plain|133|32169,PIPARE,partial,ordinary_s57,harness_only_partial,109-s52-harness-and-standalone-proof,INFARE51,only remaining degraded reason is missing repository-owned harness/reference evidence,32169,133,Area,Plain,s52_area_pipare_plain_rcid_32169,scene_harness_not_covered
PIPARE|Area|Plain|134|32170,PIPARE,partial,ordinary_s57,harness_only_partial,109-s52-harness-and-standalone-proof,INFARE51,only remaining degraded reason is missing repository-owned harness/reference evidence,32170,134,Area,Plain,s52_area_pipare_plain_rcid_32170,scene_harness_not_covered
PIPARE|Area|Symbolized|473|32508,PIPARE,partial,ordinary_s57,harness_only_partial,109-s52-harness-and-standalone-proof,INFARE51,only remaining degraded reason is missing repository-owned harness/reference evidence,32508,473,Area,Symbolized,s52_area_pipare_symbolized_rcid_32508,scene_harness_not_covered
PIPARE|Area|Symbolized|474|32509,PIPARE,partial,ordinary_s57,harness_only_partial,109-s52-harness-and-standalone-proof,INFARE51,only remaining degraded reason is missing repository-owned harness/reference evidence,32509,474,Area,Symbolized,s52_area_pipare_symbolized_rcid_32509,scene_harness_not_covered
PIPARE|Area|Symbolized|475|32510,PIPARE,partial,ordinary_s57,harness_only_partial,109-s52-harness-and-standalone-proof,INFARE51,only remaining degraded reason is missing repository-owned harness/reference evidence,32510,475,Area,Symbolized,s52_area_pipare_symbolized_rcid_32510,scene_harness_not_covered
PIPARE|Area|Symbolized|476|32511,PIPARE,partial,ordinary_s57,harness_only_partial,109-s52-harness-and-standalone-proof,INFARE51,only remaining degraded reason is missing repository-owned harness/reference evidence,32511,476,Area,Symbolized,s52_area_pipare_symbolized_rcid_32511,scene_harness_not_covered
PIPARE|Point|Paper|2321|30478,PIPARE,partial,ordinary_s57,harness_only_partial,109-s52-harness-and-standalone-proof,CHINFO07,only remaining degraded reason is missing repository-owned harness/reference evidence,30478,2321,Point,Paper,s52_point_pipare_paper_rcid_30478,scene_harness_not_covered
PIPARE|Point|Simplified|1203|31255,PIPARE,partial,ordinary_s57,harness_only_partial,109-s52-harness-and-standalone-proof,CHINFO07,only remaining degraded reason is missing repository-owned harness/reference evidence,31255,1203,Point,Simplified,s52_point_pipare_simplified_rcid_31255,scene_harness_not_covered
PIPOHD|Line|Lines|782|31858,PIPOHD,partial,ordinary_s57,harness_only_partial,109-s52-harness-and-standalone-proof,RACNSP01,only remaining degraded reason is missing repository-owned harness/reference evidence,31858,782,Line,Lines,s52_line_pipohd_lines_rcid_31858,scene_harness_not_covered
PIPOHD|Line|Lines|783|31859,PIPOHD,partial,ordinary_s57,harness_only_partial,109-s52-harness-and-standalone-proof,RACNSP01,only remaining degraded reason is missing repository-owned harness/reference evidence,31859,783,Line,Lines,s52_line_pipohd_lines_rcid_31859,scene_harness_not_covered
PIPOHD|Line|Lines|784|31860,PIPOHD,partial,ordinary_s57,harness_only_partial,109-s52-harness-and-standalone-proof,LS_SOLD_3_CHGRD,only remaining degraded reason is missing repository-owned harness/reference evidence,31860,784,Line,Lines,s52_line_pipohd_lines_rcid_31860,scene_harness_not_covered
PIPSOL|Line|Lines|785|31861,PIPSOL,partial,ordinary_s57,harness_only_partial,109-s52-harness-and-standalone-proof,PIPSOL06,only remaining degraded reason is missing repository-owned harness/reference evidence,31861,785,Line,Lines,s52_line_pipsol_lines_rcid_31861,scene_harness_not_covered
PIPSOL|Line|Lines|786|31862,PIPSOL,partial,ordinary_s57,harness_only_partial,109-s52-harness-and-standalone-proof,PIPSOL06,only remaining degraded reason is missing repository-owned harness/reference evidence,31862,786,Line,Lines,s52_line_pipsol_lines_rcid_31862,scene_harness_not_covered
PIPSOL|Line|Lines|787|31863,PIPSOL,partial,ordinary_s57,harness_only_partial,109-s52-harness-and-standalone-proof,PIPSOL06,only remaining degraded reason is missing repository-owned harness/reference evidence,31863,787,Line,Lines,s52_line_pipsol_lines_rcid_31863,scene_harness_not_covered
PIPSOL|Line|Lines|788|31864,PIPSOL,partial,ordinary_s57,harness_only_partial,109-s52-harness-and-standalone-proof,PIPSOL06,only remaining degraded reason is missing repository-owned harness/reference evidence,31864,788,Line,Lines,s52_line_pipsol_lines_rcid_31864,scene_harness_not_covered
PIPSOL|Line|Lines|789|31865,PIPSOL,partial,ordinary_s57,harness_only_partial,109-s52-harness-and-standalone-proof,PIPSOL06,only remaining degraded reason is missing repository-owned harness/reference evidence,31865,789,Line,Lines,s52_line_pipsol_lines_rcid_31865,scene_harness_not_covered
PIPSOL|Point|Paper|2322|30479,PIPSOL,partial,ordinary_s57,harness_only_partial,109-s52-harness-and-standalone-proof,s52_point_pipsol_paper_rcid_30479,only remaining degraded reason is missing repository-owned harness/reference evidence,30479,2322,Point,Paper,s52_point_pipsol_paper_rcid_30479,scene_harness_not_covered
PIPSOL|Point|Simplified|1204|31256,PIPSOL,partial,ordinary_s57,harness_only_partial,109-s52-harness-and-standalone-proof,s52_point_pipsol_simplified_rcid_31256,only remaining degraded reason is missing repository-owned harness/reference evidence,31256,1204,Point,Simplified,s52_point_pipsol_simplified_rcid_31256,scene_harness_not_covered
PONTON|Area|Plain|135|32171,PONTON,partial,ordinary_s57,harness_only_partial,109-s52-harness-and-standalone-proof,LS_SOLD_2_CSTLN,only remaining degraded reason is missing repository-owned harness/reference evidence,32171,135,Area,Plain,s52_area_ponton_plain_rcid_32171,scene_harness_not_covered
PONTON|Area|Symbolized|477|32512,PONTON,partial,ordinary_s57,harness_only_partial,109-s52-harness-and-standalone-proof,LS_SOLD_2_CSTLN,only remaining degraded reason is missing repository-owned harness/reference evidence,32512,477,Area,Symbolized,s52_area_ponton_symbolized_rcid_32512,scene_harness_not_covered
PONTON|Line|Lines|791|31867,PONTON,partial,ordinary_s57,harness_only_partial,109-s52-harness-and-standalone-proof,LS_SOLD_2_CSTLN,only remaining degraded reason is missing repository-owned harness/reference evidence,31867,791,Line,Lines,s52_line_ponton_lines_rcid_31867,scene_harness_not_covered
PRCARE|Area|Plain|136|32172,PRCARE,partial,ordinary_s57,harness_only_partial,109-s52-harness-and-standalone-proof,PRCARE51,only remaining degraded reason is missing repository-owned harness/reference evidence,32172,136,Area,Plain,s52_area_prcare_plain_rcid_32172,scene_harness_not_covered
PRCARE|Area|Symbolized|478|32513,PRCARE,partial,ordinary_s57,harness_only_partial,109-s52-harness-and-standalone-proof,PRCARE51,only remaining degraded reason is missing repository-owned harness/reference evidence,32513,478,Area,Symbolized,s52_area_prcare_symbolized_rcid_32513,scene_harness_not_covered
PRCARE|Point|Paper|2323|30480,PRCARE,partial,ordinary_s57,harness_only_partial,109-s52-harness-and-standalone-proof,PRCARE12,only remaining degraded reason is missing repository-owned harness/reference evidence,30480,2323,Point,Paper,s52_point_prcare_paper_rcid_30480,scene_harness_not_covered
PRCARE|Point|Simplified|1205|31257,PRCARE,partial,ordinary_s57,harness_only_partial,109-s52-harness-and-standalone-proof,PRCARE12,only remaining degraded reason is missing repository-owned harness/reference evidence,31257,1205,Point,Simplified,s52_point_prcare_simplified_rcid_31257,scene_harness_not_covered
PRDARE|Area|Plain|137|32173,PRDARE,partial,ordinary_s57,harness_only_partial,109-s52-harness-and-standalone-proof,RFNERY11,only remaining degraded reason is missing repository-owned harness/reference evidence,32173,137,Area,Plain,s52_area_prdare_plain_rcid_32173,scene_harness_not_covered
PRDARE|Area|Plain|138|32174,PRDARE,partial,ordinary_s57,harness_only_partial,109-s52-harness-and-standalone-proof,TNKFRM11,only remaining degraded reason is missing repository-owned harness/reference evidence,32174,138,Area,Plain,s52_area_prdare_plain_rcid_32174,scene_harness_not_covered
PRDARE|Area|Plain|139|32175,PRDARE,partial,ordinary_s57,harness_only_partial,109-s52-harness-and-standalone-proof,WNDFRM61,only remaining degraded reason is missing repository-owned harness/reference evidence,32175,139,Area,Plain,s52_area_prdare_plain_rcid_32175,scene_harness_not_covered
PRDARE|Area|Plain|140|32176,PRDARE,partial,ordinary_s57,harness_only_partial,109-s52-harness-and-standalone-proof,QUARRY01,only remaining degraded reason is missing repository-owned harness/reference evidence,32176,140,Area,Plain,s52_area_prdare_plain_rcid_32176,scene_harness_not_covered
PRDARE|Area|Plain|141|32177,PRDARE,partial,ordinary_s57,harness_only_partial,109-s52-harness-and-standalone-proof,RFNERY01,only remaining degraded reason is missing repository-owned harness/reference evidence,32177,141,Area,Plain,s52_area_prdare_plain_rcid_32177,scene_harness_not_covered
PRDARE|Area|Plain|142|32178,PRDARE,partial,ordinary_s57,harness_only_partial,109-s52-harness-and-standalone-proof,TMBYRD01,only remaining degraded reason is missing repository-owned harness/reference evidence,32178,142,Area,Plain,s52_area_prdare_plain_rcid_32178,scene_harness_not_covered
PRDARE|Area|Plain|143|32179,PRDARE,partial,ordinary_s57,harness_only_partial,109-s52-harness-and-standalone-proof,TNKFRM01,only remaining degraded reason is missing repository-owned harness/reference evidence,32179,143,Area,Plain,s52_area_prdare_plain_rcid_32179,scene_harness_not_covered
PRDARE|Area|Plain|144|32180,PRDARE,partial,ordinary_s57,harness_only_partial,109-s52-harness-and-standalone-proof,WNDFRM51,only remaining degraded reason is missing repository-owned harness/reference evidence,32180,144,Area,Plain,s52_area_prdare_plain_rcid_32180,scene_harness_not_covered
PRDARE|Area|Plain|145|32181,PRDARE,partial,ordinary_s57,harness_only_partial,109-s52-harness-and-standalone-proof,LS_DASH_1_LANDF,only remaining degraded reason is missing repository-owned harness/reference evidence,32181,145,Area,Plain,s52_area_prdare_plain_rcid_32181,scene_harness_not_covered
PRDARE|Area|Symbolized|479|32514,PRDARE,partial,ordinary_s57,harness_only_partial,109-s52-harness-and-standalone-proof,RFNERY11,only remaining degraded reason is missing repository-owned harness/reference evidence,32514,479,Area,Symbolized,s52_area_prdare_symbolized_rcid_32514,scene_harness_not_covered
PRDARE|Area|Symbolized|480|32515,PRDARE,partial,ordinary_s57,harness_only_partial,109-s52-harness-and-standalone-proof,TNKFRM11,only remaining degraded reason is missing repository-owned harness/reference evidence,32515,480,Area,Symbolized,s52_area_prdare_symbolized_rcid_32515,scene_harness_not_covered
PRDARE|Area|Symbolized|481|32516,PRDARE,partial,ordinary_s57,harness_only_partial,109-s52-harness-and-standalone-proof,WNDFRM61,only remaining degraded reason is missing repository-owned harness/reference evidence,32516,481,Area,Symbolized,s52_area_prdare_symbolized_rcid_32516,scene_harness_not_covered
PRDARE|Area|Symbolized|482|32517,PRDARE,partial,ordinary_s57,harness_only_partial,109-s52-harness-and-standalone-proof,QUARRY01,only remaining degraded reason is missing repository-owned harness/reference evidence,32517,482,Area,Symbolized,s52_area_prdare_symbolized_rcid_32517,scene_harness_not_covered
PRDARE|Area|Symbolized|483|32518,PRDARE,partial,ordinary_s57,harness_only_partial,109-s52-harness-and-standalone-proof,RFNERY01,only remaining degraded reason is missing repository-owned harness/reference evidence,32518,483,Area,Symbolized,s52_area_prdare_symbolized_rcid_32518,scene_harness_not_covered
PRDARE|Area|Symbolized|484|32519,PRDARE,partial,ordinary_s57,harness_only_partial,109-s52-harness-and-standalone-proof,TMBYRD01,only remaining degraded reason is missing repository-owned harness/reference evidence,32519,484,Area,Symbolized,s52_area_prdare_symbolized_rcid_32519,scene_harness_not_covered
PRDARE|Area|Symbolized|485|32520,PRDARE,partial,ordinary_s57,harness_only_partial,109-s52-harness-and-standalone-proof,TNKFRM01,only remaining degraded reason is missing repository-owned harness/reference evidence,32520,485,Area,Symbolized,s52_area_prdare_symbolized_rcid_32520,scene_harness_not_covered
PRDARE|Area|Symbolized|486|32521,PRDARE,partial,ordinary_s57,harness_only_partial,109-s52-harness-and-standalone-proof,WNDFRM51,only remaining degraded reason is missing repository-owned harness/reference evidence,32521,486,Area,Symbolized,s52_area_prdare_symbolized_rcid_32521,scene_harness_not_covered
PRDARE|Area|Symbolized|487|32522,PRDARE,partial,ordinary_s57,harness_only_partial,109-s52-harness-and-standalone-proof,LS_DASH_1_LANDF,only remaining degraded reason is missing repository-owned harness/reference evidence,32522,487,Area,Symbolized,s52_area_prdare_symbolized_rcid_32522,scene_harness_not_covered
PRDARE|Point|Paper|2324|30481,PRDARE,partial,ordinary_s57,harness_only_partial,109-s52-harness-and-standalone-proof,FLASTK11,only remaining degraded reason is missing repository-owned harness/reference evidence,30481,2324,Point,Paper,s52_point_prdare_paper_rcid_30481,scene_harness_not_covered
PRDARE|Point|Paper|2325|30482,PRDARE,partial,ordinary_s57,harness_only_partial,109-s52-harness-and-standalone-proof,TNKCON12,only remaining degraded reason is missing repository-owned harness/reference evidence,30482,2325,Point,Paper,s52_point_prdare_paper_rcid_30482,scene_harness_not_covered
PRDARE|Point|Paper|2326|30483,PRDARE,partial,ordinary_s57,harness_only_partial,109-s52-harness-and-standalone-proof,WIMCON11,only remaining degraded reason is missing repository-owned harness/reference evidence,30483,2326,Point,Paper,s52_point_prdare_paper_rcid_30483,scene_harness_not_covered
PRDARE|Point|Paper|2327|30484,PRDARE,partial,ordinary_s57,harness_only_partial,109-s52-harness-and-standalone-proof,PRDINS02,only remaining degraded reason is missing repository-owned harness/reference evidence,30484,2327,Point,Paper,s52_point_prdare_paper_rcid_30484,scene_harness_not_covered
PRDARE|Point|Paper|2328|30485,PRDARE,partial,ordinary_s57,harness_only_partial,109-s52-harness-and-standalone-proof,PRDINS02,only remaining degraded reason is missing repository-owned harness/reference evidence,30485,2328,Point,Paper,s52_point_prdare_paper_rcid_30485,scene_harness_not_covered
PRDARE|Point|Paper|2329|30486,PRDARE,partial,ordinary_s57,harness_only_partial,109-s52-harness-and-standalone-proof,PRDINS02,only remaining degraded reason is missing repository-owned harness/reference evidence,30486,2329,Point,Paper,s52_point_prdare_paper_rcid_30486,scene_harness_not_covered
PRDARE|Point|Paper|2330|30487,PRDARE,partial,ordinary_s57,harness_only_partial,109-s52-harness-and-standalone-proof,PRDINS02,only remaining degraded reason is missing repository-owned harness/reference evidence,30487,2330,Point,Paper,s52_point_prdare_paper_rcid_30487,scene_harness_not_covered
PRDARE|Point|Paper|2331|30488,PRDARE,partial,ordinary_s57,harness_only_partial,109-s52-harness-and-standalone-proof,PRDINS02,only remaining degraded reason is missing repository-owned harness/reference evidence,30488,2331,Point,Paper,s52_point_prdare_paper_rcid_30488,scene_harness_not_covered
PRDARE|Point|Paper|2332|30489,PRDARE,partial,ordinary_s57,harness_only_partial,109-s52-harness-and-standalone-proof,FLASTK01,only remaining degraded reason is missing repository-owned harness/reference evidence,30489,2332,Point,Paper,s52_point_prdare_paper_rcid_30489,scene_harness_not_covered
PRDARE|Point|Paper|2333|30490,PRDARE,partial,ordinary_s57,harness_only_partial,109-s52-harness-and-standalone-proof,TMBYRD01,only remaining degraded reason is missing repository-owned harness/reference evidence,30490,2333,Point,Paper,s52_point_prdare_paper_rcid_30490,scene_harness_not_covered
PRDARE|Point|Paper|2334|30491,PRDARE,partial,ordinary_s57,harness_only_partial,109-s52-harness-and-standalone-proof,PRDINS02,only remaining degraded reason is missing repository-owned harness/reference evidence,30491,2334,Point,Paper,s52_point_prdare_paper_rcid_30491,scene_harness_not_covered
PRDARE|Point|Paper|2335|30492,PRDARE,partial,ordinary_s57,harness_only_partial,109-s52-harness-and-standalone-proof,TNKCON02,only remaining degraded reason is missing repository-owned harness/reference evidence,30492,2335,Point,Paper,s52_point_prdare_paper_rcid_30492,scene_harness_not_covered
PRDARE|Point|Paper|2336|30493,PRDARE,partial,ordinary_s57,harness_only_partial,109-s52-harness-and-standalone-proof,WIMCON01,only remaining degraded reason is missing repository-owned harness/reference evidence,30493,2336,Point,Paper,s52_point_prdare_paper_rcid_30493,scene_harness_not_covered
PRDARE|Point|Paper|2337|30494,PRDARE,partial,ordinary_s57,harness_only_partial,109-s52-harness-and-standalone-proof,s52_point_prdare_paper_rcid_30494,only remaining degraded reason is missing repository-owned harness/reference evidence,30494,2337,Point,Paper,s52_point_prdare_paper_rcid_30494,scene_harness_not_covered
PRDARE|Point|Simplified|1206|31258,PRDARE,partial,ordinary_s57,harness_only_partial,109-s52-harness-and-standalone-proof,FLASTK11,only remaining degraded reason is missing repository-owned harness/reference evidence,31258,1206,Point,Simplified,s52_point_prdare_simplified_rcid_31258,scene_harness_not_covered
PRDARE|Point|Simplified|1207|31259,PRDARE,partial,ordinary_s57,harness_only_partial,109-s52-harness-and-standalone-proof,TNKCON12,only remaining degraded reason is missing repository-owned harness/reference evidence,31259,1207,Point,Simplified,s52_point_prdare_simplified_rcid_31259,scene_harness_not_covered
PRDARE|Point|Simplified|1208|31260,PRDARE,partial,ordinary_s57,harness_only_partial,109-s52-harness-and-standalone-proof,WIMCON11,only remaining degraded reason is missing repository-owned harness/reference evidence,31260,1208,Point,Simplified,s52_point_prdare_simplified_rcid_31260,scene_harness_not_covered
PRDARE|Point|Simplified|1209|31261,PRDARE,partial,ordinary_s57,harness_only_partial,109-s52-harness-and-standalone-proof,PRDINS02,only remaining degraded reason is missing repository-owned harness/reference evidence,31261,1209,Point,Simplified,s52_point_prdare_simplified_rcid_31261,scene_harness_not_covered
PRDARE|Point|Simplified|1210|31262,PRDARE,partial,ordinary_s57,harness_only_partial,109-s52-harness-and-standalone-proof,PRDINS02,only remaining degraded reason is missing repository-owned harness/reference evidence,31262,1210,Point,Simplified,s52_point_prdare_simplified_rcid_31262,scene_harness_not_covered
PRDARE|Point|Simplified|1211|31263,PRDARE,partial,ordinary_s57,harness_only_partial,109-s52-harness-and-standalone-proof,PRDINS02,only remaining degraded reason is missing repository-owned harness/reference evidence,31263,1211,Point,Simplified,s52_point_prdare_simplified_rcid_31263,scene_harness_not_covered
PRDARE|Point|Simplified|1212|31264,PRDARE,partial,ordinary_s57,harness_only_partial,109-s52-harness-and-standalone-proof,PRDINS02,only remaining degraded reason is missing repository-owned harness/reference evidence,31264,1212,Point,Simplified,s52_point_prdare_simplified_rcid_31264,scene_harness_not_covered
PRDARE|Point|Simplified|1213|31265,PRDARE,partial,ordinary_s57,harness_only_partial,109-s52-harness-and-standalone-proof,PRDINS02,only remaining degraded reason is missing repository-owned harness/reference evidence,31265,1213,Point,Simplified,s52_point_prdare_simplified_rcid_31265,scene_harness_not_covered
PRDARE|Point|Simplified|1214|31266,PRDARE,partial,ordinary_s57,harness_only_partial,109-s52-harness-and-standalone-proof,FLASTK01,only remaining degraded reason is missing repository-owned harness/reference evidence,31266,1214,Point,Simplified,s52_point_prdare_simplified_rcid_31266,scene_harness_not_covered
PRDARE|Point|Simplified|1215|31267,PRDARE,partial,ordinary_s57,harness_only_partial,109-s52-harness-and-standalone-proof,TMBYRD01,only remaining degraded reason is missing repository-owned harness/reference evidence,31267,1215,Point,Simplified,s52_point_prdare_simplified_rcid_31267,scene_harness_not_covered
PRDARE|Point|Simplified|1216|31268,PRDARE,partial,ordinary_s57,harness_only_partial,109-s52-harness-and-standalone-proof,PRDINS02,only remaining degraded reason is missing repository-owned harness/reference evidence,31268,1216,Point,Simplified,s52_point_prdare_simplified_rcid_31268,scene_harness_not_covered
PRDARE|Point|Simplified|1217|31269,PRDARE,partial,ordinary_s57,harness_only_partial,109-s52-harness-and-standalone-proof,TNKCON02,only remaining degraded reason is missing repository-owned harness/reference evidence,31269,1217,Point,Simplified,s52_point_prdare_simplified_rcid_31269,scene_harness_not_covered
PRDARE|Point|Simplified|1218|31270,PRDARE,partial,ordinary_s57,harness_only_partial,109-s52-harness-and-standalone-proof,WIMCON01,only remaining degraded reason is missing repository-owned harness/reference evidence,31270,1218,Point,Simplified,s52_point_prdare_simplified_rcid_31270,scene_harness_not_covered
PRDARE|Point|Simplified|1219|31271,PRDARE,partial,ordinary_s57,harness_only_partial,109-s52-harness-and-standalone-proof,s52_point_prdare_simplified_rcid_31271,only remaining degraded reason is missing repository-owned harness/reference evidence,31271,1219,Point,Simplified,s52_point_prdare_simplified_rcid_31271,scene_harness_not_covered
PYLONS|Area|Plain|146|32182,PYLONS,partial,ordinary_s57,harness_only_partial,109-s52-harness-and-standalone-proof,LS_SOLD_2_CSTLN,only remaining degraded reason is missing repository-owned harness/reference evidence,32182,146,Area,Plain,s52_area_pylons_plain_rcid_32182,scene_harness_not_covered
PYLONS|Area|Symbolized|488|32523,PYLONS,partial,ordinary_s57,harness_only_partial,109-s52-harness-and-standalone-proof,LS_SOLD_2_CSTLN,only remaining degraded reason is missing repository-owned harness/reference evidence,32523,488,Area,Symbolized,s52_area_pylons_symbolized_rcid_32523,scene_harness_not_covered
PYLONS|Point|Paper|2338|30495,PYLONS,partial,ordinary_s57,harness_only_partial,109-s52-harness-and-standalone-proof,POSGEN03,only remaining degraded reason is missing repository-owned harness/reference evidence,30495,2338,Point,Paper,s52_point_pylons_paper_rcid_30495,scene_harness_not_covered
PYLONS|Point|Simplified|1220|31272,PYLONS,partial,ordinary_s57,harness_only_partial,109-s52-harness-and-standalone-proof,POSGEN03,only remaining degraded reason is missing repository-owned harness/reference evidence,31272,1220,Point,Simplified,s52_point_pylons_simplified_rcid_31272,scene_harness_not_covered
RADLNE|Line|Lines|792|31868,RADLNE,partial,ordinary_s57,harness_only_partial,109-s52-harness-and-standalone-proof,LS_DASH_2_TRFCD,only remaining degraded reason is missing repository-owned harness/reference evidence,31868,792,Line,Lines,s52_line_radlne_lines_rcid_31868,scene_harness_not_covered
RADRFL|Point|Paper|2339|30496,RADRFL,partial,ordinary_s57,harness_only_partial,109-s52-harness-and-standalone-proof,RADRFL03,only remaining degraded reason is missing repository-owned harness/reference evidence,30496,2339,Point,Paper,s52_point_radrfl_paper_rcid_30496,scene_harness_not_covered
RADRFL|Point|Simplified|1221|31273,RADRFL,partial,ordinary_s57,harness_only_partial,109-s52-harness-and-standalone-proof,RADRFL03,only remaining degraded reason is missing repository-owned harness/reference evidence,31273,1221,Point,Simplified,s52_point_radrfl_simplified_rcid_31273,scene_harness_not_covered
RADRNG|Area|Plain|147|32183,RADRNG,partial,ordinary_s57,harness_only_partial,109-s52-harness-and-standalone-proof,LS_DASH_1_TRFCF,only remaining degraded reason is missing repository-owned harness/reference evidence,32183,147,Area,Plain,s52_area_radrng_plain_rcid_32183,scene_harness_not_covered
RADRNG|Area|Symbolized|489|32524,RADRNG,partial,ordinary_s57,harness_only_partial,109-s52-harness-and-standalone-proof,LS_DASH_1_TRFCF,only remaining degraded reason is missing repository-owned harness/reference evidence,32524,489,Area,Symbolized,s52_area_radrng_symbolized_rcid_32524,scene_harness_not_covered
RADSTA|Point|Paper|2340|30497,RADSTA,partial,ordinary_s57,harness_only_partial,109-s52-harness-and-standalone-proof,RDOSTA02,only remaining degraded reason is missing repository-owned harness/reference evidence,30497,2340,Point,Paper,s52_point_radsta_paper_rcid_30497,scene_harness_not_covered
RADSTA|Point|Paper|2341|30498,RADSTA,partial,ordinary_s57,harness_only_partial,109-s52-harness-and-standalone-proof,POSGEN01,only remaining degraded reason is missing repository-owned harness/reference evidence,30498,2341,Point,Paper,s52_point_radsta_paper_rcid_30498,scene_harness_not_covered
RADSTA|Point|Simplified|1222|31274,RADSTA,partial,ordinary_s57,harness_only_partial,109-s52-harness-and-standalone-proof,RDOSTA02,only remaining degraded reason is missing repository-owned harness/reference evidence,31274,1222,Point,Simplified,s52_point_radsta_simplified_rcid_31274,scene_harness_not_covered
RADSTA|Point|Simplified|1223|31275,RADSTA,partial,ordinary_s57,harness_only_partial,109-s52-harness-and-standalone-proof,POSGEN01,only remaining degraded reason is missing repository-owned harness/reference evidence,31275,1223,Point,Simplified,s52_point_radsta_simplified_rcid_31275,scene_harness_not_covered
RAILWY|Line|Lines|793|31869,RAILWY,partial,ordinary_s57,harness_only_partial,109-s52-harness-and-standalone-proof,LS_SOLD_2_LANDF,only remaining degraded reason is missing repository-owned harness/reference evidence,31869,793,Line,Lines,s52_line_railwy_lines_rcid_31869,scene_harness_not_covered
RAPIDS|Area|Plain|148|32184,RAPIDS,partial,ordinary_s57,harness_only_partial,109-s52-harness-and-standalone-proof,s52_area_rapids_plain_rcid_32184,only remaining degraded reason is missing repository-owned harness/reference evidence,32184,148,Area,Plain,s52_area_rapids_plain_rcid_32184,scene_harness_not_covered
RAPIDS|Area|Symbolized|490|32525,RAPIDS,partial,ordinary_s57,harness_only_partial,109-s52-harness-and-standalone-proof,s52_area_rapids_symbolized_rcid_32525,only remaining degraded reason is missing repository-owned harness/reference evidence,32525,490,Area,Symbolized,s52_area_rapids_symbolized_rcid_32525,scene_harness_not_covered
RAPIDS|Line|Lines|794|31870,RAPIDS,partial,ordinary_s57,harness_only_partial,109-s52-harness-and-standalone-proof,LS_SOLD_3_CHGRD,only remaining degraded reason is missing repository-owned harness/reference evidence,31870,794,Line,Lines,s52_line_rapids_lines_rcid_31870,scene_harness_not_covered
RAPIDS|Point|Paper|2342|30499,RAPIDS,partial,ordinary_s57,harness_only_partial,109-s52-harness-and-standalone-proof,s52_point_rapids_paper_rcid_30499,only remaining degraded reason is missing repository-owned harness/reference evidence,30499,2342,Point,Paper,s52_point_rapids_paper_rcid_30499,scene_harness_not_covered
RAPIDS|Point|Simplified|1224|31276,RAPIDS,partial,ordinary_s57,harness_only_partial,109-s52-harness-and-standalone-proof,s52_point_rapids_simplified_rcid_31276,only remaining degraded reason is missing repository-owned harness/reference evidence,31276,1224,Point,Simplified,s52_point_rapids_simplified_rcid_31276,scene_harness_not_covered
RCRTCL|Line|Lines|795|31871,RCRTCL,partial,ordinary_s57,harness_only_partial,109-s52-harness-and-standalone-proof,RCRTCL14,only remaining degraded reason is missing repository-owned harness/reference evidence,31871,795,Line,Lines,s52_line_rcrtcl_lines_rcid_31871,scene_harness_not_covered
RCRTCL|Line|Lines|796|31872,RCRTCL,partial,ordinary_s57,harness_only_partial,109-s52-harness-and-standalone-proof,RCRTCL14,only remaining degraded reason is missing repository-owned harness/reference evidence,31872,796,Line,Lines,s52_line_rcrtcl_lines_rcid_31872,scene_harness_not_covered
RCRTCL|Line|Lines|797|31873,RCRTCL,partial,ordinary_s57,harness_only_partial,109-s52-harness-and-standalone-proof,RCRTCL14,only remaining degraded reason is missing repository-owned harness/reference evidence,31873,797,Line,Lines,s52_line_rcrtcl_lines_rcid_31873,scene_harness_not_covered
RCRTCL|Line|Lines|798|31874,RCRTCL,partial,ordinary_s57,harness_only_partial,109-s52-harness-and-standalone-proof,RCRTCL13,only remaining degraded reason is missing repository-owned harness/reference evidence,31874,798,Line,Lines,s52_line_rcrtcl_lines_rcid_31874,scene_harness_not_covered
RCRTCL|Line|Lines|799|31875,RCRTCL,partial,ordinary_s57,harness_only_partial,109-s52-harness-and-standalone-proof,RCRTCL12,only remaining degraded reason is missing repository-owned harness/reference evidence,31875,799,Line,Lines,s52_line_rcrtcl_lines_rcid_31875,scene_harness_not_covered
RCRTCL|Line|Lines|800|31876,RCRTCL,partial,ordinary_s57,harness_only_partial,109-s52-harness-and-standalone-proof,RCRTCL12,only remaining degraded reason is missing repository-owned harness/reference evidence,31876,800,Line,Lines,s52_line_rcrtcl_lines_rcid_31876,scene_harness_not_covered
RCRTCL|Line|Lines|801|31877,RCRTCL,partial,ordinary_s57,harness_only_partial,109-s52-harness-and-standalone-proof,RCRTCL12,only remaining degraded reason is missing repository-owned harness/reference evidence,31877,801,Line,Lines,s52_line_rcrtcl_lines_rcid_31877,scene_harness_not_covered
RCRTCL|Line|Lines|802|31878,RCRTCL,partial,ordinary_s57,harness_only_partial,109-s52-harness-and-standalone-proof,RCRTCL11,only remaining degraded reason is missing repository-owned harness/reference evidence,31878,802,Line,Lines,s52_line_rcrtcl_lines_rcid_31878,scene_harness_not_covered
RCRTCL|Line|Lines|803|31879,RCRTCL,partial,ordinary_s57,harness_only_partial,109-s52-harness-and-standalone-proof,RCRTCL12,only remaining degraded reason is missing repository-owned harness/reference evidence,31879,803,Line,Lines,s52_line_rcrtcl_lines_rcid_31879,scene_harness_not_covered
RCRTCL|Line|Lines|804|31880,RCRTCL,partial,ordinary_s57,harness_only_partial,109-s52-harness-and-standalone-proof,RCRTCL12,only remaining degraded reason is missing repository-owned harness/reference evidence,31880,804,Line,Lines,s52_line_rcrtcl_lines_rcid_31880,scene_harness_not_covered
RCRTCL|Line|Lines|805|31881,RCRTCL,partial,ordinary_s57,harness_only_partial,109-s52-harness-and-standalone-proof,RCRTCL12,only remaining degraded reason is missing repository-owned harness/reference evidence,31881,805,Line,Lines,s52_line_rcrtcl_lines_rcid_31881,scene_harness_not_covered
RCRTCL|Line|Lines|806|31882,RCRTCL,partial,ordinary_s57,harness_only_partial,109-s52-harness-and-standalone-proof,RCRTCL11,only remaining degraded reason is missing repository-owned harness/reference evidence,31882,806,Line,Lines,s52_line_rcrtcl_lines_rcid_31882,scene_harness_not_covered
RCRTCL|Line|Lines|807|31883,RCRTCL,partial,ordinary_s57,harness_only_partial,109-s52-harness-and-standalone-proof,RCRDEF01,only remaining degraded reason is missing repository-owned harness/reference evidence,31883,807,Line,Lines,s52_line_rcrtcl_lines_rcid_31883,scene_harness_not_covered
RCTLPT|Area|Plain|149|32185,RCTLPT,partial,ordinary_s57,harness_only_partial,109-s52-harness-and-standalone-proof,RCTLPT52,only remaining degraded reason is missing repository-owned harness/reference evidence,32185,149,Area,Plain,s52_area_rctlpt_plain_rcid_32185,scene_harness_not_covered
RCTLPT|Area|Plain|150|32186,RCTLPT,partial,ordinary_s57,harness_only_partial,109-s52-harness-and-standalone-proof,RTLDEF51,only remaining degraded reason is missing repository-owned harness/reference evidence,32186,150,Area,Plain,s52_area_rctlpt_plain_rcid_32186,scene_harness_not_covered
RCTLPT|Area|Symbolized|491|32526,RCTLPT,partial,ordinary_s57,harness_only_partial,109-s52-harness-and-standalone-proof,RCTLPT52,only remaining degraded reason is missing repository-owned harness/reference evidence,32526,491,Area,Symbolized,s52_area_rctlpt_symbolized_rcid_32526,scene_harness_not_covered
RCTLPT|Area|Symbolized|492|32527,RCTLPT,partial,ordinary_s57,harness_only_partial,109-s52-harness-and-standalone-proof,RTLDEF51,only remaining degraded reason is missing repository-owned harness/reference evidence,32527,492,Area,Symbolized,s52_area_rctlpt_symbolized_rcid_32527,scene_harness_not_covered
RCTLPT|Point|Paper|2343|30500,RCTLPT,partial,ordinary_s57,harness_only_partial,109-s52-harness-and-standalone-proof,RCTLPT52,only remaining degraded reason is missing repository-owned harness/reference evidence,30500,2343,Point,Paper,s52_point_rctlpt_paper_rcid_30500,scene_harness_not_covered
RCTLPT|Point|Paper|2344|30501,RCTLPT,partial,ordinary_s57,harness_only_partial,109-s52-harness-and-standalone-proof,RTLDEF51,only remaining degraded reason is missing repository-owned harness/reference evidence,30501,2344,Point,Paper,s52_point_rctlpt_paper_rcid_30501,scene_harness_not_covered
RCTLPT|Point|Simplified|1225|31277,RCTLPT,partial,ordinary_s57,harness_only_partial,109-s52-harness-and-standalone-proof,RCTLPT52,only remaining degraded reason is missing repository-owned harness/reference evidence,31277,1225,Point,Simplified,s52_point_rctlpt_simplified_rcid_31277,scene_harness_not_covered
RCTLPT|Point|Simplified|1226|31278,RCTLPT,partial,ordinary_s57,harness_only_partial,109-s52-harness-and-standalone-proof,RTLDEF51,only remaining degraded reason is missing repository-owned harness/reference evidence,31278,1226,Point,Simplified,s52_point_rctlpt_simplified_rcid_31278,scene_harness_not_covered
RDOCAL|Line|Lines|808|31884,RDOCAL,partial,ordinary_s57,harness_only_partial,109-s52-harness-and-standalone-proof,RDOCAL02,only remaining degraded reason is missing repository-owned harness/reference evidence,31884,808,Line,Lines,s52_line_rdocal_lines_rcid_31884,scene_harness_not_covered
RDOCAL|Line|Lines|809|31885,RDOCAL,partial,ordinary_s57,harness_only_partial,109-s52-harness-and-standalone-proof,RDOCAL02,only remaining degraded reason is missing repository-owned harness/reference evidence,31885,809,Line,Lines,s52_line_rdocal_lines_rcid_31885,scene_harness_not_covered
RDOCAL|Line|Lines|810|31886,RDOCAL,partial,ordinary_s57,harness_only_partial,109-s52-harness-and-standalone-proof,RDOCAL02,only remaining degraded reason is missing repository-owned harness/reference evidence,31886,810,Line,Lines,s52_line_rdocal_lines_rcid_31886,scene_harness_not_covered
RDOCAL|Line|Lines|811|31887,RDOCAL,partial,ordinary_s57,harness_only_partial,109-s52-harness-and-standalone-proof,RDOCAL03,only remaining degraded reason is missing repository-owned harness/reference evidence,31887,811,Line,Lines,s52_line_rdocal_lines_rcid_31887,scene_harness_not_covered
RDOCAL|Line|Lines|812|31888,RDOCAL,partial,ordinary_s57,harness_only_partial,109-s52-harness-and-standalone-proof,RCLDEF01,only remaining degraded reason is missing repository-owned harness/reference evidence,31888,812,Line,Lines,s52_line_rdocal_lines_rcid_31888,scene_harness_not_covered
RDOCAL|Point|Paper|2345|30502,RDOCAL,partial,ordinary_s57,harness_only_partial,109-s52-harness-and-standalone-proof,RDOCAL02,only remaining degraded reason is missing repository-owned harness/reference evidence,30502,2345,Point,Paper,s52_point_rdocal_paper_rcid_30502,scene_harness_not_covered
RDOCAL|Point|Paper|2346|30503,RDOCAL,partial,ordinary_s57,harness_only_partial,109-s52-harness-and-standalone-proof,RDOCAL02,only remaining degraded reason is missing repository-owned harness/reference evidence,30503,2346,Point,Paper,s52_point_rdocal_paper_rcid_30503,scene_harness_not_covered
RDOCAL|Point|Paper|2347|30504,RDOCAL,partial,ordinary_s57,harness_only_partial,109-s52-harness-and-standalone-proof,RDOCAL02,only remaining degraded reason is missing repository-owned harness/reference evidence,30504,2347,Point,Paper,s52_point_rdocal_paper_rcid_30504,scene_harness_not_covered
RDOCAL|Point|Paper|2348|30505,RDOCAL,partial,ordinary_s57,harness_only_partial,109-s52-harness-and-standalone-proof,RDOCAL03,only remaining degraded reason is missing repository-owned harness/reference evidence,30505,2348,Point,Paper,s52_point_rdocal_paper_rcid_30505,scene_harness_not_covered
RDOCAL|Point|Simplified|1227|31279,RDOCAL,partial,ordinary_s57,harness_only_partial,109-s52-harness-and-standalone-proof,RDOCAL02,only remaining degraded reason is missing repository-owned harness/reference evidence,31279,1227,Point,Simplified,s52_point_rdocal_simplified_rcid_31279,scene_harness_not_covered
RDOCAL|Point|Simplified|1228|31280,RDOCAL,partial,ordinary_s57,harness_only_partial,109-s52-harness-and-standalone-proof,RDOCAL02,only remaining degraded reason is missing repository-owned harness/reference evidence,31280,1228,Point,Simplified,s52_point_rdocal_simplified_rcid_31280,scene_harness_not_covered
RDOCAL|Point|Simplified|1229|31281,RDOCAL,partial,ordinary_s57,harness_only_partial,109-s52-harness-and-standalone-proof,RDOCAL02,only remaining degraded reason is missing repository-owned harness/reference evidence,31281,1229,Point,Simplified,s52_point_rdocal_simplified_rcid_31281,scene_harness_not_covered
RDOCAL|Point|Simplified|1230|31282,RDOCAL,partial,ordinary_s57,harness_only_partial,109-s52-harness-and-standalone-proof,RDOCAL03,only remaining degraded reason is missing repository-owned harness/reference evidence,31282,1230,Point,Simplified,s52_point_rdocal_simplified_rcid_31282,scene_harness_not_covered
RDOCAL|Point|Simplified|1231|31283,RDOCAL,partial,ordinary_s57,harness_only_partial,109-s52-harness-and-standalone-proof,RCLDEF01,only remaining degraded reason is missing repository-owned harness/reference evidence,31283,1231,Point,Simplified,s52_point_rdocal_simplified_rcid_31283,scene_harness_not_covered
RDOSTA|Point|Paper|2350|30507,RDOSTA,partial,ordinary_s57,harness_only_partial,109-s52-harness-and-standalone-proof,RDOSTA02,only remaining degraded reason is missing repository-owned harness/reference evidence,30507,2350,Point,Paper,s52_point_rdosta_paper_rcid_30507,scene_harness_not_covered
RDOSTA|Point|Paper|2351|30508,RDOSTA,partial,ordinary_s57,harness_only_partial,109-s52-harness-and-standalone-proof,RDOSTA02,only remaining degraded reason is missing repository-owned harness/reference evidence,30508,2351,Point,Paper,s52_point_rdosta_paper_rcid_30508,scene_harness_not_covered
RDOSTA|Point|Simplified|1232|31284,RDOSTA,partial,ordinary_s57,parser_or_compiler_spillover,108-s52-all-lookuprow-closure,DGPS01DRFSTA01,asset id or family looks like spillover/malformed parser output rather than a clean symbol gap,31284,1232,Point,Simplified,s52_point_rdosta_simplified_rcid_31284,compiler_missing_point_asset:DGPS01DRFSTA01;scene_harness_not_covered
RDOSTA|Point|Simplified|1233|31285,RDOSTA,partial,ordinary_s57,harness_only_partial,109-s52-harness-and-standalone-proof,RDOSTA02,only remaining degraded reason is missing repository-owned harness/reference evidence,31285,1233,Point,Simplified,s52_point_rdosta_simplified_rcid_31285,scene_harness_not_covered
RECTRC|Area|Plain|151|32187,RECTRC,partial,ordinary_s57,harness_only_partial,109-s52-harness-and-standalone-proof,RECTRC58,only remaining degraded reason is missing repository-owned harness/reference evidence,32187,151,Area,Plain,s52_area_rectrc_plain_rcid_32187,scene_harness_not_covered
RECTRC|Area|Plain|152|32188,RECTRC,partial,ordinary_s57,harness_only_partial,109-s52-harness-and-standalone-proof,RECTRC58,only remaining degraded reason is missing repository-owned harness/reference evidence,32188,152,Area,Plain,s52_area_rectrc_plain_rcid_32188,scene_harness_not_covered
RECTRC|Area|Plain|153|32189,RECTRC,partial,ordinary_s57,harness_only_partial,109-s52-harness-and-standalone-proof,RECTRC58,only remaining degraded reason is missing repository-owned harness/reference evidence,32189,153,Area,Plain,s52_area_rectrc_plain_rcid_32189,scene_harness_not_covered
RECTRC|Area|Plain|154|32190,RECTRC,partial,ordinary_s57,harness_only_partial,109-s52-harness-and-standalone-proof,RECTRC56,only remaining degraded reason is missing repository-owned harness/reference evidence,32190,154,Area,Plain,s52_area_rectrc_plain_rcid_32190,scene_harness_not_covered
RECTRC|Area|Plain|155|32191,RECTRC,partial,ordinary_s57,harness_only_partial,109-s52-harness-and-standalone-proof,RECTRC57,only remaining degraded reason is missing repository-owned harness/reference evidence,32191,155,Area,Plain,s52_area_rectrc_plain_rcid_32191,scene_harness_not_covered
RECTRC|Area|Plain|156|32192,RECTRC,partial,ordinary_s57,harness_only_partial,109-s52-harness-and-standalone-proof,RECTRC57,only remaining degraded reason is missing repository-owned harness/reference evidence,32192,156,Area,Plain,s52_area_rectrc_plain_rcid_32192,scene_harness_not_covered
RECTRC|Area|Plain|157|32193,RECTRC,partial,ordinary_s57,harness_only_partial,109-s52-harness-and-standalone-proof,RECTRC57,only remaining degraded reason is missing repository-owned harness/reference evidence,32193,157,Area,Plain,s52_area_rectrc_plain_rcid_32193,scene_harness_not_covered
RECTRC|Area|Plain|158|32194,RECTRC,partial,ordinary_s57,harness_only_partial,109-s52-harness-and-standalone-proof,RECTRC55,only remaining degraded reason is missing repository-owned harness/reference evidence,32194,158,Area,Plain,s52_area_rectrc_plain_rcid_32194,scene_harness_not_covered
RECTRC|Area|Plain|159|32195,RECTRC,partial,ordinary_s57,harness_only_partial,109-s52-harness-and-standalone-proof,RECTRC57,only remaining degraded reason is missing repository-owned harness/reference evidence,32195,159,Area,Plain,s52_area_rectrc_plain_rcid_32195,scene_harness_not_covered
RECTRC|Area|Plain|160|32196,RECTRC,partial,ordinary_s57,harness_only_partial,109-s52-harness-and-standalone-proof,RECTRC57,only remaining degraded reason is missing repository-owned harness/reference evidence,32196,160,Area,Plain,s52_area_rectrc_plain_rcid_32196,scene_harness_not_covered
RECTRC|Area|Plain|161|32197,RECTRC,partial,ordinary_s57,harness_only_partial,109-s52-harness-and-standalone-proof,RECTRC57,only remaining degraded reason is missing repository-owned harness/reference evidence,32197,161,Area,Plain,s52_area_rectrc_plain_rcid_32197,scene_harness_not_covered
RECTRC|Area|Plain|162|32198,RECTRC,partial,ordinary_s57,harness_only_partial,109-s52-harness-and-standalone-proof,RECTRC55,only remaining degraded reason is missing repository-owned harness/reference evidence,32198,162,Area,Plain,s52_area_rectrc_plain_rcid_32198,scene_harness_not_covered
RECTRC|Area|Plain|163|32199,RECTRC,partial,ordinary_s57,harness_only_partial,109-s52-harness-and-standalone-proof,RECDEF51,only remaining degraded reason is missing repository-owned harness/reference evidence,32199,163,Area,Plain,s52_area_rectrc_plain_rcid_32199,scene_harness_not_covered
RECTRC|Area|Symbolized|493|32528,RECTRC,partial,ordinary_s57,harness_only_partial,109-s52-harness-and-standalone-proof,RECTRC58,only remaining degraded reason is missing repository-owned harness/reference evidence,32528,493,Area,Symbolized,s52_area_rectrc_symbolized_rcid_32528,scene_harness_not_covered
RECTRC|Area|Symbolized|494|32529,RECTRC,partial,ordinary_s57,harness_only_partial,109-s52-harness-and-standalone-proof,RECTRC58,only remaining degraded reason is missing repository-owned harness/reference evidence,32529,494,Area,Symbolized,s52_area_rectrc_symbolized_rcid_32529,scene_harness_not_covered
RECTRC|Area|Symbolized|495|32530,RECTRC,partial,ordinary_s57,harness_only_partial,109-s52-harness-and-standalone-proof,RECTRC58,only remaining degraded reason is missing repository-owned harness/reference evidence,32530,495,Area,Symbolized,s52_area_rectrc_symbolized_rcid_32530,scene_harness_not_covered
RECTRC|Area|Symbolized|496|32531,RECTRC,partial,ordinary_s57,harness_only_partial,109-s52-harness-and-standalone-proof,RECTRC56,only remaining degraded reason is missing repository-owned harness/reference evidence,32531,496,Area,Symbolized,s52_area_rectrc_symbolized_rcid_32531,scene_harness_not_covered
RECTRC|Area|Symbolized|497|32532,RECTRC,partial,ordinary_s57,harness_only_partial,109-s52-harness-and-standalone-proof,RECTRC57,only remaining degraded reason is missing repository-owned harness/reference evidence,32532,497,Area,Symbolized,s52_area_rectrc_symbolized_rcid_32532,scene_harness_not_covered
RECTRC|Area|Symbolized|498|32533,RECTRC,partial,ordinary_s57,harness_only_partial,109-s52-harness-and-standalone-proof,RECTRC57,only remaining degraded reason is missing repository-owned harness/reference evidence,32533,498,Area,Symbolized,s52_area_rectrc_symbolized_rcid_32533,scene_harness_not_covered
RECTRC|Area|Symbolized|499|32534,RECTRC,partial,ordinary_s57,harness_only_partial,109-s52-harness-and-standalone-proof,RECTRC57,only remaining degraded reason is missing repository-owned harness/reference evidence,32534,499,Area,Symbolized,s52_area_rectrc_symbolized_rcid_32534,scene_harness_not_covered
RECTRC|Area|Symbolized|500|32535,RECTRC,partial,ordinary_s57,harness_only_partial,109-s52-harness-and-standalone-proof,RECTRC55,only remaining degraded reason is missing repository-owned harness/reference evidence,32535,500,Area,Symbolized,s52_area_rectrc_symbolized_rcid_32535,scene_harness_not_covered
RECTRC|Area|Symbolized|501|32536,RECTRC,partial,ordinary_s57,harness_only_partial,109-s52-harness-and-standalone-proof,RECTRC57,only remaining degraded reason is missing repository-owned harness/reference evidence,32536,501,Area,Symbolized,s52_area_rectrc_symbolized_rcid_32536,scene_harness_not_covered
RECTRC|Area|Symbolized|502|32537,RECTRC,partial,ordinary_s57,harness_only_partial,109-s52-harness-and-standalone-proof,RECTRC57,only remaining degraded reason is missing repository-owned harness/reference evidence,32537,502,Area,Symbolized,s52_area_rectrc_symbolized_rcid_32537,scene_harness_not_covered
RECTRC|Area|Symbolized|503|32538,RECTRC,partial,ordinary_s57,harness_only_partial,109-s52-harness-and-standalone-proof,RECTRC57,only remaining degraded reason is missing repository-owned harness/reference evidence,32538,503,Area,Symbolized,s52_area_rectrc_symbolized_rcid_32538,scene_harness_not_covered
RECTRC|Area|Symbolized|504|32539,RECTRC,partial,ordinary_s57,harness_only_partial,109-s52-harness-and-standalone-proof,RECTRC55,only remaining degraded reason is missing repository-owned harness/reference evidence,32539,504,Area,Symbolized,s52_area_rectrc_symbolized_rcid_32539,scene_harness_not_covered
RECTRC|Area|Symbolized|505|32540,RECTRC,partial,ordinary_s57,harness_only_partial,109-s52-harness-and-standalone-proof,RECDEF51,only remaining degraded reason is missing repository-owned harness/reference evidence,32540,505,Area,Symbolized,s52_area_rectrc_symbolized_rcid_32540,scene_harness_not_covered
RECTRC|Line|Lines|813|31889,RECTRC,partial,ordinary_s57,harness_only_partial,109-s52-harness-and-standalone-proof,RECTRC12,only remaining degraded reason is missing repository-owned harness/reference evidence,31889,813,Line,Lines,s52_line_rectrc_lines_rcid_31889,scene_harness_not_covered
RECTRC|Line|Lines|814|31890,RECTRC,partial,ordinary_s57,harness_only_partial,109-s52-harness-and-standalone-proof,RECTRC12,only remaining degraded reason is missing repository-owned harness/reference evidence,31890,814,Line,Lines,s52_line_rectrc_lines_rcid_31890,scene_harness_not_covered
RECTRC|Line|Lines|815|31891,RECTRC,partial,ordinary_s57,harness_only_partial,109-s52-harness-and-standalone-proof,RECTRC12,only remaining degraded reason is missing repository-owned harness/reference evidence,31891,815,Line,Lines,s52_line_rectrc_lines_rcid_31891,scene_harness_not_covered
RECTRC|Line|Lines|816|31892,RECTRC,partial,ordinary_s57,harness_only_partial,109-s52-harness-and-standalone-proof,RECTRC10,only remaining degraded reason is missing repository-owned harness/reference evidence,31892,816,Line,Lines,s52_line_rectrc_lines_rcid_31892,scene_harness_not_covered
RECTRC|Line|Lines|817|31893,RECTRC,partial,ordinary_s57,harness_only_partial,109-s52-harness-and-standalone-proof,RECTRC11,only remaining degraded reason is missing repository-owned harness/reference evidence,31893,817,Line,Lines,s52_line_rectrc_lines_rcid_31893,scene_harness_not_covered
RECTRC|Line|Lines|818|31894,RECTRC,partial,ordinary_s57,harness_only_partial,109-s52-harness-and-standalone-proof,RECTRC11,only remaining degraded reason is missing repository-owned harness/reference evidence,31894,818,Line,Lines,s52_line_rectrc_lines_rcid_31894,scene_harness_not_covered
RECTRC|Line|Lines|819|31895,RECTRC,partial,ordinary_s57,harness_only_partial,109-s52-harness-and-standalone-proof,RECTRC11,only remaining degraded reason is missing repository-owned harness/reference evidence,31895,819,Line,Lines,s52_line_rectrc_lines_rcid_31895,scene_harness_not_covered
RECTRC|Line|Lines|820|31896,RECTRC,partial,ordinary_s57,harness_only_partial,109-s52-harness-and-standalone-proof,RECTRC09,only remaining degraded reason is missing repository-owned harness/reference evidence,31896,820,Line,Lines,s52_line_rectrc_lines_rcid_31896,scene_harness_not_covered
RECTRC|Line|Lines|821|31897,RECTRC,partial,ordinary_s57,harness_only_partial,109-s52-harness-and-standalone-proof,RECTRC11,only remaining degraded reason is missing repository-owned harness/reference evidence,31897,821,Line,Lines,s52_line_rectrc_lines_rcid_31897,scene_harness_not_covered
RECTRC|Line|Lines|822|31898,RECTRC,partial,ordinary_s57,harness_only_partial,109-s52-harness-and-standalone-proof,RECTRC11,only remaining degraded reason is missing repository-owned harness/reference evidence,31898,822,Line,Lines,s52_line_rectrc_lines_rcid_31898,scene_harness_not_covered
RECTRC|Line|Lines|823|31899,RECTRC,partial,ordinary_s57,harness_only_partial,109-s52-harness-and-standalone-proof,RECTRC11,only remaining degraded reason is missing repository-owned harness/reference evidence,31899,823,Line,Lines,s52_line_rectrc_lines_rcid_31899,scene_harness_not_covered
RECTRC|Line|Lines|824|31900,RECTRC,partial,ordinary_s57,harness_only_partial,109-s52-harness-and-standalone-proof,RECTRC09,only remaining degraded reason is missing repository-owned harness/reference evidence,31900,824,Line,Lines,s52_line_rectrc_lines_rcid_31900,scene_harness_not_covered
RECTRC|Line|Lines|825|31901,RECTRC,partial,ordinary_s57,harness_only_partial,109-s52-harness-and-standalone-proof,RECDEF02,only remaining degraded reason is missing repository-owned harness/reference evidence,31901,825,Line,Lines,s52_line_rectrc_lines_rcid_31901,scene_harness_not_covered
RESARE|Area|Plain|164|32200,RESARE,partial,ordinary_s57,manual_overlay_residual,107-s52-manual-overlay-asset-pack,ESSARE01,ESSARE01 is already identified as a manual-overlay residual in the Phase 6D plan,32200,164,Area,Plain,s52_area_resare_plain_rcid_32200,compiler_missing_point_asset:ESSARE01;scene_harness_not_covered
RESARE|Area|Plain|165|32201,RESARE,partial,ordinary_s57,manual_overlay_residual,107-s52-manual-overlay-asset-pack,PSSARE01,PSSARE01 is already identified as a manual-overlay residual in the Phase 6D plan,32201,165,Area,Plain,s52_area_resare_plain_rcid_32201,compiler_missing_point_asset:PSSARE01;scene_harness_not_covered
RESARE|Area|Plain|167|32202,RESARE,partial,ordinary_s57,harness_only_partial,109-s52-harness-and-standalone-proof,RESARE02,only remaining degraded reason is missing repository-owned harness/reference evidence,32202,167,Area,Plain,s52_area_resare_plain_rcid_32202,scene_harness_not_covered
RESARE|Area|Plain|166|93668,RESARE,partial,ordinary_s57,harness_only_partial,109-s52-harness-and-standalone-proof,TEXT01,only remaining degraded reason is missing repository-owned harness/reference evidence,93668,166,Area,Plain,s52_area_resare_plain_rcid_93668,scene_harness_not_covered
RESARE|Area|Symbolized|506|32541,RESARE,partial,ordinary_s57,manual_overlay_residual,107-s52-manual-overlay-asset-pack,ESSARE01,ESSARE01 is already identified as a manual-overlay residual in the Phase 6D plan,32541,506,Area,Symbolized,s52_area_resare_symbolized_rcid_32541,compiler_missing_point_asset:ESSARE01;scene_harness_not_covered
RESARE|Area|Symbolized|507|32542,RESARE,partial,ordinary_s57,manual_overlay_residual,107-s52-manual-overlay-asset-pack,PSSARE01,PSSARE01 is already identified as a manual-overlay residual in the Phase 6D plan,32542,507,Area,Symbolized,s52_area_resare_symbolized_rcid_32542,compiler_missing_point_asset:PSSARE01;scene_harness_not_covered
RESARE|Area|Symbolized|508|32543,RESARE,partial,ordinary_s57,harness_only_partial,109-s52-harness-and-standalone-proof,RESARE02,only remaining degraded reason is missing repository-owned harness/reference evidence,32543,508,Area,Symbolized,s52_area_resare_symbolized_rcid_32543,scene_harness_not_covered
RESTRC|Line|Lines|1733|54024,RESTRC,partial,ordinary_s57,harness_only_partial,109-s52-harness-and-standalone-proof,LS_DASH_1_CHMGD,only remaining degraded reason is missing repository-owned harness/reference evidence,54024,1733,Line,Lines,s52_line_restrc_lines_rcid_54024,scene_harness_not_covered
RETRFL|Point|Paper|2352|30509,RETRFL,partial,ordinary_s57,harness_only_partial,109-s52-harness-and-standalone-proof,RETRFL01,only remaining degraded reason is missing repository-owned harness/reference evidence,30509,2352,Point,Paper,s52_point_retrfl_paper_rcid_30509,scene_harness_not_covered
RETRFL|Point|Simplified|1234|31286,RETRFL,partial,ordinary_s57,harness_only_partial,109-s52-harness-and-standalone-proof,RETRFL02,only remaining degraded reason is missing repository-owned harness/reference evidence,31286,1234,Point,Simplified,s52_point_retrfl_simplified_rcid_31286,scene_harness_not_covered
RIVERS|Area|Plain|168|32203,RIVERS,partial,ordinary_s57,harness_only_partial,109-s52-harness-and-standalone-proof,LS_SOLD_1_CHBLK,only remaining degraded reason is missing repository-owned harness/reference evidence,32203,168,Area,Plain,s52_area_rivers_plain_rcid_32203,scene_harness_not_covered
RIVERS|Area|Symbolized|509|32544,RIVERS,partial,ordinary_s57,harness_only_partial,109-s52-harness-and-standalone-proof,LS_SOLD_1_CHBLK,only remaining degraded reason is missing repository-owned harness/reference evidence,32544,509,Area,Symbolized,s52_area_rivers_symbolized_rcid_32544,scene_harness_not_covered
RIVERS|Line|Lines|826|31902,RIVERS,partial,ordinary_s57,harness_only_partial,109-s52-harness-and-standalone-proof,LS_SOLD_1_CHBLK,only remaining degraded reason is missing repository-owned harness/reference evidence,31902,826,Line,Lines,s52_line_rivers_lines_rcid_31902,scene_harness_not_covered
ROADWY|Area|Plain|169|32204,ROADWY,partial,ordinary_s57,harness_only_partial,109-s52-harness-and-standalone-proof,LS_SOLD_1_LANDF,only remaining degraded reason is missing repository-owned harness/reference evidence,32204,169,Area,Plain,s52_area_roadwy_plain_rcid_32204,scene_harness_not_covered
ROADWY|Area|Symbolized|510|32545,ROADWY,partial,ordinary_s57,harness_only_partial,109-s52-harness-and-standalone-proof,LS_SOLD_1_LANDF,only remaining degraded reason is missing repository-owned harness/reference evidence,32545,510,Area,Symbolized,s52_area_roadwy_symbolized_rcid_32545,scene_harness_not_covered
ROADWY|Line|Lines|827|31903,ROADWY,partial,ordinary_s57,harness_only_partial,109-s52-harness-and-standalone-proof,LS_SOLD_2_LANDF,only remaining degraded reason is missing repository-owned harness/reference evidence,31903,827,Line,Lines,s52_line_roadwy_lines_rcid_31903,scene_harness_not_covered
ROADWY|Point|Paper|2353|30510,ROADWY,partial,ordinary_s57,harness_only_partial,109-s52-harness-and-standalone-proof,s52_point_roadwy_paper_rcid_30510,only remaining degraded reason is missing repository-owned harness/reference evidence,30510,2353,Point,Paper,s52_point_roadwy_paper_rcid_30510,scene_harness_not_covered
ROADWY|Point|Simplified|1235|31287,ROADWY,partial,ordinary_s57,harness_only_partial,109-s52-harness-and-standalone-proof,s52_point_roadwy_simplified_rcid_31287,only remaining degraded reason is missing repository-owned harness/reference evidence,31287,1235,Point,Simplified,s52_point_roadwy_simplified_rcid_31287,scene_harness_not_covered
RSCSTA|Point|Paper|2354|30511,RSCSTA,partial,ordinary_s57,harness_only_partial,109-s52-harness-and-standalone-proof,RSCSTA02,only remaining degraded reason is missing repository-owned harness/reference evidence,30511,2354,Point,Paper,s52_point_rscsta_paper_rcid_30511,scene_harness_not_covered
RSCSTA|Point|Simplified|1236|31288,RSCSTA,partial,ordinary_s57,harness_only_partial,109-s52-harness-and-standalone-proof,RSCSTA02,only remaining degraded reason is missing repository-owned harness/reference evidence,31288,1236,Point,Simplified,s52_point_rscsta_simplified_rcid_31288,scene_harness_not_covered
RTPBCN|Point|Paper|2355|30512,RTPBCN,partial,ordinary_s57,harness_only_partial,109-s52-harness-and-standalone-proof,RTPBCN02,only remaining degraded reason is missing repository-owned harness/reference evidence,30512,2355,Point,Paper,s52_point_rtpbcn_paper_rcid_30512,scene_harness_not_covered
RTPBCN|Point|Simplified|1237|31289,RTPBCN,partial,ordinary_s57,harness_only_partial,109-s52-harness-and-standalone-proof,RTPBCN02,only remaining degraded reason is missing repository-owned harness/reference evidence,31289,1237,Point,Simplified,s52_point_rtpbcn_simplified_rcid_31289,scene_harness_not_covered
RUNWAY|Area|Plain|170|32205,RUNWAY,partial,ordinary_s57,harness_only_partial,109-s52-harness-and-standalone-proof,LS_SOLD_1_CHBLK,only remaining degraded reason is missing repository-owned harness/reference evidence,32205,170,Area,Plain,s52_area_runway_plain_rcid_32205,scene_harness_not_covered
RUNWAY|Area|Plain|171|32206,RUNWAY,partial,ordinary_s57,harness_only_partial,109-s52-harness-and-standalone-proof,s52_area_runway_plain_rcid_32206,only remaining degraded reason is missing repository-owned harness/reference evidence,32206,171,Area,Plain,s52_area_runway_plain_rcid_32206,scene_harness_not_covered
RUNWAY|Area|Symbolized|511|32546,RUNWAY,partial,ordinary_s57,harness_only_partial,109-s52-harness-and-standalone-proof,LS_SOLD_1_CHBLK,only remaining degraded reason is missing repository-owned harness/reference evidence,32546,511,Area,Symbolized,s52_area_runway_symbolized_rcid_32546,scene_harness_not_covered
RUNWAY|Area|Symbolized|512|32547,RUNWAY,partial,ordinary_s57,harness_only_partial,109-s52-harness-and-standalone-proof,s52_area_runway_symbolized_rcid_32547,only remaining degraded reason is missing repository-owned harness/reference evidence,32547,512,Area,Symbolized,s52_area_runway_symbolized_rcid_32547,scene_harness_not_covered
RUNWAY|Line|Lines|828|31904,RUNWAY,partial,ordinary_s57,harness_only_partial,109-s52-harness-and-standalone-proof,LS_SOLD_3_LANDF,only remaining degraded reason is missing repository-owned harness/reference evidence,31904,828,Line,Lines,s52_line_runway_lines_rcid_31904,scene_harness_not_covered
RUNWAY|Point|Paper|2356|30513,RUNWAY,partial,ordinary_s57,harness_only_partial,109-s52-harness-and-standalone-proof,s52_point_runway_paper_rcid_30513,only remaining degraded reason is missing repository-owned harness/reference evidence,30513,2356,Point,Paper,s52_point_runway_paper_rcid_30513,scene_harness_not_covered
RUNWAY|Point|Simplified|1238|31290,RUNWAY,partial,ordinary_s57,harness_only_partial,109-s52-harness-and-standalone-proof,s52_point_runway_simplified_rcid_31290,only remaining degraded reason is missing repository-owned harness/reference evidence,31290,1238,Point,Simplified,s52_point_runway_simplified_rcid_31290,scene_harness_not_covered
SBDARE|Area|Plain|172|32207,SBDARE,partial,ordinary_s57,harness_only_partial,109-s52-harness-and-standalone-proof,LS_DASH_1_CHGRD,only remaining degraded reason is missing repository-owned harness/reference evidence,32207,172,Area,Plain,s52_area_sbdare_plain_rcid_32207,scene_harness_not_covered
SBDARE|Area|Plain|173|32208,SBDARE,partial,ordinary_s57,harness_only_partial,109-s52-harness-and-standalone-proof,LS_DASH_1_CHGRD,only remaining degraded reason is missing repository-owned harness/reference evidence,32208,173,Area,Plain,s52_area_sbdare_plain_rcid_32208,scene_harness_not_covered
SBDARE|Area|Plain|174|32209,SBDARE,partial,ordinary_s57,harness_only_partial,109-s52-harness-and-standalone-proof,LS_DASH_1_CHGRD,only remaining degraded reason is missing repository-owned harness/reference evidence,32209,174,Area,Plain,s52_area_sbdare_plain_rcid_32209,scene_harness_not_covered
SBDARE|Area|Plain|175|32210,SBDARE,partial,ordinary_s57,harness_only_partial,109-s52-harness-and-standalone-proof,LS_DASH_1_CHGRD,only remaining degraded reason is missing repository-owned harness/reference evidence,32210,175,Area,Plain,s52_area_sbdare_plain_rcid_32210,scene_harness_not_covered
SBDARE|Area|Plain|176|32211,SBDARE,partial,ordinary_s57,harness_only_partial,109-s52-harness-and-standalone-proof,LS_DASH_1_CHGRD,only remaining degraded reason is missing repository-owned harness/reference evidence,32211,176,Area,Plain,s52_area_sbdare_plain_rcid_32211,scene_harness_not_covered
SBDARE|Area|Plain|177|32212,SBDARE,partial,ordinary_s57,harness_only_partial,109-s52-harness-and-standalone-proof,s52_area_sbdare_plain_rcid_32212,only remaining degraded reason is missing repository-owned harness/reference evidence,32212,177,Area,Plain,s52_area_sbdare_plain_rcid_32212,scene_harness_not_covered
SBDARE|Area|Symbolized|513|32548,SBDARE,partial,ordinary_s57,harness_only_partial,109-s52-harness-and-standalone-proof,LS_DASH_1_CHGRD,only remaining degraded reason is missing repository-owned harness/reference evidence,32548,513,Area,Symbolized,s52_area_sbdare_symbolized_rcid_32548,scene_harness_not_covered
SBDARE|Area|Symbolized|514|32549,SBDARE,partial,ordinary_s57,harness_only_partial,109-s52-harness-and-standalone-proof,LS_DASH_1_CHGRD,only remaining degraded reason is missing repository-owned harness/reference evidence,32549,514,Area,Symbolized,s52_area_sbdare_symbolized_rcid_32549,scene_harness_not_covered
SBDARE|Area|Symbolized|515|32550,SBDARE,partial,ordinary_s57,harness_only_partial,109-s52-harness-and-standalone-proof,LS_DASH_1_CHGRD,only remaining degraded reason is missing repository-owned harness/reference evidence,32550,515,Area,Symbolized,s52_area_sbdare_symbolized_rcid_32550,scene_harness_not_covered
SBDARE|Area|Symbolized|516|32551,SBDARE,partial,ordinary_s57,harness_only_partial,109-s52-harness-and-standalone-proof,LS_DASH_1_CHGRD,only remaining degraded reason is missing repository-owned harness/reference evidence,32551,516,Area,Symbolized,s52_area_sbdare_symbolized_rcid_32551,scene_harness_not_covered
SBDARE|Area|Symbolized|517|32552,SBDARE,partial,ordinary_s57,harness_only_partial,109-s52-harness-and-standalone-proof,LS_DASH_1_CHGRD,only remaining degraded reason is missing repository-owned harness/reference evidence,32552,517,Area,Symbolized,s52_area_sbdare_symbolized_rcid_32552,scene_harness_not_covered
SBDARE|Area|Symbolized|518|32553,SBDARE,partial,ordinary_s57,harness_only_partial,109-s52-harness-and-standalone-proof,s52_area_sbdare_symbolized_rcid_32553,only remaining degraded reason is missing repository-owned harness/reference evidence,32553,518,Area,Symbolized,s52_area_sbdare_symbolized_rcid_32553,scene_harness_not_covered
SBDARE|Line|Lines|829|31905,SBDARE,partial,ordinary_s57,harness_only_partial,109-s52-harness-and-standalone-proof,LS_SOLD_1_CHGRD,only remaining degraded reason is missing repository-owned harness/reference evidence,31905,829,Line,Lines,s52_line_sbdare_lines_rcid_31905,scene_harness_not_covered
SBDARE|Point|Paper|2357|30514,SBDARE,partial,ordinary_s57,harness_only_partial,109-s52-harness-and-standalone-proof,TEXT01,only remaining degraded reason is missing repository-owned harness/reference evidence,30514,2357,Point,Paper,s52_point_sbdare_paper_rcid_30514,scene_harness_not_covered
SBDARE|Point|Simplified|1239|31291,SBDARE,partial,ordinary_s57,harness_only_partial,109-s52-harness-and-standalone-proof,TEXT01,only remaining degraded reason is missing repository-owned harness/reference evidence,31291,1239,Point,Simplified,s52_point_sbdare_simplified_rcid_31291,scene_harness_not_covered
SEAARE|Area|Plain|178|32213,SEAARE,partial,ordinary_s57,harness_only_partial,109-s52-harness-and-standalone-proof,TEXT01,only remaining degraded reason is missing repository-owned harness/reference evidence,32213,178,Area,Plain,s52_area_seaare_plain_rcid_32213,scene_harness_not_covered
SEAARE|Area|Symbolized|519|32554,SEAARE,partial,ordinary_s57,harness_only_partial,109-s52-harness-and-standalone-proof,TEXT01,only remaining degraded reason is missing repository-owned harness/reference evidence,32554,519,Area,Symbolized,s52_area_seaare_symbolized_rcid_32554,scene_harness_not_covered
SEAARE|Point|Paper|2358|30515,SEAARE,partial,ordinary_s57,harness_only_partial,109-s52-harness-and-standalone-proof,TEXT01,only remaining degraded reason is missing repository-owned harness/reference evidence,30515,2358,Point,Paper,s52_point_seaare_paper_rcid_30515,scene_harness_not_covered
SEAARE|Point|Simplified|1240|31292,SEAARE,partial,ordinary_s57,harness_only_partial,109-s52-harness-and-standalone-proof,TEXT01,only remaining degraded reason is missing repository-owned harness/reference evidence,31292,1240,Point,Simplified,s52_point_seaare_simplified_rcid_31292,scene_harness_not_covered
SILTNK|Area|Plain|179|32214,SILTNK,partial,ordinary_s57,harness_only_partial,109-s52-harness-and-standalone-proof,LS_SOLD_1_CHBLK,only remaining degraded reason is missing repository-owned harness/reference evidence,32214,179,Area,Plain,s52_area_siltnk_plain_rcid_32214,scene_harness_not_covered
SILTNK|Area|Plain|180|32215,SILTNK,partial,ordinary_s57,harness_only_partial,109-s52-harness-and-standalone-proof,LS_SOLD_1_LANDF,only remaining degraded reason is missing repository-owned harness/reference evidence,32215,180,Area,Plain,s52_area_siltnk_plain_rcid_32215,scene_harness_not_covered
SILTNK|Area|Symbolized|520|32555,SILTNK,partial,ordinary_s57,harness_only_partial,109-s52-harness-and-standalone-proof,LS_SOLD_1_CHBLK,only remaining degraded reason is missing repository-owned harness/reference evidence,32555,520,Area,Symbolized,s52_area_siltnk_symbolized_rcid_32555,scene_harness_not_covered
SILTNK|Area|Symbolized|521|32556,SILTNK,partial,ordinary_s57,harness_only_partial,109-s52-harness-and-standalone-proof,LS_SOLD_1_LANDF,only remaining degraded reason is missing repository-owned harness/reference evidence,32556,521,Area,Symbolized,s52_area_siltnk_symbolized_rcid_32556,scene_harness_not_covered
SILTNK|Point|Paper|2359|30516,SILTNK,partial,ordinary_s57,harness_only_partial,109-s52-harness-and-standalone-proof,SILBUI11,only remaining degraded reason is missing repository-owned harness/reference evidence,30516,2359,Point,Paper,s52_point_siltnk_paper_rcid_30516,scene_harness_not_covered
SILTNK|Point|Paper|2360|30517,SILTNK,partial,ordinary_s57,harness_only_partial,109-s52-harness-and-standalone-proof,TNKCON12,only remaining degraded reason is missing repository-owned harness/reference evidence,30517,2360,Point,Paper,s52_point_siltnk_paper_rcid_30517,scene_harness_not_covered
SILTNK|Point|Paper|2361|30518,SILTNK,partial,ordinary_s57,harness_only_partial,109-s52-harness-and-standalone-proof,TOWERS03,only remaining degraded reason is missing repository-owned harness/reference evidence,30518,2361,Point,Paper,s52_point_siltnk_paper_rcid_30518,scene_harness_not_covered
SILTNK|Point|Paper|2362|30519,SILTNK,partial,ordinary_s57,harness_only_partial,109-s52-harness-and-standalone-proof,TOWERS12,only remaining degraded reason is missing repository-owned harness/reference evidence,30519,2362,Point,Paper,s52_point_siltnk_paper_rcid_30519,scene_harness_not_covered
SILTNK|Point|Paper|2363|30520,SILTNK,partial,ordinary_s57,harness_only_partial,109-s52-harness-and-standalone-proof,SILBUI01,only remaining degraded reason is missing repository-owned harness/reference evidence,30520,2363,Point,Paper,s52_point_siltnk_paper_rcid_30520,scene_harness_not_covered
SILTNK|Point|Paper|2364|30521,SILTNK,partial,ordinary_s57,harness_only_partial,109-s52-harness-and-standalone-proof,TNKCON02,only remaining degraded reason is missing repository-owned harness/reference evidence,30521,2364,Point,Paper,s52_point_siltnk_paper_rcid_30521,scene_harness_not_covered
SILTNK|Point|Paper|2365|30522,SILTNK,partial,ordinary_s57,harness_only_partial,109-s52-harness-and-standalone-proof,TOWERS01,only remaining degraded reason is missing repository-owned harness/reference evidence,30522,2365,Point,Paper,s52_point_siltnk_paper_rcid_30522,scene_harness_not_covered
SILTNK|Point|Paper|2366|30523,SILTNK,partial,ordinary_s57,harness_only_partial,109-s52-harness-and-standalone-proof,TOWERS02,only remaining degraded reason is missing repository-owned harness/reference evidence,30523,2366,Point,Paper,s52_point_siltnk_paper_rcid_30523,scene_harness_not_covered
SILTNK|Point|Paper|2367|30524,SILTNK,partial,ordinary_s57,harness_only_partial,109-s52-harness-and-standalone-proof,TNKCON12,only remaining degraded reason is missing repository-owned harness/reference evidence,30524,2367,Point,Paper,s52_point_siltnk_paper_rcid_30524,scene_harness_not_covered
SILTNK|Point|Paper|2368|30525,SILTNK,partial,ordinary_s57,harness_only_partial,109-s52-harness-and-standalone-proof,TNKCON02,only remaining degraded reason is missing repository-owned harness/reference evidence,30525,2368,Point,Paper,s52_point_siltnk_paper_rcid_30525,scene_harness_not_covered
SILTNK|Point|Simplified|1241|31293,SILTNK,partial,ordinary_s57,harness_only_partial,109-s52-harness-and-standalone-proof,SILBUI11,only remaining degraded reason is missing repository-owned harness/reference evidence,31293,1241,Point,Simplified,s52_point_siltnk_simplified_rcid_31293,scene_harness_not_covered
SILTNK|Point|Simplified|1242|31294,SILTNK,partial,ordinary_s57,harness_only_partial,109-s52-harness-and-standalone-proof,TNKCON12,only remaining degraded reason is missing repository-owned harness/reference evidence,31294,1242,Point,Simplified,s52_point_siltnk_simplified_rcid_31294,scene_harness_not_covered
SILTNK|Point|Simplified|1243|31295,SILTNK,partial,ordinary_s57,harness_only_partial,109-s52-harness-and-standalone-proof,TOWERS03,only remaining degraded reason is missing repository-owned harness/reference evidence,31295,1243,Point,Simplified,s52_point_siltnk_simplified_rcid_31295,scene_harness_not_covered
SILTNK|Point|Simplified|1244|31296,SILTNK,partial,ordinary_s57,harness_only_partial,109-s52-harness-and-standalone-proof,TOWERS12,only remaining degraded reason is missing repository-owned harness/reference evidence,31296,1244,Point,Simplified,s52_point_siltnk_simplified_rcid_31296,scene_harness_not_covered
SILTNK|Point|Simplified|1245|31297,SILTNK,partial,ordinary_s57,harness_only_partial,109-s52-harness-and-standalone-proof,SILBUI01,only remaining degraded reason is missing repository-owned harness/reference evidence,31297,1245,Point,Simplified,s52_point_siltnk_simplified_rcid_31297,scene_harness_not_covered
SILTNK|Point|Simplified|1246|31298,SILTNK,partial,ordinary_s57,harness_only_partial,109-s52-harness-and-standalone-proof,TNKCON02,only remaining degraded reason is missing repository-owned harness/reference evidence,31298,1246,Point,Simplified,s52_point_siltnk_simplified_rcid_31298,scene_harness_not_covered
SILTNK|Point|Simplified|1247|31299,SILTNK,partial,ordinary_s57,harness_only_partial,109-s52-harness-and-standalone-proof,TOWERS01,only remaining degraded reason is missing repository-owned harness/reference evidence,31299,1247,Point,Simplified,s52_point_siltnk_simplified_rcid_31299,scene_harness_not_covered
SILTNK|Point|Simplified|1248|31300,SILTNK,partial,ordinary_s57,harness_only_partial,109-s52-harness-and-standalone-proof,TOWERS02,only remaining degraded reason is missing repository-owned harness/reference evidence,31300,1248,Point,Simplified,s52_point_siltnk_simplified_rcid_31300,scene_harness_not_covered
SILTNK|Point|Simplified|1249|31301,SILTNK,partial,ordinary_s57,harness_only_partial,109-s52-harness-and-standalone-proof,TNKCON12,only remaining degraded reason is missing repository-owned harness/reference evidence,31301,1249,Point,Simplified,s52_point_siltnk_simplified_rcid_31301,scene_harness_not_covered
SILTNK|Point|Simplified|1250|31302,SILTNK,partial,ordinary_s57,harness_only_partial,109-s52-harness-and-standalone-proof,TNKCON02,only remaining degraded reason is missing repository-owned harness/reference evidence,31302,1250,Point,Simplified,s52_point_siltnk_simplified_rcid_31302,scene_harness_not_covered
SISTAT|Point|Paper|2369|30526,SISTAT,partial,ordinary_s57,harness_only_partial,109-s52-harness-and-standalone-proof,SISTAT02,only remaining degraded reason is missing repository-owned harness/reference evidence,30526,2369,Point,Paper,s52_point_sistat_paper_rcid_30526,scene_harness_not_covered
SISTAT|Point|Simplified|1251|31303,SISTAT,partial,ordinary_s57,harness_only_partial,109-s52-harness-and-standalone-proof,SISTAT02,only remaining degraded reason is missing repository-owned harness/reference evidence,31303,1251,Point,Simplified,s52_point_sistat_simplified_rcid_31303,scene_harness_not_covered
SISTAW|Point|Paper|2370|30527,SISTAW,partial,ordinary_s57,harness_only_partial,109-s52-harness-and-standalone-proof,SISTAT02,only remaining degraded reason is missing repository-owned harness/reference evidence,30527,2370,Point,Paper,s52_point_sistaw_paper_rcid_30527,scene_harness_not_covered
SISTAW|Point|Simplified|1252|31304,SISTAW,partial,ordinary_s57,harness_only_partial,109-s52-harness-and-standalone-proof,SISTAT02,only remaining degraded reason is missing repository-owned harness/reference evidence,31304,1252,Point,Simplified,s52_point_sistaw_simplified_rcid_31304,scene_harness_not_covered
SLCONS|Area|Plain|181|32216,SLCONS,partial,ordinary_s57,harness_only_partial,109-s52-harness-and-standalone-proof,SLCONS03,only remaining degraded reason is missing repository-owned harness/reference evidence,32216,181,Area,Plain,s52_area_slcons_plain_rcid_32216,scene_harness_not_covered
SLCONS|Area|Symbolized|522|32557,SLCONS,partial,ordinary_s57,harness_only_partial,109-s52-harness-and-standalone-proof,SLCONS03,only remaining degraded reason is missing repository-owned harness/reference evidence,32557,522,Area,Symbolized,s52_area_slcons_symbolized_rcid_32557,scene_harness_not_covered
SLCONS|Line|Lines|830|31906,SLCONS,partial,ordinary_s57,harness_only_partial,109-s52-harness-and-standalone-proof,SLCONS03,only remaining degraded reason is missing repository-owned harness/reference evidence,31906,830,Line,Lines,s52_line_slcons_lines_rcid_31906,scene_harness_not_covered
SLCONS|Point|Paper|2371|30528,SLCONS,partial,ordinary_s57,harness_only_partial,109-s52-harness-and-standalone-proof,MORFAC03,only remaining degraded reason is missing repository-owned harness/reference evidence,30528,2371,Point,Paper,s52_point_slcons_paper_rcid_30528,scene_harness_not_covered
SLCONS|Point|Simplified|1253|31305,SLCONS,partial,ordinary_s57,harness_only_partial,109-s52-harness-and-standalone-proof,MORFAC03,only remaining degraded reason is missing repository-owned harness/reference evidence,31305,1253,Point,Simplified,s52_point_slcons_simplified_rcid_31305,scene_harness_not_covered
SLOGRD|Area|Plain|182|32217,SLOGRD,partial,ordinary_s57,harness_only_partial,109-s52-harness-and-standalone-proof,LS_SOLD_1_CHBLK,only remaining degraded reason is missing repository-owned harness/reference evidence,32217,182,Area,Plain,s52_area_slogrd_plain_rcid_32217,scene_harness_not_covered
SLOGRD|Area|Plain|183|32218,SLOGRD,partial,ordinary_s57,harness_only_partial,109-s52-harness-and-standalone-proof,LS_SOLD_1_CHBLK,only remaining degraded reason is missing repository-owned harness/reference evidence,32218,183,Area,Plain,s52_area_slogrd_plain_rcid_32218,scene_harness_not_covered
SLOGRD|Area|Plain|184|32219,SLOGRD,partial,ordinary_s57,harness_only_partial,109-s52-harness-and-standalone-proof,LS_SOLD_1_CHBLK,only remaining degraded reason is missing repository-owned harness/reference evidence,32219,184,Area,Plain,s52_area_slogrd_plain_rcid_32219,scene_harness_not_covered
SLOGRD|Area|Plain|185|32220,SLOGRD,partial,ordinary_s57,harness_only_partial,109-s52-harness-and-standalone-proof,LS_SOLD_1_CHBLK,only remaining degraded reason is missing repository-owned harness/reference evidence,32220,185,Area,Plain,s52_area_slogrd_plain_rcid_32220,scene_harness_not_covered
SLOGRD|Area|Plain|186|32221,SLOGRD,partial,ordinary_s57,harness_only_partial,109-s52-harness-and-standalone-proof,LS_SOLD_1_CHBLK,only remaining degraded reason is missing repository-owned harness/reference evidence,32221,186,Area,Plain,s52_area_slogrd_plain_rcid_32221,scene_harness_not_covered
SLOGRD|Area|Plain|187|32222,SLOGRD,partial,ordinary_s57,harness_only_partial,109-s52-harness-and-standalone-proof,LS_SOLD_1_CHBLK,only remaining degraded reason is missing repository-owned harness/reference evidence,32222,187,Area,Plain,s52_area_slogrd_plain_rcid_32222,scene_harness_not_covered
SLOGRD|Area|Plain|188|32223,SLOGRD,partial,ordinary_s57,harness_only_partial,109-s52-harness-and-standalone-proof,s52_area_slogrd_plain_rcid_32223,only remaining degraded reason is missing repository-owned harness/reference evidence,32223,188,Area,Plain,s52_area_slogrd_plain_rcid_32223,scene_harness_not_covered
SLOGRD|Area|Plain|189|32224,SLOGRD,partial,ordinary_s57,harness_only_partial,109-s52-harness-and-standalone-proof,s52_area_slogrd_plain_rcid_32224,only remaining degraded reason is missing repository-owned harness/reference evidence,32224,189,Area,Plain,s52_area_slogrd_plain_rcid_32224,scene_harness_not_covered
SLOGRD|Area|Symbolized|523|32558,SLOGRD,partial,ordinary_s57,harness_only_partial,109-s52-harness-and-standalone-proof,LS_SOLD_1_CHBLK,only remaining degraded reason is missing repository-owned harness/reference evidence,32558,523,Area,Symbolized,s52_area_slogrd_symbolized_rcid_32558,scene_harness_not_covered
SLOGRD|Area|Symbolized|524|32559,SLOGRD,partial,ordinary_s57,harness_only_partial,109-s52-harness-and-standalone-proof,LS_SOLD_1_CHBLK,only remaining degraded reason is missing repository-owned harness/reference evidence,32559,524,Area,Symbolized,s52_area_slogrd_symbolized_rcid_32559,scene_harness_not_covered
SLOGRD|Area|Symbolized|525|32560,SLOGRD,partial,ordinary_s57,harness_only_partial,109-s52-harness-and-standalone-proof,LS_SOLD_1_CHBLK,only remaining degraded reason is missing repository-owned harness/reference evidence,32560,525,Area,Symbolized,s52_area_slogrd_symbolized_rcid_32560,scene_harness_not_covered
SLOGRD|Area|Symbolized|526|32561,SLOGRD,partial,ordinary_s57,harness_only_partial,109-s52-harness-and-standalone-proof,LS_SOLD_1_CHBLK,only remaining degraded reason is missing repository-owned harness/reference evidence,32561,526,Area,Symbolized,s52_area_slogrd_symbolized_rcid_32561,scene_harness_not_covered
SLOGRD|Area|Symbolized|527|32562,SLOGRD,partial,ordinary_s57,harness_only_partial,109-s52-harness-and-standalone-proof,LS_SOLD_1_CHBLK,only remaining degraded reason is missing repository-owned harness/reference evidence,32562,527,Area,Symbolized,s52_area_slogrd_symbolized_rcid_32562,scene_harness_not_covered
SLOGRD|Area|Symbolized|528|32563,SLOGRD,partial,ordinary_s57,harness_only_partial,109-s52-harness-and-standalone-proof,LS_SOLD_1_CHBLK,only remaining degraded reason is missing repository-owned harness/reference evidence,32563,528,Area,Symbolized,s52_area_slogrd_symbolized_rcid_32563,scene_harness_not_covered
SLOGRD|Area|Symbolized|529|32564,SLOGRD,partial,ordinary_s57,harness_only_partial,109-s52-harness-and-standalone-proof,LS_SOLD_1_CHBLK,only remaining degraded reason is missing repository-owned harness/reference evidence,32564,529,Area,Symbolized,s52_area_slogrd_symbolized_rcid_32564,scene_harness_not_covered
SLOGRD|Area|Symbolized|530|32565,SLOGRD,partial,ordinary_s57,harness_only_partial,109-s52-harness-and-standalone-proof,s52_area_slogrd_symbolized_rcid_32565,only remaining degraded reason is missing repository-owned harness/reference evidence,32565,530,Area,Symbolized,s52_area_slogrd_symbolized_rcid_32565,scene_harness_not_covered
SLOGRD|Line|Lines|831|31907,SLOGRD,partial,ordinary_s57,harness_only_partial,109-s52-harness-and-standalone-proof,LS_SOLD_1_CHBLK,only remaining degraded reason is missing repository-owned harness/reference evidence,31907,831,Line,Lines,s52_line_slogrd_lines_rcid_31907,scene_harness_not_covered
SLOGRD|Line|Lines|832|31908,SLOGRD,partial,ordinary_s57,harness_only_partial,109-s52-harness-and-standalone-proof,LS_SOLD_1_CHGRD,only remaining degraded reason is missing repository-owned harness/reference evidence,31908,832,Line,Lines,s52_line_slogrd_lines_rcid_31908,scene_harness_not_covered
SLOGRD|Line|Lines|833|31909,SLOGRD,partial,ordinary_s57,harness_only_partial,109-s52-harness-and-standalone-proof,LS_SOLD_1_LANDF,only remaining degraded reason is missing repository-owned harness/reference evidence,31909,833,Line,Lines,s52_line_slogrd_lines_rcid_31909,scene_harness_not_covered
SLOGRD|Point|Paper|2372|30529,SLOGRD,partial,ordinary_s57,harness_only_partial,109-s52-harness-and-standalone-proof,HILTOP01,only remaining degraded reason is missing repository-owned harness/reference evidence,30529,2372,Point,Paper,s52_point_slogrd_paper_rcid_30529,scene_harness_not_covered
SLOGRD|Point|Simplified|1254|31306,SLOGRD,partial,ordinary_s57,harness_only_partial,109-s52-harness-and-standalone-proof,HILTOP01,only remaining degraded reason is missing repository-owned harness/reference evidence,31306,1254,Point,Simplified,s52_point_slogrd_simplified_rcid_31306,scene_harness_not_covered
SLOTOP|Line|Lines|834|31910,SLOTOP,partial,ordinary_s57,harness_only_partial,109-s52-harness-and-standalone-proof,LS_SOLD_1_CHBLK,only remaining degraded reason is missing repository-owned harness/reference evidence,31910,834,Line,Lines,s52_line_slotop_lines_rcid_31910,scene_harness_not_covered
SLOTOP|Line|Lines|835|31911,SLOTOP,partial,ordinary_s57,harness_only_partial,109-s52-harness-and-standalone-proof,LS_SOLD_1_CHBLK,only remaining degraded reason is missing repository-owned harness/reference evidence,31911,835,Line,Lines,s52_line_slotop_lines_rcid_31911,scene_harness_not_covered
SLOTOP|Line|Lines|836|31912,SLOTOP,partial,ordinary_s57,harness_only_partial,109-s52-harness-and-standalone-proof,LS_SOLD_1_CHBLK,only remaining degraded reason is missing repository-owned harness/reference evidence,31912,836,Line,Lines,s52_line_slotop_lines_rcid_31912,scene_harness_not_covered
SLOTOP|Line|Lines|837|31913,SLOTOP,partial,ordinary_s57,harness_only_partial,109-s52-harness-and-standalone-proof,LS_SOLD_1_CHGRD,only remaining degraded reason is missing repository-owned harness/reference evidence,31913,837,Line,Lines,s52_line_slotop_lines_rcid_31913,scene_harness_not_covered
SLOTOP|Line|Lines|838|31914,SLOTOP,partial,ordinary_s57,harness_only_partial,109-s52-harness-and-standalone-proof,LS_SOLD_1_CHGRD,only remaining degraded reason is missing repository-owned harness/reference evidence,31914,838,Line,Lines,s52_line_slotop_lines_rcid_31914,scene_harness_not_covered
SLOTOP|Line|Lines|839|31915,SLOTOP,partial,ordinary_s57,harness_only_partial,109-s52-harness-and-standalone-proof,LS_SOLD_1_LANDF,only remaining degraded reason is missing repository-owned harness/reference evidence,31915,839,Line,Lines,s52_line_slotop_lines_rcid_31915,scene_harness_not_covered
SLOTOP|Point|Paper|2373|30530,SLOTOP,partial,ordinary_s57,harness_only_partial,109-s52-harness-and-standalone-proof,HILTOP11,only remaining degraded reason is missing repository-owned harness/reference evidence,30530,2373,Point,Paper,s52_point_slotop_paper_rcid_30530,scene_harness_not_covered
SLOTOP|Point|Paper|2374|30531,SLOTOP,partial,ordinary_s57,harness_only_partial,109-s52-harness-and-standalone-proof,HILTOP01,only remaining degraded reason is missing repository-owned harness/reference evidence,30531,2374,Point,Paper,s52_point_slotop_paper_rcid_30531,scene_harness_not_covered
SLOTOP|Point|Simplified|1255|31307,SLOTOP,partial,ordinary_s57,harness_only_partial,109-s52-harness-and-standalone-proof,HILTOP11,only remaining degraded reason is missing repository-owned harness/reference evidence,31307,1255,Point,Simplified,s52_point_slotop_simplified_rcid_31307,scene_harness_not_covered
SLOTOP|Point|Simplified|1256|31308,SLOTOP,partial,ordinary_s57,harness_only_partial,109-s52-harness-and-standalone-proof,HILTOP01,only remaining degraded reason is missing repository-owned harness/reference evidence,31308,1256,Point,Simplified,s52_point_slotop_simplified_rcid_31308,scene_harness_not_covered
SMCFAC|Area|Plain|190|32225,SMCFAC,partial,ordinary_s57,harness_only_partial,109-s52-harness-and-standalone-proof,SMCFAC02,only remaining degraded reason is missing repository-owned harness/reference evidence,32225,190,Area,Plain,s52_area_smcfac_plain_rcid_32225,scene_harness_not_covered
SMCFAC|Area|Symbolized|531|32566,SMCFAC,partial,ordinary_s57,harness_only_partial,109-s52-harness-and-standalone-proof,SMCFAC02,only remaining degraded reason is missing repository-owned harness/reference evidence,32566,531,Area,Symbolized,s52_area_smcfac_symbolized_rcid_32566,scene_harness_not_covered
SMCFAC|Point|Paper|2375|30532,SMCFAC,partial,ordinary_s57,harness_only_partial,109-s52-harness-and-standalone-proof,s52_point_smcfac_paper_rcid_30532,only remaining degraded reason is missing repository-owned harness/reference evidence,30532,2375,Point,Paper,s52_point_smcfac_paper_rcid_30532,scene_harness_not_covered
SMCFAC|Point|Simplified|1257|31309,SMCFAC,partial,ordinary_s57,harness_only_partial,109-s52-harness-and-standalone-proof,s52_point_smcfac_simplified_rcid_31309,only remaining degraded reason is missing repository-owned harness/reference evidence,31309,1257,Point,Simplified,s52_point_smcfac_simplified_rcid_31309,scene_harness_not_covered
SNDWAV|Area|Plain|191|32226,SNDWAV,partial,ordinary_s57,harness_only_partial,109-s52-harness-and-standalone-proof,LS_DASH_2_CHGRD,only remaining degraded reason is missing repository-owned harness/reference evidence,32226,191,Area,Plain,s52_area_sndwav_plain_rcid_32226,scene_harness_not_covered
SNDWAV|Area|Symbolized|532|32567,SNDWAV,partial,ordinary_s57,harness_only_partial,109-s52-harness-and-standalone-proof,NAVARE51,only remaining degraded reason is missing repository-owned harness/reference evidence,32567,532,Area,Symbolized,s52_area_sndwav_symbolized_rcid_32567,scene_harness_not_covered
SNDWAV|Line|Lines|840|31916,SNDWAV,partial,ordinary_s57,harness_only_partial,109-s52-harness-and-standalone-proof,SNDWAV02,only remaining degraded reason is missing repository-owned harness/reference evidence,31916,840,Line,Lines,s52_line_sndwav_lines_rcid_31916,scene_harness_not_covered
SNDWAV|Point|Paper|2376|30533,SNDWAV,partial,ordinary_s57,harness_only_partial,109-s52-harness-and-standalone-proof,SNDWAV02,only remaining degraded reason is missing repository-owned harness/reference evidence,30533,2376,Point,Paper,s52_point_sndwav_paper_rcid_30533,scene_harness_not_covered
SNDWAV|Point|Simplified|1258|31310,SNDWAV,partial,ordinary_s57,harness_only_partial,109-s52-harness-and-standalone-proof,SNDWAV02,only remaining degraded reason is missing repository-owned harness/reference evidence,31310,1258,Point,Simplified,s52_point_sndwav_simplified_rcid_31310,scene_harness_not_covered
SPLARE|Area|Plain|192|32227,SPLARE,partial,ordinary_s57,harness_only_partial,109-s52-harness-and-standalone-proof,CTYARE51,only remaining degraded reason is missing repository-owned harness/reference evidence,32227,192,Area,Plain,s52_area_splare_plain_rcid_32227,scene_harness_not_covered
SPLARE|Area|Symbolized|533|32568,SPLARE,partial,ordinary_s57,harness_only_partial,109-s52-harness-and-standalone-proof,CTYARE51,only remaining degraded reason is missing repository-owned harness/reference evidence,32568,533,Area,Symbolized,s52_area_splare_symbolized_rcid_32568,scene_harness_not_covered
SPLARE|Point|Paper|2378|30535,SPLARE,partial,ordinary_s57,harness_only_partial,109-s52-harness-and-standalone-proof,CHINFO06,only remaining degraded reason is missing repository-owned harness/reference evidence,30535,2378,Point,Paper,s52_point_splare_paper_rcid_30535,scene_harness_not_covered
SPLARE|Point|Simplified|1260|31312,SPLARE,partial,ordinary_s57,harness_only_partial,109-s52-harness-and-standalone-proof,CHINFO06,only remaining degraded reason is missing repository-owned harness/reference evidence,31312,1260,Point,Simplified,s52_point_splare_simplified_rcid_31312,scene_harness_not_covered
SPRING|Point|Paper|2379|30536,SPRING,partial,ordinary_s57,harness_only_partial,109-s52-harness-and-standalone-proof,SPRING02,only remaining degraded reason is missing repository-owned harness/reference evidence,30536,2379,Point,Paper,s52_point_spring_paper_rcid_30536,scene_harness_not_covered
SPRING|Point|Simplified|1261|31313,SPRING,partial,ordinary_s57,harness_only_partial,109-s52-harness-and-standalone-proof,SPRING02,only remaining degraded reason is missing repository-owned harness/reference evidence,31313,1261,Point,Simplified,s52_point_spring_simplified_rcid_31313,scene_harness_not_covered
STSLNE|Line|Lines|841|31917,STSLNE,partial,ordinary_s57,harness_only_partial,109-s52-harness-and-standalone-proof,LS_DASH_1_CHGRF,only remaining degraded reason is missing repository-owned harness/reference evidence,31917,841,Line,Lines,s52_line_stslne_lines_rcid_31917,scene_harness_not_covered
SUBTLN|Area|Plain|193|32228,SUBTLN,partial,ordinary_s57,harness_only_partial,109-s52-harness-and-standalone-proof,CTYARE51,only remaining degraded reason is missing repository-owned harness/reference evidence,32228,193,Area,Plain,s52_area_subtln_plain_rcid_32228,scene_harness_not_covered
SUBTLN|Area|Symbolized|534|32569,SUBTLN,partial,ordinary_s57,harness_only_partial,109-s52-harness-and-standalone-proof,CTYARE51,only remaining degraded reason is missing repository-owned harness/reference evidence,32569,534,Area,Symbolized,s52_area_subtln_symbolized_rcid_32569,scene_harness_not_covered
SWPARE|Area|Plain|194|32229,SWPARE,partial,ordinary_s57,harness_only_partial,109-s52-harness-and-standalone-proof,SWPARE51,only remaining degraded reason is missing repository-owned harness/reference evidence,32229,194,Area,Plain,s52_area_swpare_plain_rcid_32229,scene_harness_not_covered
SWPARE|Area|Symbolized|535|32570,SWPARE,partial,ordinary_s57,harness_only_partial,109-s52-harness-and-standalone-proof,SWPARE51,only remaining degraded reason is missing repository-owned harness/reference evidence,32570,535,Area,Symbolized,s52_area_swpare_symbolized_rcid_32570,scene_harness_not_covered
TESARE|Area|Plain|195|32230,TESARE,partial,ordinary_s57,harness_only_partial,109-s52-harness-and-standalone-proof,LS_DASH_2_CHGRF,only remaining degraded reason is missing repository-owned harness/reference evidence,32230,195,Area,Plain,s52_area_tesare_plain_rcid_32230,scene_harness_not_covered
TESARE|Area|Symbolized|536|32571,TESARE,partial,ordinary_s57,harness_only_partial,109-s52-harness-and-standalone-proof,LS_DASH_2_CHGRF,only remaining degraded reason is missing repository-owned harness/reference evidence,32571,536,Area,Symbolized,s52_area_tesare_symbolized_rcid_32571,scene_harness_not_covered
TIDEWY|Area|Plain|196|32231,TIDEWY,partial,ordinary_s57,harness_only_partial,109-s52-harness-and-standalone-proof,TEXT01,only remaining degraded reason is missing repository-owned harness/reference evidence,32231,196,Area,Plain,s52_area_tidewy_plain_rcid_32231,scene_harness_not_covered
TIDEWY|Area|Symbolized|537|32572,TIDEWY,partial,ordinary_s57,harness_only_partial,109-s52-harness-and-standalone-proof,TEXT01,only remaining degraded reason is missing repository-owned harness/reference evidence,32572,537,Area,Symbolized,s52_area_tidewy_symbolized_rcid_32572,scene_harness_not_covered
TIDEWY|Line|Lines|842|31918,TIDEWY,partial,ordinary_s57,harness_only_partial,109-s52-harness-and-standalone-proof,LS_SOLD_1_CHGRF,only remaining degraded reason is missing repository-owned harness/reference evidence,31918,842,Line,Lines,s52_line_tidewy_lines_rcid_31918,scene_harness_not_covered
TOPMAR|Point|Paper|2380|30537,TOPMAR,partial,ordinary_s57,harness_only_partial,109-s52-harness-and-standalone-proof,TOPMAR98,only remaining degraded reason is missing repository-owned harness/reference evidence,30537,2380,Point,Paper,s52_point_topmar_paper_rcid_30537,scene_harness_not_covered
TOPMAR|Point|Paper|2386|30538,TOPMAR,partial,ordinary_s57,harness_only_partial,109-s52-harness-and-standalone-proof,TOPMAR99,only remaining degraded reason is missing repository-owned harness/reference evidence,30538,2386,Point,Paper,s52_point_topmar_paper_rcid_30538,scene_harness_not_covered
TOPMAR|Point|Paper|2452|30539,TOPMAR,partial,ordinary_s57,harness_only_partial,109-s52-harness-and-standalone-proof,TOPMAR01,only remaining degraded reason is missing repository-owned harness/reference evidence,30539,2452,Point,Paper,s52_point_topmar_paper_rcid_30539,scene_harness_not_covered
TOPMAR|Point|Paper|3013|3063030,TOPMAR,partial,ordinary_s57,harness_only_partial,109-s52-harness-and-standalone-proof,TOPMA116,only remaining degraded reason is missing repository-owned harness/reference evidence,3063030,3013,Point,Paper,s52_point_topmar_paper_rcid_3063030,scene_harness_not_covered
TOPMAR|Point|Paper|3014|3063031,TOPMAR,partial,ordinary_s57,harness_only_partial,109-s52-harness-and-standalone-proof,TOPMA116,only remaining degraded reason is missing repository-owned harness/reference evidence,3063031,3014,Point,Paper,s52_point_topmar_paper_rcid_3063031,scene_harness_not_covered
TOPMAR|Point|Paper|3030|3063046,TOPMAR,partial,ordinary_s57,harness_only_partial,109-s52-harness-and-standalone-proof,TOPMA117,only remaining degraded reason is missing repository-owned harness/reference evidence,3063046,3030,Point,Paper,s52_point_topmar_paper_rcid_3063046,scene_harness_not_covered
TOPMAR|Point|Paper|3037|3063053,TOPMAR,partial,ordinary_s57,harness_only_partial,109-s52-harness-and-standalone-proof,TOPSHP53,only remaining degraded reason is missing repository-owned harness/reference evidence,3063053,3037,Point,Paper,s52_point_topmar_paper_rcid_3063053,scene_harness_not_covered
TOPMAR|Point|Paper|12701|31537,TOPMAR,partial,ordinary_s57,harness_only_partial,109-s52-harness-and-standalone-proof,TOPMAR90,only remaining degraded reason is missing repository-owned harness/reference evidence,31537,12701,Point,Paper,s52_point_topmar_paper_rcid_31537,scene_harness_not_covered
TOPMAR|Point|Paper|12702|31538,TOPMAR,partial,ordinary_s57,harness_only_partial,109-s52-harness-and-standalone-proof,TOPMAR93,only remaining degraded reason is missing repository-owned harness/reference evidence,31538,12702,Point,Paper,s52_point_topmar_paper_rcid_31538,scene_harness_not_covered
TOPMAR|Point|Paper|2401|93824,TOPMAR,partial,ordinary_s57,harness_only_partial,109-s52-harness-and-standalone-proof,TOPSHPJ1,only remaining degraded reason is missing repository-owned harness/reference evidence,93824,2401,Point,Paper,s52_point_topmar_paper_rcid_93824,scene_harness_not_covered
TOPMAR|Point|Paper|2423|93825,TOPMAR,partial,ordinary_s57,harness_only_partial,109-s52-harness-and-standalone-proof,TOPSHQ17,only remaining degraded reason is missing repository-owned harness/reference evidence,93825,2423,Point,Paper,s52_point_topmar_paper_rcid_93825,scene_harness_not_covered
TOPMAR|Point|Paper|2444|93826,TOPMAR,partial,ordinary_s57,harness_only_partial,109-s52-harness-and-standalone-proof,TOPMAR01,only remaining degraded reason is missing repository-owned harness/reference evidence,93826,2444,Point,Paper,s52_point_topmar_paper_rcid_93826,scene_harness_not_covered
TOPMAR|Point|Paper|2443|93827,TOPMAR,partial,ordinary_s57,harness_only_partial,109-s52-harness-and-standalone-proof,TOPMAR01,only remaining degraded reason is missing repository-owned harness/reference evidence,93827,2443,Point,Paper,s52_point_topmar_paper_rcid_93827,scene_harness_not_covered
TOPMAR|Point|Paper|2411|93828,TOPMAR,partial,ordinary_s57,harness_only_partial,109-s52-harness-and-standalone-proof,TOPMA114,only remaining degraded reason is missing repository-owned harness/reference evidence,93828,2411,Point,Paper,s52_point_topmar_paper_rcid_93828,scene_harness_not_covered
TOPMAR|Point|Paper|2420|93829,TOPMAR,partial,ordinary_s57,harness_only_partial,109-s52-harness-and-standalone-proof,TOPMAR01,only remaining degraded reason is missing repository-owned harness/reference evidence,93829,2420,Point,Paper,s52_point_topmar_paper_rcid_93829,scene_harness_not_covered
TOPMAR|Point|Paper|2398|93832,TOPMAR,partial,ordinary_s57,harness_only_partial,109-s52-harness-and-standalone-proof,TOPMAR01,only remaining degraded reason is missing repository-owned harness/reference evidence,93832,2398,Point,Paper,s52_point_topmar_paper_rcid_93832,scene_harness_not_covered
TOPMAR|Point|Paper|2408|93833,TOPMAR,partial,ordinary_s57,harness_only_partial,109-s52-harness-and-standalone-proof,TOPMAR01,only remaining degraded reason is missing repository-owned harness/reference evidence,93833,2408,Point,Paper,s52_point_topmar_paper_rcid_93833,scene_harness_not_covered
TOPMAR|Point|Paper|2447|93834,TOPMAR,partial,ordinary_s57,harness_only_partial,109-s52-harness-and-standalone-proof,TOPMAR01,only remaining degraded reason is missing repository-owned harness/reference evidence,93834,2447,Point,Paper,s52_point_topmar_paper_rcid_93834,scene_harness_not_covered
TOPMAR|Point|Paper|2445|93835,TOPMAR,partial,ordinary_s57,harness_only_partial,109-s52-harness-and-standalone-proof,TOPMAR01,only remaining degraded reason is missing repository-owned harness/reference evidence,93835,2445,Point,Paper,s52_point_topmar_paper_rcid_93835,scene_harness_not_covered
TOPMAR|Point|Paper|2418|93836,TOPMAR,partial,ordinary_s57,harness_only_partial,109-s52-harness-and-standalone-proof,TOPMAR01,only remaining degraded reason is missing repository-owned harness/reference evidence,93836,2418,Point,Paper,s52_point_topmar_paper_rcid_93836,scene_harness_not_covered
TOPMAR|Point|Paper|2419|93837,TOPMAR,partial,ordinary_s57,harness_only_partial,109-s52-harness-and-standalone-proof,TOPMAR01,only remaining degraded reason is missing repository-owned harness/reference evidence,93837,2419,Point,Paper,s52_point_topmar_paper_rcid_93837,scene_harness_not_covered
TOPMAR|Point|Paper|2421|93838,TOPMAR,partial,ordinary_s57,harness_only_partial,109-s52-harness-and-standalone-proof,TOPMAR01,only remaining degraded reason is missing repository-owned harness/reference evidence,93838,2421,Point,Paper,s52_point_topmar_paper_rcid_93838,scene_harness_not_covered
TOPMAR|Point|Paper|2422|93839,TOPMAR,partial,ordinary_s57,harness_only_partial,109-s52-harness-and-standalone-proof,TOPMAR01,only remaining degraded reason is missing repository-owned harness/reference evidence,93839,2422,Point,Paper,s52_point_topmar_paper_rcid_93839,scene_harness_not_covered
TOPMAR|Point|Paper|2449|93840,TOPMAR,partial,ordinary_s57,harness_only_partial,109-s52-harness-and-standalone-proof,TOPSHQ07,only remaining degraded reason is missing repository-owned harness/reference evidence,93840,2449,Point,Paper,s52_point_topmar_paper_rcid_93840,scene_harness_not_covered
TOPMAR|Point|Paper|2425|93841,TOPMAR,partial,ordinary_s57,harness_only_partial,109-s52-harness-and-standalone-proof,TOPSHQ20,only remaining degraded reason is missing repository-owned harness/reference evidence,93841,2425,Point,Paper,s52_point_topmar_paper_rcid_93841,scene_harness_not_covered
TOPMAR|Point|Paper|2426|93842,TOPMAR,partial,ordinary_s57,harness_only_partial,109-s52-harness-and-standalone-proof,TOPSHQ21,only remaining degraded reason is missing repository-owned harness/reference evidence,93842,2426,Point,Paper,s52_point_topmar_paper_rcid_93842,scene_harness_not_covered
TOPMAR|Point|Paper|2427|93843,TOPMAR,partial,ordinary_s57,harness_only_partial,109-s52-harness-and-standalone-proof,TOPSHQ22,only remaining degraded reason is missing repository-owned harness/reference evidence,93843,2427,Point,Paper,s52_point_topmar_paper_rcid_93843,scene_harness_not_covered
TOPMAR|Point|Paper|2428|93844,TOPMAR,partial,ordinary_s57,harness_only_partial,109-s52-harness-and-standalone-proof,TOPSHQ23,only remaining degraded reason is missing repository-owned harness/reference evidence,93844,2428,Point,Paper,s52_point_topmar_paper_rcid_93844,scene_harness_not_covered
TOPMAR|Point|Paper|2429|93845,TOPMAR,partial,ordinary_s57,harness_only_partial,109-s52-harness-and-standalone-proof,TOPSHQ24,only remaining degraded reason is missing repository-owned harness/reference evidence,93845,2429,Point,Paper,s52_point_topmar_paper_rcid_93845,scene_harness_not_covered
TOPMAR|Point|Paper|2430|93846,TOPMAR,partial,ordinary_s57,harness_only_partial,109-s52-harness-and-standalone-proof,TOPSHQ25,only remaining degraded reason is missing repository-owned harness/reference evidence,93846,2430,Point,Paper,s52_point_topmar_paper_rcid_93846,scene_harness_not_covered
TOPMAR|Point|Paper|2424|93847,TOPMAR,partial,ordinary_s57,harness_only_partial,109-s52-harness-and-standalone-proof,TOPSHQ19,only remaining degraded reason is missing repository-owned harness/reference evidence,93847,2424,Point,Paper,s52_point_topmar_paper_rcid_93847,scene_harness_not_covered
TOPMAR|Point|Paper|2393|93848,TOPMAR,partial,ordinary_s57,harness_only_partial,109-s52-harness-and-standalone-proof,TOPMAR01,only remaining degraded reason is missing repository-owned harness/reference evidence,93848,2393,Point,Paper,s52_point_topmar_paper_rcid_93848,scene_harness_not_covered
TOPMAR|Point|Paper|2392|93850,TOPMAR,partial,ordinary_s57,harness_only_partial,109-s52-harness-and-standalone-proof,TOPMAR01,only remaining degraded reason is missing repository-owned harness/reference evidence,93850,2392,Point,Paper,s52_point_topmar_paper_rcid_93850,scene_harness_not_covered
TOPMAR|Point|Paper|2399|93852,TOPMAR,partial,ordinary_s57,harness_only_partial,109-s52-harness-and-standalone-proof,TOPMAR01,only remaining degraded reason is missing repository-owned harness/reference evidence,93852,2399,Point,Paper,s52_point_topmar_paper_rcid_93852,scene_harness_not_covered
TOPMAR|Point|Paper|2431|93855,TOPMAR,partial,ordinary_s57,harness_only_partial,109-s52-harness-and-standalone-proof,TOPSHQ26,only remaining degraded reason is missing repository-owned harness/reference evidence,93855,2431,Point,Paper,s52_point_topmar_paper_rcid_93855,scene_harness_not_covered
TOPMAR|Point|Paper|2416|93870,TOPMAR,partial,ordinary_s57,harness_only_partial,109-s52-harness-and-standalone-proof,TOPSHPI1,only remaining degraded reason is missing repository-owned harness/reference evidence,93870,2416,Point,Paper,s52_point_topmar_paper_rcid_93870,scene_harness_not_covered
TOPMAR|Point|Paper|2382|93871,TOPMAR,partial,ordinary_s57,harness_only_partial,109-s52-harness-and-standalone-proof,TOPMAR01,only remaining degraded reason is missing repository-owned harness/reference evidence,93871,2382,Point,Paper,s52_point_topmar_paper_rcid_93871,scene_harness_not_covered
TOPMAR|Point|Paper|2406|93872,TOPMAR,partial,ordinary_s57,harness_only_partial,109-s52-harness-and-standalone-proof,TOPMA115,only remaining degraded reason is missing repository-owned harness/reference evidence,93872,2406,Point,Paper,s52_point_topmar_paper_rcid_93872,scene_harness_not_covered
TOPMAR|Point|Paper|2446|93874,TOPMAR,partial,ordinary_s57,harness_only_partial,109-s52-harness-and-standalone-proof,TOPMAR01,only remaining degraded reason is missing repository-owned harness/reference evidence,93874,2446,Point,Paper,s52_point_topmar_paper_rcid_93874,scene_harness_not_covered
TOPMAR|Point|Paper|2410|93876,TOPMAR,partial,ordinary_s57,harness_only_partial,109-s52-harness-and-standalone-proof,TOPMAR01,only remaining degraded reason is missing repository-owned harness/reference evidence,93876,2410,Point,Paper,s52_point_topmar_paper_rcid_93876,scene_harness_not_covered
TOPMAR|Point|Paper|2448|93878,TOPMAR,partial,ordinary_s57,harness_only_partial,109-s52-harness-and-standalone-proof,TOPSHQ06,only remaining degraded reason is missing repository-owned harness/reference evidence,93878,2448,Point,Paper,s52_point_topmar_paper_rcid_93878,scene_harness_not_covered
TOPMAR|Point|Paper|2450|93880,TOPMAR,partial,ordinary_s57,harness_only_partial,109-s52-harness-and-standalone-proof,TOPSHQ08,only remaining degraded reason is missing repository-owned harness/reference evidence,93880,2450,Point,Paper,s52_point_topmar_paper_rcid_93880,scene_harness_not_covered
TOPMAR|Point|Paper|2383|93887,TOPMAR,partial,ordinary_s57,harness_only_partial,109-s52-harness-and-standalone-proof,TOPMAR01,only remaining degraded reason is missing repository-owned harness/reference evidence,93887,2383,Point,Paper,s52_point_topmar_paper_rcid_93887,scene_harness_not_covered
TOPMAR|Point|Paper|2407|93888,TOPMAR,partial,ordinary_s57,harness_only_partial,109-s52-harness-and-standalone-proof,TOPMAR01,only remaining degraded reason is missing repository-owned harness/reference evidence,93888,2407,Point,Paper,s52_point_topmar_paper_rcid_93888,scene_harness_not_covered
TOPMAR|Point|Paper|2415|93890,TOPMAR,partial,ordinary_s57,harness_only_partial,109-s52-harness-and-standalone-proof,TOPSHPI2,only remaining degraded reason is missing repository-owned harness/reference evidence,93890,2415,Point,Paper,s52_point_topmar_paper_rcid_93890,scene_harness_not_covered
TOPMAR|Point|Paper|2412|93891,TOPMAR,partial,ordinary_s57,harness_only_partial,109-s52-harness-and-standalone-proof,TOPMAR01,only remaining degraded reason is missing repository-owned harness/reference evidence,93891,2412,Point,Paper,s52_point_topmar_paper_rcid_93891,scene_harness_not_covered
TOPMAR|Point|Paper|2439|93892,TOPMAR,partial,ordinary_s57,harness_only_partial,109-s52-harness-and-standalone-proof,ZZZZZZ01,only remaining degraded reason is missing repository-owned harness/reference evidence,93892,2439,Point,Paper,s52_point_topmar_paper_rcid_93892,scene_harness_not_covered
TOPMAR|Point|Paper|2440|93895,TOPMAR,partial,ordinary_s57,harness_only_partial,109-s52-harness-and-standalone-proof,ZZZZZZ01,only remaining degraded reason is missing repository-owned harness/reference evidence,93895,2440,Point,Paper,s52_point_topmar_paper_rcid_93895,scene_harness_not_covered
TOPMAR|Point|Paper|2396|93897,TOPMAR,partial,ordinary_s57,harness_only_partial,109-s52-harness-and-standalone-proof,TOPSHP54,only remaining degraded reason is missing repository-owned harness/reference evidence,93897,2396,Point,Paper,s52_point_topmar_paper_rcid_93897,scene_harness_not_covered
TOPMAR|Point|Paper|2402|93899,TOPMAR,partial,ordinary_s57,harness_only_partial,109-s52-harness-and-standalone-proof,TOPSHP23,only remaining degraded reason is missing repository-owned harness/reference evidence,93899,2402,Point,Paper,s52_point_topmar_paper_rcid_93899,scene_harness_not_covered
TOPMAR|Point|Paper|2403|93900,TOPMAR,partial,ordinary_s57,harness_only_partial,109-s52-harness-and-standalone-proof,TOPSHPR1,only remaining degraded reason is missing repository-owned harness/reference evidence,93900,2403,Point,Paper,s52_point_topmar_paper_rcid_93900,scene_harness_not_covered
TOPMAR|Point|Paper|2432|93901,TOPMAR,partial,ordinary_s57,harness_only_partial,109-s52-harness-and-standalone-proof,TOPSHQ27,only remaining degraded reason is missing repository-owned harness/reference evidence,93901,2432,Point,Paper,s52_point_topmar_paper_rcid_93901,scene_harness_not_covered
TOPMAR|Point|Paper|2433|93904,TOPMAR,partial,ordinary_s57,harness_only_partial,109-s52-harness-and-standalone-proof,TOPSHQ28,only remaining degraded reason is missing repository-owned harness/reference evidence,93904,2433,Point,Paper,s52_point_topmar_paper_rcid_93904,scene_harness_not_covered
TOPMAR|Point|Paper|2417|93905,TOPMAR,partial,ordinary_s57,harness_only_partial,109-s52-harness-and-standalone-proof,TOPSHPP2,only remaining degraded reason is missing repository-owned harness/reference evidence,93905,2417,Point,Paper,s52_point_topmar_paper_rcid_93905,scene_harness_not_covered
TOPMAR|Point|Paper|2397|93907,TOPMAR,partial,ordinary_s57,harness_only_partial,109-s52-harness-and-standalone-proof,TOPSHP53,only remaining degraded reason is missing repository-owned harness/reference evidence,93907,2397,Point,Paper,s52_point_topmar_paper_rcid_93907,scene_harness_not_covered
TOPMAR|Point|Paper|2395|93908,TOPMAR,partial,ordinary_s57,harness_only_partial,109-s52-harness-and-standalone-proof,TOPSHP52,only remaining degraded reason is missing repository-owned harness/reference evidence,93908,2395,Point,Paper,s52_point_topmar_paper_rcid_93908,scene_harness_not_covered
TOPMAR|Point|Paper|2409|93909,TOPMAR,partial,ordinary_s57,harness_only_partial,109-s52-harness-and-standalone-proof,TOPMAR01,only remaining degraded reason is missing repository-owned harness/reference evidence,93909,2409,Point,Paper,s52_point_topmar_paper_rcid_93909,scene_harness_not_covered
TOPMAR|Point|Paper|2389|93910,TOPMAR,partial,ordinary_s57,harness_only_partial,109-s52-harness-and-standalone-proof,TOPSHP07,only remaining degraded reason is missing repository-owned harness/reference evidence,93910,2389,Point,Paper,s52_point_topmar_paper_rcid_93910,scene_harness_not_covered
TOPMAR|Point|Paper|2400|93911,TOPMAR,partial,ordinary_s57,harness_only_partial,109-s52-harness-and-standalone-proof,TOPSHPJ3,only remaining degraded reason is missing repository-owned harness/reference evidence,93911,2400,Point,Paper,s52_point_topmar_paper_rcid_93911,scene_harness_not_covered
TOPMAR|Point|Paper|2451|93912,TOPMAR,partial,ordinary_s57,harness_only_partial,109-s52-harness-and-standalone-proof,TOPMAR01,only remaining degraded reason is missing repository-owned harness/reference evidence,93912,2451,Point,Paper,s52_point_topmar_paper_rcid_93912,scene_harness_not_covered
TOPMAR|Point|Paper|2438|93915,TOPMAR,partial,ordinary_s57,harness_only_partial,109-s52-harness-and-standalone-proof,TOPMAR01,only remaining degraded reason is missing repository-owned harness/reference evidence,93915,2438,Point,Paper,s52_point_topmar_paper_rcid_93915,scene_harness_not_covered
TOPMAR|Point|Paper|2434|93935,TOPMAR,partial,ordinary_s57,harness_only_partial,109-s52-harness-and-standalone-proof,TOPSHQ29,only remaining degraded reason is missing repository-owned harness/reference evidence,93935,2434,Point,Paper,s52_point_topmar_paper_rcid_93935,scene_harness_not_covered
TOPMAR|Point|Paper|2435|93936,TOPMAR,partial,ordinary_s57,harness_only_partial,109-s52-harness-and-standalone-proof,TOPSHQ30,only remaining degraded reason is missing repository-owned harness/reference evidence,93936,2435,Point,Paper,s52_point_topmar_paper_rcid_93936,scene_harness_not_covered
TOPMAR|Point|Paper|2436|93937,TOPMAR,partial,ordinary_s57,harness_only_partial,109-s52-harness-and-standalone-proof,TOPSHQ31,only remaining degraded reason is missing repository-owned harness/reference evidence,93937,2436,Point,Paper,s52_point_topmar_paper_rcid_93937,scene_harness_not_covered
TOPMAR|Point|Paper|2437|93938,TOPMAR,partial,ordinary_s57,harness_only_partial,109-s52-harness-and-standalone-proof,TOPSHQ32,only remaining degraded reason is missing repository-owned harness/reference evidence,93938,2437,Point,Paper,s52_point_topmar_paper_rcid_93938,scene_harness_not_covered
TOPMAR|Point|Paper|2414|93951,TOPMAR,partial,ordinary_s57,harness_only_partial,109-s52-harness-and-standalone-proof,TOPSHPT1,only remaining degraded reason is missing repository-owned harness/reference evidence,93951,2414,Point,Paper,s52_point_topmar_paper_rcid_93951,scene_harness_not_covered
TOPMAR|Point|Paper|2384|93952,TOPMAR,partial,ordinary_s57,harness_only_partial,109-s52-harness-and-standalone-proof,TOPSHPT2,only remaining degraded reason is missing repository-owned harness/reference evidence,93952,2384,Point,Paper,s52_point_topmar_paper_rcid_93952,scene_harness_not_covered
TOPMAR|Point|Paper|2413|93953,TOPMAR,partial,ordinary_s57,harness_only_partial,109-s52-harness-and-standalone-proof,TOPSHPT3,only remaining degraded reason is missing repository-owned harness/reference evidence,93953,2413,Point,Paper,s52_point_topmar_paper_rcid_93953,scene_harness_not_covered
TOPMAR|Point|Paper|2391|93954,TOPMAR,partial,ordinary_s57,harness_only_partial,109-s52-harness-and-standalone-proof,TOPSHPT4,only remaining degraded reason is missing repository-owned harness/reference evidence,93954,2391,Point,Paper,s52_point_topmar_paper_rcid_93954,scene_harness_not_covered
TOPMAR|Point|Paper|2390|93955,TOPMAR,partial,ordinary_s57,harness_only_partial,109-s52-harness-and-standalone-proof,TOPSHPT5,only remaining degraded reason is missing repository-owned harness/reference evidence,93955,2390,Point,Paper,s52_point_topmar_paper_rcid_93955,scene_harness_not_covered
TOPMAR|Point|Paper|2387|93956,TOPMAR,partial,ordinary_s57,harness_only_partial,109-s52-harness-and-standalone-proof,TOPSHPT6,only remaining degraded reason is missing repository-owned harness/reference evidence,93956,2387,Point,Paper,s52_point_topmar_paper_rcid_93956,scene_harness_not_covered
TOPMAR|Point|Paper|2388|93957,TOPMAR,partial,ordinary_s57,harness_only_partial,109-s52-harness-and-standalone-proof,TOPSHPT7,only remaining degraded reason is missing repository-owned harness/reference evidence,93957,2388,Point,Paper,s52_point_topmar_paper_rcid_93957,scene_harness_not_covered
TOPMAR|Point|Paper|2405|93969,TOPMAR,partial,ordinary_s57,harness_only_partial,109-s52-harness-and-standalone-proof,TOPMAR01,only remaining degraded reason is missing repository-owned harness/reference evidence,93969,2405,Point,Paper,s52_point_topmar_paper_rcid_93969,scene_harness_not_covered
TOPMAR|Point|Paper|2394|93971,TOPMAR,partial,ordinary_s57,harness_only_partial,109-s52-harness-and-standalone-proof,TOPSHP51,only remaining degraded reason is missing repository-owned harness/reference evidence,93971,2394,Point,Paper,s52_point_topmar_paper_rcid_93971,scene_harness_not_covered
TOPMAR|Point|Paper|2385|93990,TOPMAR,partial,ordinary_s57,harness_only_partial,109-s52-harness-and-standalone-proof,TOPSHPI3,only remaining degraded reason is missing repository-owned harness/reference evidence,93990,2385,Point,Paper,s52_point_topmar_paper_rcid_93990,scene_harness_not_covered
TOPMAR|Point|Paper|2381|93991,TOPMAR,partial,ordinary_s57,harness_only_partial,109-s52-harness-and-standalone-proof,TOPSHPU2,only remaining degraded reason is missing repository-owned harness/reference evidence,93991,2381,Point,Paper,s52_point_topmar_paper_rcid_93991,scene_harness_not_covered
TOPMAR|Point|Paper|2404|93992,TOPMAR,partial,ordinary_s57,harness_only_partial,109-s52-harness-and-standalone-proof,TOPSHP10,only remaining degraded reason is missing repository-owned harness/reference evidence,93992,2404,Point,Paper,s52_point_topmar_paper_rcid_93992,scene_harness_not_covered
TOPMAR|Point|Paper|2441|94011,TOPMAR,partial,ordinary_s57,harness_only_partial,109-s52-harness-and-standalone-proof,TOPMAR91,only remaining degraded reason is missing repository-owned harness/reference evidence,94011,2441,Point,Paper,s52_point_topmar_paper_rcid_94011,scene_harness_not_covered
TOPMAR|Point|Paper|2441|940111,TOPMAR,partial,ordinary_s57,harness_only_partial,109-s52-harness-and-standalone-proof,TOPSHP20,only remaining degraded reason is missing repository-owned harness/reference evidence,940111,2441,Point,Paper,s52_point_topmar_paper_rcid_940111,scene_harness_not_covered
TOPMAR|Point|Paper|2442|94012,TOPMAR,partial,ordinary_s57,harness_only_partial,109-s52-harness-and-standalone-proof,TOPMAR92,only remaining degraded reason is missing repository-owned harness/reference evidence,94012,2442,Point,Paper,s52_point_topmar_paper_rcid_94012,scene_harness_not_covered
TOPMAR|Point|Paper|2442|940121,TOPMAR,partial,ordinary_s57,harness_only_partial,109-s52-harness-and-standalone-proof,TOPSHP48,only remaining degraded reason is missing repository-owned harness/reference evidence,940121,2442,Point,Paper,s52_point_topmar_paper_rcid_940121,scene_harness_not_covered
TOPMAR|Point|Simplified|1262|31314,TOPMAR,partial,ordinary_s57,harness_only_partial,109-s52-harness-and-standalone-proof,s52_point_topmar_simplified_rcid_31314,only remaining degraded reason is missing repository-owned harness/reference evidence,31314,1262,Point,Simplified,s52_point_topmar_simplified_rcid_31314,scene_harness_not_covered
TOPMAR|Point|Simplified|12703|31539,TOPMAR,partial,ordinary_s57,harness_only_partial,109-s52-harness-and-standalone-proof,TOPMAR88,only remaining degraded reason is missing repository-owned harness/reference evidence,31539,12703,Point,Simplified,s52_point_topmar_simplified_rcid_31539,scene_harness_not_covered
TOPMAR|Point|Simplified|12704|31540,TOPMAR,partial,ordinary_s57,harness_only_partial,109-s52-harness-and-standalone-proof,TOPMAR87,only remaining degraded reason is missing repository-owned harness/reference evidence,31540,12704,Point,Simplified,s52_point_topmar_simplified_rcid_31540,scene_harness_not_covered
TOWERS|Point|Paper|2465|30540,TOWERS,partial,ordinary_s57,harness_only_partial,109-s52-harness-and-standalone-proof,TOWERS80,only remaining degraded reason is missing repository-owned harness/reference evidence,30540,2465,Point,Paper,s52_point_towers_paper_rcid_30540,scene_harness_not_covered
TOWERS|Point|Paper|2466|30541,TOWERS,partial,ordinary_s57,harness_only_partial,109-s52-harness-and-standalone-proof,TOWERS70,only remaining degraded reason is missing repository-owned harness/reference evidence,30541,2466,Point,Paper,s52_point_towers_paper_rcid_30541,scene_harness_not_covered
TOWERS|Point|Paper|2467|30542,TOWERS,partial,ordinary_s57,harness_only_partial,109-s52-harness-and-standalone-proof,TOWERS81,only remaining degraded reason is missing repository-owned harness/reference evidence,30542,2467,Point,Paper,s52_point_towers_paper_rcid_30542,scene_harness_not_covered
TOWERS|Point|Paper|2468|30543,TOWERS,partial,ordinary_s57,harness_only_partial,109-s52-harness-and-standalone-proof,TOWERS71,only remaining degraded reason is missing repository-owned harness/reference evidence,30543,2468,Point,Paper,s52_point_towers_paper_rcid_30543,scene_harness_not_covered
TOWERS|Point|Paper|2470|30544,TOWERS,partial,ordinary_s57,harness_only_partial,109-s52-harness-and-standalone-proof,TOWERS79,only remaining degraded reason is missing repository-owned harness/reference evidence,30544,2470,Point,Paper,s52_point_towers_paper_rcid_30544,scene_harness_not_covered
TOWERS|Point|Paper|2471|30545,TOWERS,partial,ordinary_s57,harness_only_partial,109-s52-harness-and-standalone-proof,TOWERS78,only remaining degraded reason is missing repository-owned harness/reference evidence,30545,2471,Point,Paper,s52_point_towers_paper_rcid_30545,scene_harness_not_covered
TOWERS|Point|Paper|2472|30546,TOWERS,partial,ordinary_s57,harness_only_partial,109-s52-harness-and-standalone-proof,TOWERS77,only remaining degraded reason is missing repository-owned harness/reference evidence,30546,2472,Point,Paper,s52_point_towers_paper_rcid_30546,scene_harness_not_covered
TOWERS|Point|Paper|2474|30547,TOWERS,partial,ordinary_s57,harness_only_partial,109-s52-harness-and-standalone-proof,TOWERS87,only remaining degraded reason is missing repository-owned harness/reference evidence,30547,2474,Point,Paper,s52_point_towers_paper_rcid_30547,scene_harness_not_covered
TOWERS|Point|Paper|2475|30548,TOWERS,partial,ordinary_s57,harness_only_partial,109-s52-harness-and-standalone-proof,TOWERS83,only remaining degraded reason is missing repository-owned harness/reference evidence,30548,2475,Point,Paper,s52_point_towers_paper_rcid_30548,scene_harness_not_covered
TOWERS|Point|Paper|2476|30549,TOWERS,partial,ordinary_s57,harness_only_partial,109-s52-harness-and-standalone-proof,TOWERS68,only remaining degraded reason is missing repository-owned harness/reference evidence,30549,2476,Point,Paper,s52_point_towers_paper_rcid_30549,scene_harness_not_covered
TOWERS|Point|Paper|2477|30550,TOWERS,partial,ordinary_s57,harness_only_partial,109-s52-harness-and-standalone-proof,TOWERS84,only remaining degraded reason is missing repository-owned harness/reference evidence,30550,2477,Point,Paper,s52_point_towers_paper_rcid_30550,scene_harness_not_covered
TOWERS|Point|Paper|2478|30551,TOWERS,partial,ordinary_s57,harness_only_partial,109-s52-harness-and-standalone-proof,TOWERS85,only remaining degraded reason is missing repository-owned harness/reference evidence,30551,2478,Point,Paper,s52_point_towers_paper_rcid_30551,scene_harness_not_covered
TOWERS|Point|Paper|2479|30552,TOWERS,partial,ordinary_s57,harness_only_partial,109-s52-harness-and-standalone-proof,TOWERS85,only remaining degraded reason is missing repository-owned harness/reference evidence,30552,2479,Point,Paper,s52_point_towers_paper_rcid_30552,scene_harness_not_covered
TOWERS|Point|Paper|2480|30553,TOWERS,partial,ordinary_s57,harness_only_partial,109-s52-harness-and-standalone-proof,TOWERS82,only remaining degraded reason is missing repository-owned harness/reference evidence,30553,2480,Point,Paper,s52_point_towers_paper_rcid_30553,scene_harness_not_covered
TOWERS|Point|Paper|2481|30554,TOWERS,partial,ordinary_s57,harness_only_partial,109-s52-harness-and-standalone-proof,TOWERS77,only remaining degraded reason is missing repository-owned harness/reference evidence,30554,2481,Point,Paper,s52_point_towers_paper_rcid_30554,scene_harness_not_covered
TOWERS|Point|Paper|2482|30555,TOWERS,partial,ordinary_s57,harness_only_partial,109-s52-harness-and-standalone-proof,TOWERS89,only remaining degraded reason is missing repository-owned harness/reference evidence,30555,2482,Point,Paper,s52_point_towers_paper_rcid_30555,scene_harness_not_covered
TOWERS|Point|Paper|2483|30556,TOWERS,partial,ordinary_s57,harness_only_partial,109-s52-harness-and-standalone-proof,TOWERS69,only remaining degraded reason is missing repository-owned harness/reference evidence,30556,2483,Point,Paper,s52_point_towers_paper_rcid_30556,scene_harness_not_covered
TOWERS|Point|Paper|2484|30557,TOWERS,partial,ordinary_s57,harness_only_partial,109-s52-harness-and-standalone-proof,TOWERS91,only remaining degraded reason is missing repository-owned harness/reference evidence,30557,2484,Point,Paper,s52_point_towers_paper_rcid_30557,scene_harness_not_covered
TOWERS|Point|Paper|2485|30558,TOWERS,partial,ordinary_s57,harness_only_partial,109-s52-harness-and-standalone-proof,TOWERS90,only remaining degraded reason is missing repository-owned harness/reference evidence,30558,2485,Point,Paper,s52_point_towers_paper_rcid_30558,scene_harness_not_covered
TOWERS|Point|Paper|2487|30559,TOWERS,partial,ordinary_s57,harness_only_partial,109-s52-harness-and-standalone-proof,TOWERS02,only remaining degraded reason is missing repository-owned harness/reference evidence,30559,2487,Point,Paper,s52_point_towers_paper_rcid_30559,scene_harness_not_covered
TOWERS|Point|Paper|2488|30560,TOWERS,partial,ordinary_s57,harness_only_partial,109-s52-harness-and-standalone-proof,TOWERS15,only remaining degraded reason is missing repository-owned harness/reference evidence,30560,2488,Point,Paper,s52_point_towers_paper_rcid_30560,scene_harness_not_covered
TOWERS|Point|Paper|2489|30561,TOWERS,partial,ordinary_s57,harness_only_partial,109-s52-harness-and-standalone-proof,TOWERS05,only remaining degraded reason is missing repository-owned harness/reference evidence,30561,2489,Point,Paper,s52_point_towers_paper_rcid_30561,scene_harness_not_covered
TOWERS|Point|Paper|2490|30562,TOWERS,partial,ordinary_s57,harness_only_partial,109-s52-harness-and-standalone-proof,TOWERS63,only remaining degraded reason is missing repository-owned harness/reference evidence,30562,2490,Point,Paper,s52_point_towers_paper_rcid_30562,scene_harness_not_covered
TOWERS|Point|Paper|2491|30563,TOWERS,partial,ordinary_s57,harness_only_partial,109-s52-harness-and-standalone-proof,TOWERS60,only remaining degraded reason is missing repository-owned harness/reference evidence,30563,2491,Point,Paper,s52_point_towers_paper_rcid_30563,scene_harness_not_covered
TOWERS|Point|Paper|2492|30564,TOWERS,partial,ordinary_s57,harness_only_partial,109-s52-harness-and-standalone-proof,TOWERS61,only remaining degraded reason is missing repository-owned harness/reference evidence,30564,2492,Point,Paper,s52_point_towers_paper_rcid_30564,scene_harness_not_covered
TOWERS|Point|Paper|2493|30565,TOWERS,partial,ordinary_s57,harness_only_partial,109-s52-harness-and-standalone-proof,TOWERS62,only remaining degraded reason is missing repository-owned harness/reference evidence,30565,2493,Point,Paper,s52_point_towers_paper_rcid_30565,scene_harness_not_covered
TOWERS|Point|Paper|2494|30566,TOWERS,partial,ordinary_s57,harness_only_partial,109-s52-harness-and-standalone-proof,TOWERS86,only remaining degraded reason is missing repository-owned harness/reference evidence,30566,2494,Point,Paper,s52_point_towers_paper_rcid_30566,scene_harness_not_covered
TOWERS|Point|Paper|2496|30567,TOWERS,partial,ordinary_s57,harness_only_partial,109-s52-harness-and-standalone-proof,TOWERS03,only remaining degraded reason is missing repository-owned harness/reference evidence,30567,2496,Point,Paper,s52_point_towers_paper_rcid_30567,scene_harness_not_covered
TOWERS|Point|Paper|2458|93947,TOWERS,partial,ordinary_s57,harness_only_partial,109-s52-harness-and-standalone-proof,TOWERS95,only remaining degraded reason is missing repository-owned harness/reference evidence,93947,2458,Point,Paper,s52_point_towers_paper_rcid_93947,scene_harness_not_covered
TOWERS|Point|Paper|2457|93950,TOWERS,partial,ordinary_s57,harness_only_partial,109-s52-harness-and-standalone-proof,TOWERS96,only remaining degraded reason is missing repository-owned harness/reference evidence,93950,2457,Point,Paper,s52_point_towers_paper_rcid_93950,scene_harness_not_covered
TOWERS|Point|Paper|2463|93968,TOWERS,partial,ordinary_s57,harness_only_partial,109-s52-harness-and-standalone-proof,TOWERS98,only remaining degraded reason is missing repository-owned harness/reference evidence,93968,2463,Point,Paper,s52_point_towers_paper_rcid_93968,scene_harness_not_covered
TOWERS|Point|Paper|2461|93972,TOWERS,partial,ordinary_s57,harness_only_partial,109-s52-harness-and-standalone-proof,TOWERS99,only remaining degraded reason is missing repository-owned harness/reference evidence,93972,2461,Point,Paper,s52_point_towers_paper_rcid_93972,scene_harness_not_covered
TOWERS|Point|Paper|2495|93973,TOWERS,partial,ordinary_s57,harness_only_partial,109-s52-harness-and-standalone-proof,TOWERS59,only remaining degraded reason is missing repository-owned harness/reference evidence,93973,2495,Point,Paper,s52_point_towers_paper_rcid_93973,scene_harness_not_covered
TOWERS|Point|Paper|2460|93974,TOWERS,partial,ordinary_s57,harness_only_partial,109-s52-harness-and-standalone-proof,TOWERS58,only remaining degraded reason is missing repository-owned harness/reference evidence,93974,2460,Point,Paper,s52_point_towers_paper_rcid_93974,scene_harness_not_covered
TOWERS|Point|Paper|2462|93975,TOWERS,partial,ordinary_s57,harness_only_partial,109-s52-harness-and-standalone-proof,TOWERS57,only remaining degraded reason is missing repository-owned harness/reference evidence,93975,2462,Point,Paper,s52_point_towers_paper_rcid_93975,scene_harness_not_covered
TOWERS|Point|Paper|2455|93976,TOWERS,partial,ordinary_s57,harness_only_partial,109-s52-harness-and-standalone-proof,TOWERS56,only remaining degraded reason is missing repository-owned harness/reference evidence,93976,2455,Point,Paper,s52_point_towers_paper_rcid_93976,scene_harness_not_covered
TOWERS|Point|Paper|2464|93978,TOWERS,partial,ordinary_s57,harness_only_partial,109-s52-harness-and-standalone-proof,TOWERS55,only remaining degraded reason is missing repository-owned harness/reference evidence,93978,2464,Point,Paper,s52_point_towers_paper_rcid_93978,scene_harness_not_covered
TOWERS|Point|Paper|2453|93981,TOWERS,partial,ordinary_s57,harness_only_partial,109-s52-harness-and-standalone-proof,TOWERS72,only remaining degraded reason is missing repository-owned harness/reference evidence,93981,2453,Point,Paper,s52_point_towers_paper_rcid_93981,scene_harness_not_covered
TOWERS|Point|Paper|2459|93982,TOWERS,partial,ordinary_s57,harness_only_partial,109-s52-harness-and-standalone-proof,TOWERS76,only remaining degraded reason is missing repository-owned harness/reference evidence,93982,2459,Point,Paper,s52_point_towers_paper_rcid_93982,scene_harness_not_covered
TOWERS|Point|Paper|2456|93983,TOWERS,partial,ordinary_s57,harness_only_partial,109-s52-harness-and-standalone-proof,TOWERS75,only remaining degraded reason is missing repository-owned harness/reference evidence,93983,2456,Point,Paper,s52_point_towers_paper_rcid_93983,scene_harness_not_covered
TOWERS|Point|Paper|2473|93984,TOWERS,partial,ordinary_s57,harness_only_partial,109-s52-harness-and-standalone-proof,TOWERS76,only remaining degraded reason is missing repository-owned harness/reference evidence,93984,2473,Point,Paper,s52_point_towers_paper_rcid_93984,scene_harness_not_covered
TOWERS|Point|Paper|2469|93985,TOWERS,partial,ordinary_s57,parser_or_compiler_spillover,108-s52-all-lookuprow-closure,TOWERS74TXOBJNAM322151101_1CHBLK26,asset id or family looks like spillover/malformed parser output rather than a clean symbol gap,93985,2469,Point,Paper,s52_point_towers_paper_rcid_93985,compiler_missing_point_asset:TOWERS74TXOBJNAM322151101_1CHBLK26;scene_harness_not_covered
TOWERS|Point|Paper|2486|93986,TOWERS,partial,ordinary_s57,harness_only_partial,109-s52-harness-and-standalone-proof,TOWERS64,only remaining degraded reason is missing repository-owned harness/reference evidence,93986,2486,Point,Paper,s52_point_towers_paper_rcid_93986,scene_harness_not_covered
TOWERS|Point|Paper|2454|93987,TOWERS,partial,ordinary_s57,harness_only_partial,109-s52-harness-and-standalone-proof,TOWERS54,only remaining degraded reason is missing repository-owned harness/reference evidence,93987,2454,Point,Paper,s52_point_towers_paper_rcid_93987,scene_harness_not_covered
TOWERS|Point|Simplified|1263|31315,TOWERS,partial,ordinary_s57,harness_only_partial,109-s52-harness-and-standalone-proof,TOWERS03,only remaining degraded reason is missing repository-owned harness/reference evidence,31315,1263,Point,Simplified,s52_point_towers_simplified_rcid_31315,scene_harness_not_covered
TRFLNE|Line|Lines|1733|54025,TRFLNE,partial,ordinary_s57,harness_only_partial,109-s52-harness-and-standalone-proof,LS_DASH_2_CHMGD,only remaining degraded reason is missing repository-owned harness/reference evidence,54025,1733,Line,Lines,s52_line_trflne_lines_rcid_54025,scene_harness_not_covered
TSELNE|Line|Lines|843|31919,TSELNE,partial,ordinary_s57,harness_only_partial,109-s52-harness-and-standalone-proof,LS_SOLD_6_TRFCF,only remaining degraded reason is missing repository-owned harness/reference evidence,31919,843,Line,Lines,s52_line_tselne_lines_rcid_31919,scene_harness_not_covered
TSEZNE|Area|Plain|197|32232,TSEZNE,partial,ordinary_s57,harness_only_partial,109-s52-harness-and-standalone-proof,s52_area_tsezne_plain_rcid_32232,only remaining degraded reason is missing repository-owned harness/reference evidence,32232,197,Area,Plain,s52_area_tsezne_plain_rcid_32232,scene_harness_not_covered
TSEZNE|Area|Symbolized|538|32573,TSEZNE,partial,ordinary_s57,harness_only_partial,109-s52-harness-and-standalone-proof,s52_area_tsezne_symbolized_rcid_32573,only remaining degraded reason is missing repository-owned harness/reference evidence,32573,538,Area,Symbolized,s52_area_tsezne_symbolized_rcid_32573,scene_harness_not_covered
TSSBND|Line|Lines|844|31920,TSSBND,partial,ordinary_s57,harness_only_partial,109-s52-harness-and-standalone-proof,LS_DASH_2_TRFCD,only remaining degraded reason is missing repository-owned harness/reference evidence,31920,844,Line,Lines,s52_line_tssbnd_lines_rcid_31920,scene_harness_not_covered
TSSCRS|Area|Plain|198|32233,TSSCRS,partial,ordinary_s57,harness_only_partial,109-s52-harness-and-standalone-proof,TSSCRS51,only remaining degraded reason is missing repository-owned harness/reference evidence,32233,198,Area,Plain,s52_area_tsscrs_plain_rcid_32233,scene_harness_not_covered
TSSCRS|Area|Symbolized|539|32574,TSSCRS,partial,ordinary_s57,harness_only_partial,109-s52-harness-and-standalone-proof,TSSCRS51,only remaining degraded reason is missing repository-owned harness/reference evidence,32574,539,Area,Symbolized,s52_area_tsscrs_symbolized_rcid_32574,scene_harness_not_covered
TSSLPT|Area|Plain|199|32234,TSSLPT,partial,ordinary_s57,harness_only_partial,109-s52-harness-and-standalone-proof,TSSLPT51,only remaining degraded reason is missing repository-owned harness/reference evidence,32234,199,Area,Plain,s52_area_tsslpt_plain_rcid_32234,scene_harness_not_covered
TSSLPT|Area|Plain|200|32235,TSSLPT,partial,ordinary_s57,harness_only_partial,109-s52-harness-and-standalone-proof,TSSLPT51,only remaining degraded reason is missing repository-owned harness/reference evidence,32235,200,Area,Plain,s52_area_tsslpt_plain_rcid_32235,scene_harness_not_covered
TSSLPT|Area|Plain|201|32236,TSSLPT,partial,ordinary_s57,harness_only_partial,109-s52-harness-and-standalone-proof,CTNARE51,only remaining degraded reason is missing repository-owned harness/reference evidence,32236,201,Area,Plain,s52_area_tsslpt_plain_rcid_32236,scene_harness_not_covered
TSSLPT|Area|Symbolized|540|32575,TSSLPT,partial,ordinary_s57,harness_only_partial,109-s52-harness-and-standalone-proof,TSSLPT51,only remaining degraded reason is missing repository-owned harness/reference evidence,32575,540,Area,Symbolized,s52_area_tsslpt_symbolized_rcid_32575,scene_harness_not_covered
TSSLPT|Area|Symbolized|541|32576,TSSLPT,partial,ordinary_s57,harness_only_partial,109-s52-harness-and-standalone-proof,TSSLPT51,only remaining degraded reason is missing repository-owned harness/reference evidence,32576,541,Area,Symbolized,s52_area_tsslpt_symbolized_rcid_32576,scene_harness_not_covered
TSSLPT|Area|Symbolized|542|32577,TSSLPT,partial,ordinary_s57,harness_only_partial,109-s52-harness-and-standalone-proof,CTNARE51,only remaining degraded reason is missing repository-owned harness/reference evidence,32577,542,Area,Symbolized,s52_area_tsslpt_symbolized_rcid_32577,scene_harness_not_covered
TSSRON|Area|Plain|202|32237,TSSRON,partial,ordinary_s57,harness_only_partial,109-s52-harness-and-standalone-proof,TSSRON51,only remaining degraded reason is missing repository-owned harness/reference evidence,32237,202,Area,Plain,s52_area_tssron_plain_rcid_32237,scene_harness_not_covered
TSSRON|Area|Symbolized|543|32578,TSSRON,partial,ordinary_s57,harness_only_partial,109-s52-harness-and-standalone-proof,TSSRON51,only remaining degraded reason is missing repository-owned harness/reference evidence,32578,543,Area,Symbolized,s52_area_tssron_symbolized_rcid_32578,scene_harness_not_covered
TS_FEB|Area|Plain|203|32238,TS_FEB,partial,ordinary_s57,harness_only_partial,109-s52-harness-and-standalone-proof,FLDSTR01,only remaining degraded reason is missing repository-owned harness/reference evidence,32238,203,Area,Plain,s52_area_ts_feb_plain_rcid_32238,scene_harness_not_covered
TS_FEB|Area|Plain|204|32239,TS_FEB,partial,ordinary_s57,harness_only_partial,109-s52-harness-and-standalone-proof,EBBSTR01,only remaining degraded reason is missing repository-owned harness/reference evidence,32239,204,Area,Plain,s52_area_ts_feb_plain_rcid_32239,scene_harness_not_covered
TS_FEB|Area|Plain|205|32240,TS_FEB,partial,ordinary_s57,harness_only_partial,109-s52-harness-and-standalone-proof,CURENT01,only remaining degraded reason is missing repository-owned harness/reference evidence,32240,205,Area,Plain,s52_area_ts_feb_plain_rcid_32240,scene_harness_not_covered
TS_FEB|Area|Plain|206|32241,TS_FEB,partial,ordinary_s57,harness_only_partial,109-s52-harness-and-standalone-proof,CURDEF01,only remaining degraded reason is missing repository-owned harness/reference evidence,32241,206,Area,Plain,s52_area_ts_feb_plain_rcid_32241,scene_harness_not_covered
TS_FEB|Area|Symbolized|544|32579,TS_FEB,partial,ordinary_s57,harness_only_partial,109-s52-harness-and-standalone-proof,FLDSTR01,only remaining degraded reason is missing repository-owned harness/reference evidence,32579,544,Area,Symbolized,s52_area_ts_feb_symbolized_rcid_32579,scene_harness_not_covered
TS_FEB|Area|Symbolized|545|32580,TS_FEB,partial,ordinary_s57,harness_only_partial,109-s52-harness-and-standalone-proof,EBBSTR01,only remaining degraded reason is missing repository-owned harness/reference evidence,32580,545,Area,Symbolized,s52_area_ts_feb_symbolized_rcid_32580,scene_harness_not_covered
TS_FEB|Area|Symbolized|546|32581,TS_FEB,partial,ordinary_s57,harness_only_partial,109-s52-harness-and-standalone-proof,CURENT01,only remaining degraded reason is missing repository-owned harness/reference evidence,32581,546,Area,Symbolized,s52_area_ts_feb_symbolized_rcid_32581,scene_harness_not_covered
TS_FEB|Area|Symbolized|547|32582,TS_FEB,partial,ordinary_s57,harness_only_partial,109-s52-harness-and-standalone-proof,CURDEF01,only remaining degraded reason is missing repository-owned harness/reference evidence,32582,547,Area,Symbolized,s52_area_ts_feb_symbolized_rcid_32582,scene_harness_not_covered
TS_FEB|Point|Paper|2497|30568,TS_FEB,partial,ordinary_s57,harness_only_partial,109-s52-harness-and-standalone-proof,FLDSTR01,only remaining degraded reason is missing repository-owned harness/reference evidence,30568,2497,Point,Paper,s52_point_ts_feb_paper_rcid_30568,scene_harness_not_covered
TS_FEB|Point|Paper|2498|30569,TS_FEB,partial,ordinary_s57,harness_only_partial,109-s52-harness-and-standalone-proof,EBBSTR01,only remaining degraded reason is missing repository-owned harness/reference evidence,30569,2498,Point,Paper,s52_point_ts_feb_paper_rcid_30569,scene_harness_not_covered
TS_FEB|Point|Paper|2499|30570,TS_FEB,partial,ordinary_s57,harness_only_partial,109-s52-harness-and-standalone-proof,CURENT01,only remaining degraded reason is missing repository-owned harness/reference evidence,30570,2499,Point,Paper,s52_point_ts_feb_paper_rcid_30570,scene_harness_not_covered
TS_FEB|Point|Paper|2500|30571,TS_FEB,partial,ordinary_s57,harness_only_partial,109-s52-harness-and-standalone-proof,CURDEF01,only remaining degraded reason is missing repository-owned harness/reference evidence,30571,2500,Point,Paper,s52_point_ts_feb_paper_rcid_30571,scene_harness_not_covered
TS_FEB|Point|Simplified|1264|31316,TS_FEB,partial,ordinary_s57,harness_only_partial,109-s52-harness-and-standalone-proof,FLDSTR01,only remaining degraded reason is missing repository-owned harness/reference evidence,31316,1264,Point,Simplified,s52_point_ts_feb_simplified_rcid_31316,scene_harness_not_covered
TS_FEB|Point|Simplified|1265|31317,TS_FEB,partial,ordinary_s57,harness_only_partial,109-s52-harness-and-standalone-proof,EBBSTR01,only remaining degraded reason is missing repository-owned harness/reference evidence,31317,1265,Point,Simplified,s52_point_ts_feb_simplified_rcid_31317,scene_harness_not_covered
TS_FEB|Point|Simplified|1266|31318,TS_FEB,partial,ordinary_s57,harness_only_partial,109-s52-harness-and-standalone-proof,CURENT01,only remaining degraded reason is missing repository-owned harness/reference evidence,31318,1266,Point,Simplified,s52_point_ts_feb_simplified_rcid_31318,scene_harness_not_covered
TS_FEB|Point|Simplified|1267|31319,TS_FEB,partial,ordinary_s57,harness_only_partial,109-s52-harness-and-standalone-proof,CURDEF01,only remaining degraded reason is missing repository-owned harness/reference evidence,31319,1267,Point,Simplified,s52_point_ts_feb_simplified_rcid_31319,scene_harness_not_covered
TS_PAD|Area|Plain|207|32242,TS_PAD,partial,ordinary_s57,harness_only_partial,109-s52-harness-and-standalone-proof,TIDSTR01,only remaining degraded reason is missing repository-owned harness/reference evidence,32242,207,Area,Plain,s52_area_ts_pad_plain_rcid_32242,scene_harness_not_covered
TS_PAD|Area|Symbolized|548|32583,TS_PAD,partial,ordinary_s57,harness_only_partial,109-s52-harness-and-standalone-proof,TIDSTR01,only remaining degraded reason is missing repository-owned harness/reference evidence,32583,548,Area,Symbolized,s52_area_ts_pad_symbolized_rcid_32583,scene_harness_not_covered
TS_PAD|Point|Paper|2501|30572,TS_PAD,partial,ordinary_s57,harness_only_partial,109-s52-harness-and-standalone-proof,TIDSTR01,only remaining degraded reason is missing repository-owned harness/reference evidence,30572,2501,Point,Paper,s52_point_ts_pad_paper_rcid_30572,scene_harness_not_covered
TS_PAD|Point|Simplified|1268|31320,TS_PAD,partial,ordinary_s57,harness_only_partial,109-s52-harness-and-standalone-proof,TIDSTR01,only remaining degraded reason is missing repository-owned harness/reference evidence,31320,1268,Point,Simplified,s52_point_ts_pad_simplified_rcid_31320,scene_harness_not_covered
TS_PNH|Area|Plain|208|32243,TS_PNH,partial,ordinary_s57,harness_only_partial,109-s52-harness-and-standalone-proof,TIDSTR01,only remaining degraded reason is missing repository-owned harness/reference evidence,32243,208,Area,Plain,s52_area_ts_pnh_plain_rcid_32243,scene_harness_not_covered
TS_PNH|Area|Symbolized|549|32584,TS_PNH,partial,ordinary_s57,harness_only_partial,109-s52-harness-and-standalone-proof,TIDSTR01,only remaining degraded reason is missing repository-owned harness/reference evidence,32584,549,Area,Symbolized,s52_area_ts_pnh_symbolized_rcid_32584,scene_harness_not_covered
TS_PNH|Point|Paper|2502|30573,TS_PNH,partial,ordinary_s57,harness_only_partial,109-s52-harness-and-standalone-proof,TIDSTR01,only remaining degraded reason is missing repository-owned harness/reference evidence,30573,2502,Point,Paper,s52_point_ts_pnh_paper_rcid_30573,scene_harness_not_covered
TS_PNH|Point|Simplified|1269|31321,TS_PNH,partial,ordinary_s57,harness_only_partial,109-s52-harness-and-standalone-proof,TIDSTR01,only remaining degraded reason is missing repository-owned harness/reference evidence,31321,1269,Point,Simplified,s52_point_ts_pnh_simplified_rcid_31321,scene_harness_not_covered
TS_PRH|Area|Plain|209|32244,TS_PRH,partial,ordinary_s57,harness_only_partial,109-s52-harness-and-standalone-proof,TIDSTR01,only remaining degraded reason is missing repository-owned harness/reference evidence,32244,209,Area,Plain,s52_area_ts_prh_plain_rcid_32244,scene_harness_not_covered
TS_PRH|Area|Symbolized|550|32585,TS_PRH,partial,ordinary_s57,harness_only_partial,109-s52-harness-and-standalone-proof,TIDSTR01,only remaining degraded reason is missing repository-owned harness/reference evidence,32585,550,Area,Symbolized,s52_area_ts_prh_symbolized_rcid_32585,scene_harness_not_covered
TS_PRH|Point|Paper|2503|30574,TS_PRH,partial,ordinary_s57,harness_only_partial,109-s52-harness-and-standalone-proof,TIDSTR01,only remaining degraded reason is missing repository-owned harness/reference evidence,30574,2503,Point,Paper,s52_point_ts_prh_paper_rcid_30574,scene_harness_not_covered
TS_PRH|Point|Simplified|1270|31322,TS_PRH,partial,ordinary_s57,harness_only_partial,109-s52-harness-and-standalone-proof,TIDSTR01,only remaining degraded reason is missing repository-owned harness/reference evidence,31322,1270,Point,Simplified,s52_point_ts_prh_simplified_rcid_31322,scene_harness_not_covered
TS_TIS|Area|Plain|210|32245,TS_TIS,partial,ordinary_s57,harness_only_partial,109-s52-harness-and-standalone-proof,TIDSTR01,only remaining degraded reason is missing repository-owned harness/reference evidence,32245,210,Area,Plain,s52_area_ts_tis_plain_rcid_32245,scene_harness_not_covered
TS_TIS|Area|Symbolized|551|32586,TS_TIS,partial,ordinary_s57,harness_only_partial,109-s52-harness-and-standalone-proof,TIDSTR01,only remaining degraded reason is missing repository-owned harness/reference evidence,32586,551,Area,Symbolized,s52_area_ts_tis_symbolized_rcid_32586,scene_harness_not_covered
TS_TIS|Point|Paper|2504|30575,TS_TIS,partial,ordinary_s57,harness_only_partial,109-s52-harness-and-standalone-proof,TIDSTR01,only remaining degraded reason is missing repository-owned harness/reference evidence,30575,2504,Point,Paper,s52_point_ts_tis_paper_rcid_30575,scene_harness_not_covered
TS_TIS|Point|Simplified|1271|31323,TS_TIS,partial,ordinary_s57,harness_only_partial,109-s52-harness-and-standalone-proof,TIDSTR01,only remaining degraded reason is missing repository-owned harness/reference evidence,31323,1271,Point,Simplified,s52_point_ts_tis_simplified_rcid_31323,scene_harness_not_covered
TUNNEL|Area|Plain|211|32246,TUNNEL,partial,ordinary_s57,harness_only_partial,109-s52-harness-and-standalone-proof,LS_DASH_1_CHBLK,only remaining degraded reason is missing repository-owned harness/reference evidence,32246,211,Area,Plain,s52_area_tunnel_plain_rcid_32246,scene_harness_not_covered
TUNNEL|Area|Plain|212|32247,TUNNEL,partial,ordinary_s57,harness_only_partial,109-s52-harness-and-standalone-proof,LS_DASH_1_CHGRD,only remaining degraded reason is missing repository-owned harness/reference evidence,32247,212,Area,Plain,s52_area_tunnel_plain_rcid_32247,scene_harness_not_covered
TUNNEL|Area|Symbolized|552|32587,TUNNEL,partial,ordinary_s57,harness_only_partial,109-s52-harness-and-standalone-proof,LS_DASH_1_CHBLK,only remaining degraded reason is missing repository-owned harness/reference evidence,32587,552,Area,Symbolized,s52_area_tunnel_symbolized_rcid_32587,scene_harness_not_covered
TUNNEL|Area|Symbolized|553|32588,TUNNEL,partial,ordinary_s57,harness_only_partial,109-s52-harness-and-standalone-proof,LS_DASH_1_CHGRD,only remaining degraded reason is missing repository-owned harness/reference evidence,32588,553,Area,Symbolized,s52_area_tunnel_symbolized_rcid_32588,scene_harness_not_covered
TUNNEL|Line|Lines|845|31921,TUNNEL,partial,ordinary_s57,harness_only_partial,109-s52-harness-and-standalone-proof,LS_DASH_2_CHBLK,only remaining degraded reason is missing repository-owned harness/reference evidence,31921,845,Line,Lines,s52_line_tunnel_lines_rcid_31921,scene_harness_not_covered
TUNNEL|Line|Lines|846|31922,TUNNEL,partial,ordinary_s57,harness_only_partial,109-s52-harness-and-standalone-proof,LS_DASH_1_CHGRD,only remaining degraded reason is missing repository-owned harness/reference evidence,31922,846,Line,Lines,s52_line_tunnel_lines_rcid_31922,scene_harness_not_covered
TUNNEL|Point|Paper|2505|30576,TUNNEL,partial,ordinary_s57,harness_only_partial,109-s52-harness-and-standalone-proof,s52_point_tunnel_paper_rcid_30576,only remaining degraded reason is missing repository-owned harness/reference evidence,30576,2505,Point,Paper,s52_point_tunnel_paper_rcid_30576,scene_harness_not_covered
TUNNEL|Point|Simplified|1272|31324,TUNNEL,partial,ordinary_s57,harness_only_partial,109-s52-harness-and-standalone-proof,s52_point_tunnel_simplified_rcid_31324,only remaining degraded reason is missing repository-owned harness/reference evidence,31324,1272,Point,Simplified,s52_point_tunnel_simplified_rcid_31324,scene_harness_not_covered
TWRTPT|Area|Plain|213|32248,TWRTPT,partial,ordinary_s57,harness_only_partial,109-s52-harness-and-standalone-proof,TWRTPT53,only remaining degraded reason is missing repository-owned harness/reference evidence,32248,213,Area,Plain,s52_area_twrtpt_plain_rcid_32248,scene_harness_not_covered
TWRTPT|Area|Plain|214|32249,TWRTPT,partial,ordinary_s57,harness_only_partial,109-s52-harness-and-standalone-proof,TWRTPT53,only remaining degraded reason is missing repository-owned harness/reference evidence,32249,214,Area,Plain,s52_area_twrtpt_plain_rcid_32249,scene_harness_not_covered
TWRTPT|Area|Plain|215|32250,TWRTPT,partial,ordinary_s57,harness_only_partial,109-s52-harness-and-standalone-proof,TWRTPT53,only remaining degraded reason is missing repository-owned harness/reference evidence,32250,215,Area,Plain,s52_area_twrtpt_plain_rcid_32250,scene_harness_not_covered
TWRTPT|Area|Plain|216|32251,TWRTPT,partial,ordinary_s57,harness_only_partial,109-s52-harness-and-standalone-proof,TWRTPT52,only remaining degraded reason is missing repository-owned harness/reference evidence,32251,216,Area,Plain,s52_area_twrtpt_plain_rcid_32251,scene_harness_not_covered
TWRTPT|Area|Plain|217|32252,TWRTPT,partial,ordinary_s57,harness_only_partial,109-s52-harness-and-standalone-proof,TWRDEF51,only remaining degraded reason is missing repository-owned harness/reference evidence,32252,217,Area,Plain,s52_area_twrtpt_plain_rcid_32252,scene_harness_not_covered
TWRTPT|Area|Symbolized|554|32589,TWRTPT,partial,ordinary_s57,harness_only_partial,109-s52-harness-and-standalone-proof,TWRTPT53,only remaining degraded reason is missing repository-owned harness/reference evidence,32589,554,Area,Symbolized,s52_area_twrtpt_symbolized_rcid_32589,scene_harness_not_covered
TWRTPT|Area|Symbolized|555|32590,TWRTPT,partial,ordinary_s57,harness_only_partial,109-s52-harness-and-standalone-proof,TWRTPT53,only remaining degraded reason is missing repository-owned harness/reference evidence,32590,555,Area,Symbolized,s52_area_twrtpt_symbolized_rcid_32590,scene_harness_not_covered
TWRTPT|Area|Symbolized|556|32591,TWRTPT,partial,ordinary_s57,harness_only_partial,109-s52-harness-and-standalone-proof,TWRTPT53,only remaining degraded reason is missing repository-owned harness/reference evidence,32591,556,Area,Symbolized,s52_area_twrtpt_symbolized_rcid_32591,scene_harness_not_covered
TWRTPT|Area|Symbolized|557|32592,TWRTPT,partial,ordinary_s57,harness_only_partial,109-s52-harness-and-standalone-proof,TWRTPT52,only remaining degraded reason is missing repository-owned harness/reference evidence,32592,557,Area,Symbolized,s52_area_twrtpt_symbolized_rcid_32592,scene_harness_not_covered
TWRTPT|Area|Symbolized|558|32593,TWRTPT,partial,ordinary_s57,harness_only_partial,109-s52-harness-and-standalone-proof,TWRDEF51,only remaining degraded reason is missing repository-owned harness/reference evidence,32593,558,Area,Symbolized,s52_area_twrtpt_symbolized_rcid_32593,scene_harness_not_covered
T_HMON|Area|Plain|218|32253,T_HMON,partial,ordinary_s57,harness_only_partial,109-s52-harness-and-standalone-proof,TIDEHT01,only remaining degraded reason is missing repository-owned harness/reference evidence,32253,218,Area,Plain,s52_area_t_hmon_plain_rcid_32253,scene_harness_not_covered
T_HMON|Area|Symbolized|559|32594,T_HMON,partial,ordinary_s57,harness_only_partial,109-s52-harness-and-standalone-proof,TIDEHT01,only remaining degraded reason is missing repository-owned harness/reference evidence,32594,559,Area,Symbolized,s52_area_t_hmon_symbolized_rcid_32594,scene_harness_not_covered
T_HMON|Point|Paper|2506|30577,T_HMON,partial,ordinary_s57,harness_only_partial,109-s52-harness-and-standalone-proof,TIDEHT01,only remaining degraded reason is missing repository-owned harness/reference evidence,30577,2506,Point,Paper,s52_point_t_hmon_paper_rcid_30577,scene_harness_not_covered
T_HMON|Point|Simplified|1273|31325,T_HMON,partial,ordinary_s57,harness_only_partial,109-s52-harness-and-standalone-proof,TIDEHT01,only remaining degraded reason is missing repository-owned harness/reference evidence,31325,1273,Point,Simplified,s52_point_t_hmon_simplified_rcid_31325,scene_harness_not_covered
T_NHMN|Area|Plain|219|32254,T_NHMN,partial,ordinary_s57,harness_only_partial,109-s52-harness-and-standalone-proof,TIDEHT01,only remaining degraded reason is missing repository-owned harness/reference evidence,32254,219,Area,Plain,s52_area_t_nhmn_plain_rcid_32254,scene_harness_not_covered
T_NHMN|Area|Symbolized|560|32595,T_NHMN,partial,ordinary_s57,harness_only_partial,109-s52-harness-and-standalone-proof,TIDEHT01,only remaining degraded reason is missing repository-owned harness/reference evidence,32595,560,Area,Symbolized,s52_area_t_nhmn_symbolized_rcid_32595,scene_harness_not_covered
T_NHMN|Point|Paper|2507|30578,T_NHMN,partial,ordinary_s57,harness_only_partial,109-s52-harness-and-standalone-proof,TIDEHT01,only remaining degraded reason is missing repository-owned harness/reference evidence,30578,2507,Point,Paper,s52_point_t_nhmn_paper_rcid_30578,scene_harness_not_covered
T_NHMN|Point|Simplified|1274|31326,T_NHMN,partial,ordinary_s57,harness_only_partial,109-s52-harness-and-standalone-proof,TIDEHT01,only remaining degraded reason is missing repository-owned harness/reference evidence,31326,1274,Point,Simplified,s52_point_t_nhmn_simplified_rcid_31326,scene_harness_not_covered
T_TIMS|Area|Plain|220|32255,T_TIMS,partial,ordinary_s57,harness_only_partial,109-s52-harness-and-standalone-proof,TIDEHT01,only remaining degraded reason is missing repository-owned harness/reference evidence,32255,220,Area,Plain,s52_area_t_tims_plain_rcid_32255,scene_harness_not_covered
T_TIMS|Area|Symbolized|561|32596,T_TIMS,partial,ordinary_s57,harness_only_partial,109-s52-harness-and-standalone-proof,TIDEHT01,only remaining degraded reason is missing repository-owned harness/reference evidence,32596,561,Area,Symbolized,s52_area_t_tims_symbolized_rcid_32596,scene_harness_not_covered
T_TIMS|Point|Paper|2508|30579,T_TIMS,partial,ordinary_s57,harness_only_partial,109-s52-harness-and-standalone-proof,TIDEHT01,only remaining degraded reason is missing repository-owned harness/reference evidence,30579,2508,Point,Paper,s52_point_t_tims_paper_rcid_30579,scene_harness_not_covered
T_TIMS|Point|Simplified|1275|31327,T_TIMS,partial,ordinary_s57,harness_only_partial,109-s52-harness-and-standalone-proof,TIDEHT01,only remaining degraded reason is missing repository-owned harness/reference evidence,31327,1275,Point,Simplified,s52_point_t_tims_simplified_rcid_31327,scene_harness_not_covered
UNSARE|Area|Plain|221|32256,UNSARE,partial,ordinary_s57,harness_only_partial,109-s52-harness-and-standalone-proof,LS_SOLD_2_CHGRD,only remaining degraded reason is missing repository-owned harness/reference evidence,32256,221,Area,Plain,s52_area_unsare_plain_rcid_32256,scene_harness_not_covered
UNSARE|Area|Symbolized|562|32597,UNSARE,partial,ordinary_s57,harness_only_partial,109-s52-harness-and-standalone-proof,LS_SOLD_2_CHGRD,only remaining degraded reason is missing repository-owned harness/reference evidence,32597,562,Area,Symbolized,s52_area_unsare_symbolized_rcid_32597,scene_harness_not_covered
UWTROC|Point|Paper|2509|30580,UWTROC,partial,ordinary_s57,harness_only_partial,109-s52-harness-and-standalone-proof,OBSTRN04,only remaining degraded reason is missing repository-owned harness/reference evidence,30580,2509,Point,Paper,s52_point_uwtroc_paper_rcid_30580,scene_harness_not_covered
UWTROC|Point|Simplified|1276|31328,UWTROC,partial,ordinary_s57,harness_only_partial,109-s52-harness-and-standalone-proof,OBSTRN04,only remaining degraded reason is missing repository-owned harness/reference evidence,31328,1276,Point,Simplified,s52_point_uwtroc_simplified_rcid_31328,scene_harness_not_covered
VEGATN|Area|Plain|222|32257,VEGATN,partial,ordinary_s57,harness_only_partial,109-s52-harness-and-standalone-proof,LS_DASH_1_LANDF,only remaining degraded reason is missing repository-owned harness/reference evidence,32257,222,Area,Plain,s52_area_vegatn_plain_rcid_32257,scene_harness_not_covered
VEGATN|Area|Plain|223|32258,VEGATN,partial,ordinary_s57,harness_only_partial,109-s52-harness-and-standalone-proof,LS_DASH_1_LANDF,only remaining degraded reason is missing repository-owned harness/reference evidence,32258,223,Area,Plain,s52_area_vegatn_plain_rcid_32258,scene_harness_not_covered
VEGATN|Area|Plain|224|32259,VEGATN,partial,ordinary_s57,harness_only_partial,109-s52-harness-and-standalone-proof,LS_DASH_1_LANDF,only remaining degraded reason is missing repository-owned harness/reference evidence,32259,224,Area,Plain,s52_area_vegatn_plain_rcid_32259,scene_harness_not_covered
VEGATN|Area|Plain|225|32260,VEGATN,partial,ordinary_s57,harness_only_partial,109-s52-harness-and-standalone-proof,LS_DASH_1_LANDF,only remaining degraded reason is missing repository-owned harness/reference evidence,32260,225,Area,Plain,s52_area_vegatn_plain_rcid_32260,scene_harness_not_covered
VEGATN|Area|Plain|226|32261,VEGATN,partial,ordinary_s57,harness_only_partial,109-s52-harness-and-standalone-proof,LS_DASH_1_LANDF,only remaining degraded reason is missing repository-owned harness/reference evidence,32261,226,Area,Plain,s52_area_vegatn_plain_rcid_32261,scene_harness_not_covered
VEGATN|Area|Plain|227|32262,VEGATN,partial,ordinary_s57,harness_only_partial,109-s52-harness-and-standalone-proof,LS_DASH_1_LANDF,only remaining degraded reason is missing repository-owned harness/reference evidence,32262,227,Area,Plain,s52_area_vegatn_plain_rcid_32262,scene_harness_not_covered
VEGATN|Area|Plain|228|32263,VEGATN,partial,ordinary_s57,harness_only_partial,109-s52-harness-and-standalone-proof,LS_DASH_1_LANDF,only remaining degraded reason is missing repository-owned harness/reference evidence,32263,228,Area,Plain,s52_area_vegatn_plain_rcid_32263,scene_harness_not_covered
VEGATN|Area|Plain|229|32264,VEGATN,partial,ordinary_s57,harness_only_partial,109-s52-harness-and-standalone-proof,LS_DASH_1_LANDF,only remaining degraded reason is missing repository-owned harness/reference evidence,32264,229,Area,Plain,s52_area_vegatn_plain_rcid_32264,scene_harness_not_covered
VEGATN|Area|Plain|230|32265,VEGATN,partial,ordinary_s57,harness_only_partial,109-s52-harness-and-standalone-proof,LS_DASH_1_LANDF,only remaining degraded reason is missing repository-owned harness/reference evidence,32265,230,Area,Plain,s52_area_vegatn_plain_rcid_32265,scene_harness_not_covered
VEGATN|Area|Plain|231|32266,VEGATN,partial,ordinary_s57,harness_only_partial,109-s52-harness-and-standalone-proof,LS_DASH_1_LANDF,only remaining degraded reason is missing repository-owned harness/reference evidence,32266,231,Area,Plain,s52_area_vegatn_plain_rcid_32266,scene_harness_not_covered
VEGATN|Area|Plain|232|32267,VEGATN,partial,ordinary_s57,harness_only_partial,109-s52-harness-and-standalone-proof,LS_DASH_1_LANDF,only remaining degraded reason is missing repository-owned harness/reference evidence,32267,232,Area,Plain,s52_area_vegatn_plain_rcid_32267,scene_harness_not_covered
VEGATN|Area|Plain|233|32268,VEGATN,partial,ordinary_s57,harness_only_partial,109-s52-harness-and-standalone-proof,LS_DASH_1_LANDF,only remaining degraded reason is missing repository-owned harness/reference evidence,32268,233,Area,Plain,s52_area_vegatn_plain_rcid_32268,scene_harness_not_covered
VEGATN|Area|Plain|234|32269,VEGATN,partial,ordinary_s57,harness_only_partial,109-s52-harness-and-standalone-proof,LS_DASH_1_LANDF,only remaining degraded reason is missing repository-owned harness/reference evidence,32269,234,Area,Plain,s52_area_vegatn_plain_rcid_32269,scene_harness_not_covered
VEGATN|Area|Plain|235|32270,VEGATN,partial,ordinary_s57,harness_only_partial,109-s52-harness-and-standalone-proof,LS_DASH_1_LANDF,only remaining degraded reason is missing repository-owned harness/reference evidence,32270,235,Area,Plain,s52_area_vegatn_plain_rcid_32270,scene_harness_not_covered
VEGATN|Area|Plain|236|32271,VEGATN,partial,ordinary_s57,harness_only_partial,109-s52-harness-and-standalone-proof,LS_DASH_1_LANDF,only remaining degraded reason is missing repository-owned harness/reference evidence,32271,236,Area,Plain,s52_area_vegatn_plain_rcid_32271,scene_harness_not_covered
VEGATN|Area|Plain|237|32272,VEGATN,partial,ordinary_s57,harness_only_partial,109-s52-harness-and-standalone-proof,s52_area_vegatn_plain_rcid_32272,only remaining degraded reason is missing repository-owned harness/reference evidence,32272,237,Area,Plain,s52_area_vegatn_plain_rcid_32272,scene_harness_not_covered
VEGATN|Area|Symbolized|563|32598,VEGATN,partial,ordinary_s57,harness_only_partial,109-s52-harness-and-standalone-proof,LS_DASH_1_LANDF,only remaining degraded reason is missing repository-owned harness/reference evidence,32598,563,Area,Symbolized,s52_area_vegatn_symbolized_rcid_32598,scene_harness_not_covered
VEGATN|Area|Symbolized|564|32599,VEGATN,partial,ordinary_s57,harness_only_partial,109-s52-harness-and-standalone-proof,LS_DASH_1_LANDF,only remaining degraded reason is missing repository-owned harness/reference evidence,32599,564,Area,Symbolized,s52_area_vegatn_symbolized_rcid_32599,scene_harness_not_covered
VEGATN|Area|Symbolized|565|32600,VEGATN,partial,ordinary_s57,harness_only_partial,109-s52-harness-and-standalone-proof,LS_DASH_1_LANDF,only remaining degraded reason is missing repository-owned harness/reference evidence,32600,565,Area,Symbolized,s52_area_vegatn_symbolized_rcid_32600,scene_harness_not_covered
VEGATN|Area|Symbolized|566|32601,VEGATN,partial,ordinary_s57,harness_only_partial,109-s52-harness-and-standalone-proof,LS_DASH_1_LANDF,only remaining degraded reason is missing repository-owned harness/reference evidence,32601,566,Area,Symbolized,s52_area_vegatn_symbolized_rcid_32601,scene_harness_not_covered
VEGATN|Area|Symbolized|567|32602,VEGATN,partial,ordinary_s57,harness_only_partial,109-s52-harness-and-standalone-proof,LS_DASH_1_LANDF,only remaining degraded reason is missing repository-owned harness/reference evidence,32602,567,Area,Symbolized,s52_area_vegatn_symbolized_rcid_32602,scene_harness_not_covered
VEGATN|Area|Symbolized|568|32603,VEGATN,partial,ordinary_s57,harness_only_partial,109-s52-harness-and-standalone-proof,LS_DASH_1_LANDF,only remaining degraded reason is missing repository-owned harness/reference evidence,32603,568,Area,Symbolized,s52_area_vegatn_symbolized_rcid_32603,scene_harness_not_covered
VEGATN|Area|Symbolized|569|32604,VEGATN,partial,ordinary_s57,harness_only_partial,109-s52-harness-and-standalone-proof,LS_DASH_1_LANDF,only remaining degraded reason is missing repository-owned harness/reference evidence,32604,569,Area,Symbolized,s52_area_vegatn_symbolized_rcid_32604,scene_harness_not_covered
VEGATN|Area|Symbolized|570|32605,VEGATN,partial,ordinary_s57,harness_only_partial,109-s52-harness-and-standalone-proof,LS_DASH_1_LANDF,only remaining degraded reason is missing repository-owned harness/reference evidence,32605,570,Area,Symbolized,s52_area_vegatn_symbolized_rcid_32605,scene_harness_not_covered
VEGATN|Area|Symbolized|571|32606,VEGATN,partial,ordinary_s57,harness_only_partial,109-s52-harness-and-standalone-proof,LS_DASH_1_LANDF,only remaining degraded reason is missing repository-owned harness/reference evidence,32606,571,Area,Symbolized,s52_area_vegatn_symbolized_rcid_32606,scene_harness_not_covered
VEGATN|Area|Symbolized|572|32607,VEGATN,partial,ordinary_s57,harness_only_partial,109-s52-harness-and-standalone-proof,LS_DASH_1_LANDF,only remaining degraded reason is missing repository-owned harness/reference evidence,32607,572,Area,Symbolized,s52_area_vegatn_symbolized_rcid_32607,scene_harness_not_covered
VEGATN|Area|Symbolized|573|32608,VEGATN,partial,ordinary_s57,harness_only_partial,109-s52-harness-and-standalone-proof,LS_DASH_1_LANDF,only remaining degraded reason is missing repository-owned harness/reference evidence,32608,573,Area,Symbolized,s52_area_vegatn_symbolized_rcid_32608,scene_harness_not_covered
VEGATN|Area|Symbolized|574|32609,VEGATN,partial,ordinary_s57,harness_only_partial,109-s52-harness-and-standalone-proof,LS_DASH_1_LANDF,only remaining degraded reason is missing repository-owned harness/reference evidence,32609,574,Area,Symbolized,s52_area_vegatn_symbolized_rcid_32609,scene_harness_not_covered
VEGATN|Area|Symbolized|575|32610,VEGATN,partial,ordinary_s57,harness_only_partial,109-s52-harness-and-standalone-proof,LS_DASH_1_LANDF,only remaining degraded reason is missing repository-owned harness/reference evidence,32610,575,Area,Symbolized,s52_area_vegatn_symbolized_rcid_32610,scene_harness_not_covered
VEGATN|Area|Symbolized|576|32611,VEGATN,partial,ordinary_s57,harness_only_partial,109-s52-harness-and-standalone-proof,LS_DASH_1_LANDF,only remaining degraded reason is missing repository-owned harness/reference evidence,32611,576,Area,Symbolized,s52_area_vegatn_symbolized_rcid_32611,scene_harness_not_covered
VEGATN|Area|Symbolized|577|32612,VEGATN,partial,ordinary_s57,harness_only_partial,109-s52-harness-and-standalone-proof,LS_DASH_1_LANDF,only remaining degraded reason is missing repository-owned harness/reference evidence,32612,577,Area,Symbolized,s52_area_vegatn_symbolized_rcid_32612,scene_harness_not_covered
VEGATN|Area|Symbolized|578|32613,VEGATN,partial,ordinary_s57,harness_only_partial,109-s52-harness-and-standalone-proof,s52_area_vegatn_symbolized_rcid_32613,only remaining degraded reason is missing repository-owned harness/reference evidence,32613,578,Area,Symbolized,s52_area_vegatn_symbolized_rcid_32613,scene_harness_not_covered
VEGATN|Line|Lines|847|31923,VEGATN,partial,ordinary_s57,harness_only_partial,109-s52-harness-and-standalone-proof,LS_DASH_1_LANDF,only remaining degraded reason is missing repository-owned harness/reference evidence,31923,847,Line,Lines,s52_line_vegatn_lines_rcid_31923,scene_harness_not_covered
VEGATN|Point|Paper|2510|30581,VEGATN,partial,ordinary_s57,harness_only_partial,109-s52-harness-and-standalone-proof,TREPNT04,only remaining degraded reason is missing repository-owned harness/reference evidence,30581,2510,Point,Paper,s52_point_vegatn_paper_rcid_30581,scene_harness_not_covered
VEGATN|Point|Paper|2511|30582,VEGATN,partial,ordinary_s57,harness_only_partial,109-s52-harness-and-standalone-proof,TREPNT04,only remaining degraded reason is missing repository-owned harness/reference evidence,30582,2511,Point,Paper,s52_point_vegatn_paper_rcid_30582,scene_harness_not_covered
VEGATN|Point|Paper|2512|30583,VEGATN,partial,ordinary_s57,harness_only_partial,109-s52-harness-and-standalone-proof,TREPNT04,only remaining degraded reason is missing repository-owned harness/reference evidence,30583,2512,Point,Paper,s52_point_vegatn_paper_rcid_30583,scene_harness_not_covered
VEGATN|Point|Paper|2513|30584,VEGATN,partial,ordinary_s57,harness_only_partial,109-s52-harness-and-standalone-proof,TREPNT04,only remaining degraded reason is missing repository-owned harness/reference evidence,30584,2513,Point,Paper,s52_point_vegatn_paper_rcid_30584,scene_harness_not_covered
VEGATN|Point|Paper|2514|30585,VEGATN,partial,ordinary_s57,harness_only_partial,109-s52-harness-and-standalone-proof,TREPNT04,only remaining degraded reason is missing repository-owned harness/reference evidence,30585,2514,Point,Paper,s52_point_vegatn_paper_rcid_30585,scene_harness_not_covered
VEGATN|Point|Paper|2515|30586,VEGATN,partial,ordinary_s57,harness_only_partial,109-s52-harness-and-standalone-proof,TREPNT04,only remaining degraded reason is missing repository-owned harness/reference evidence,30586,2515,Point,Paper,s52_point_vegatn_paper_rcid_30586,scene_harness_not_covered
VEGATN|Point|Paper|2516|30587,VEGATN,partial,ordinary_s57,harness_only_partial,109-s52-harness-and-standalone-proof,TREPNT04,only remaining degraded reason is missing repository-owned harness/reference evidence,30587,2516,Point,Paper,s52_point_vegatn_paper_rcid_30587,scene_harness_not_covered
VEGATN|Point|Paper|2517|30588,VEGATN,partial,ordinary_s57,harness_only_partial,109-s52-harness-and-standalone-proof,TREPNT04,only remaining degraded reason is missing repository-owned harness/reference evidence,30588,2517,Point,Paper,s52_point_vegatn_paper_rcid_30588,scene_harness_not_covered
VEGATN|Point|Paper|2518|30589,VEGATN,partial,ordinary_s57,harness_only_partial,109-s52-harness-and-standalone-proof,TREPNT05,only remaining degraded reason is missing repository-owned harness/reference evidence,30589,2518,Point,Paper,s52_point_vegatn_paper_rcid_30589,scene_harness_not_covered
VEGATN|Point|Paper|2519|30590,VEGATN,partial,ordinary_s57,harness_only_partial,109-s52-harness-and-standalone-proof,TREPNT04,only remaining degraded reason is missing repository-owned harness/reference evidence,30590,2519,Point,Paper,s52_point_vegatn_paper_rcid_30590,scene_harness_not_covered
VEGATN|Point|Paper|2520|30591,VEGATN,partial,ordinary_s57,harness_only_partial,109-s52-harness-and-standalone-proof,TREPNT04,only remaining degraded reason is missing repository-owned harness/reference evidence,30591,2520,Point,Paper,s52_point_vegatn_paper_rcid_30591,scene_harness_not_covered
VEGATN|Point|Paper|2521|30592,VEGATN,partial,ordinary_s57,harness_only_partial,109-s52-harness-and-standalone-proof,TREPNT04,only remaining degraded reason is missing repository-owned harness/reference evidence,30592,2521,Point,Paper,s52_point_vegatn_paper_rcid_30592,scene_harness_not_covered
VEGATN|Point|Paper|2522|30593,VEGATN,partial,ordinary_s57,harness_only_partial,109-s52-harness-and-standalone-proof,TREPNT04,only remaining degraded reason is missing repository-owned harness/reference evidence,30593,2522,Point,Paper,s52_point_vegatn_paper_rcid_30593,scene_harness_not_covered
VEGATN|Point|Paper|2523|30594,VEGATN,partial,ordinary_s57,harness_only_partial,109-s52-harness-and-standalone-proof,TREPNT04,only remaining degraded reason is missing repository-owned harness/reference evidence,30594,2523,Point,Paper,s52_point_vegatn_paper_rcid_30594,scene_harness_not_covered
VEGATN|Point|Paper|2524|30595,VEGATN,partial,ordinary_s57,harness_only_partial,109-s52-harness-and-standalone-proof,TREPNT05,only remaining degraded reason is missing repository-owned harness/reference evidence,30595,2524,Point,Paper,s52_point_vegatn_paper_rcid_30595,scene_harness_not_covered
VEGATN|Point|Paper|2525|30596,VEGATN,partial,ordinary_s57,harness_only_partial,109-s52-harness-and-standalone-proof,s52_point_vegatn_paper_rcid_30596,only remaining degraded reason is missing repository-owned harness/reference evidence,30596,2525,Point,Paper,s52_point_vegatn_paper_rcid_30596,scene_harness_not_covered
VEGATN|Point|Simplified|1277|31329,VEGATN,partial,ordinary_s57,harness_only_partial,109-s52-harness-and-standalone-proof,TREPNT04,only remaining degraded reason is missing repository-owned harness/reference evidence,31329,1277,Point,Simplified,s52_point_vegatn_simplified_rcid_31329,scene_harness_not_covered
VEGATN|Point|Simplified|1278|31330,VEGATN,partial,ordinary_s57,harness_only_partial,109-s52-harness-and-standalone-proof,TREPNT04,only remaining degraded reason is missing repository-owned harness/reference evidence,31330,1278,Point,Simplified,s52_point_vegatn_simplified_rcid_31330,scene_harness_not_covered
VEGATN|Point|Simplified|1279|31331,VEGATN,partial,ordinary_s57,harness_only_partial,109-s52-harness-and-standalone-proof,TREPNT04,only remaining degraded reason is missing repository-owned harness/reference evidence,31331,1279,Point,Simplified,s52_point_vegatn_simplified_rcid_31331,scene_harness_not_covered
VEGATN|Point|Simplified|1280|31332,VEGATN,partial,ordinary_s57,harness_only_partial,109-s52-harness-and-standalone-proof,TREPNT04,only remaining degraded reason is missing repository-owned harness/reference evidence,31332,1280,Point,Simplified,s52_point_vegatn_simplified_rcid_31332,scene_harness_not_covered
VEGATN|Point|Simplified|1281|31333,VEGATN,partial,ordinary_s57,harness_only_partial,109-s52-harness-and-standalone-proof,TREPNT04,only remaining degraded reason is missing repository-owned harness/reference evidence,31333,1281,Point,Simplified,s52_point_vegatn_simplified_rcid_31333,scene_harness_not_covered
VEGATN|Point|Simplified|1282|31334,VEGATN,partial,ordinary_s57,harness_only_partial,109-s52-harness-and-standalone-proof,TREPNT04,only remaining degraded reason is missing repository-owned harness/reference evidence,31334,1282,Point,Simplified,s52_point_vegatn_simplified_rcid_31334,scene_harness_not_covered
VEGATN|Point|Simplified|1283|31335,VEGATN,partial,ordinary_s57,harness_only_partial,109-s52-harness-and-standalone-proof,TREPNT04,only remaining degraded reason is missing repository-owned harness/reference evidence,31335,1283,Point,Simplified,s52_point_vegatn_simplified_rcid_31335,scene_harness_not_covered
VEGATN|Point|Simplified|1284|31336,VEGATN,partial,ordinary_s57,harness_only_partial,109-s52-harness-and-standalone-proof,TREPNT04,only remaining degraded reason is missing repository-owned harness/reference evidence,31336,1284,Point,Simplified,s52_point_vegatn_simplified_rcid_31336,scene_harness_not_covered
VEGATN|Point|Simplified|1285|31337,VEGATN,partial,ordinary_s57,harness_only_partial,109-s52-harness-and-standalone-proof,TREPNT05,only remaining degraded reason is missing repository-owned harness/reference evidence,31337,1285,Point,Simplified,s52_point_vegatn_simplified_rcid_31337,scene_harness_not_covered
VEGATN|Point|Simplified|1286|31338,VEGATN,partial,ordinary_s57,harness_only_partial,109-s52-harness-and-standalone-proof,TREPNT04,only remaining degraded reason is missing repository-owned harness/reference evidence,31338,1286,Point,Simplified,s52_point_vegatn_simplified_rcid_31338,scene_harness_not_covered
VEGATN|Point|Simplified|1287|31339,VEGATN,partial,ordinary_s57,harness_only_partial,109-s52-harness-and-standalone-proof,TREPNT04,only remaining degraded reason is missing repository-owned harness/reference evidence,31339,1287,Point,Simplified,s52_point_vegatn_simplified_rcid_31339,scene_harness_not_covered
VEGATN|Point|Simplified|1288|31340,VEGATN,partial,ordinary_s57,harness_only_partial,109-s52-harness-and-standalone-proof,TREPNT04,only remaining degraded reason is missing repository-owned harness/reference evidence,31340,1288,Point,Simplified,s52_point_vegatn_simplified_rcid_31340,scene_harness_not_covered
VEGATN|Point|Simplified|1289|31341,VEGATN,partial,ordinary_s57,harness_only_partial,109-s52-harness-and-standalone-proof,TREPNT04,only remaining degraded reason is missing repository-owned harness/reference evidence,31341,1289,Point,Simplified,s52_point_vegatn_simplified_rcid_31341,scene_harness_not_covered
VEGATN|Point|Simplified|1290|31342,VEGATN,partial,ordinary_s57,harness_only_partial,109-s52-harness-and-standalone-proof,TREPNT04,only remaining degraded reason is missing repository-owned harness/reference evidence,31342,1290,Point,Simplified,s52_point_vegatn_simplified_rcid_31342,scene_harness_not_covered
VEGATN|Point|Simplified|1291|31343,VEGATN,partial,ordinary_s57,harness_only_partial,109-s52-harness-and-standalone-proof,TREPNT05,only remaining degraded reason is missing repository-owned harness/reference evidence,31343,1291,Point,Simplified,s52_point_vegatn_simplified_rcid_31343,scene_harness_not_covered
VEGATN|Point|Simplified|1292|31344,VEGATN,partial,ordinary_s57,harness_only_partial,109-s52-harness-and-standalone-proof,s52_point_vegatn_simplified_rcid_31344,only remaining degraded reason is missing repository-owned harness/reference evidence,31344,1292,Point,Simplified,s52_point_vegatn_simplified_rcid_31344,scene_harness_not_covered
WATFAL|Line|Lines|848|31924,WATFAL,partial,ordinary_s57,harness_only_partial,109-s52-harness-and-standalone-proof,LS_SOLD_3_CHWHT,only remaining degraded reason is missing repository-owned harness/reference evidence,31924,848,Line,Lines,s52_line_watfal_lines_rcid_31924,scene_harness_not_covered
WATFAL|Line|Lines|849|31925,WATFAL,partial,ordinary_s57,harness_only_partial,109-s52-harness-and-standalone-proof,LS_SOLD_3_CHGRF,only remaining degraded reason is missing repository-owned harness/reference evidence,31925,849,Line,Lines,s52_line_watfal_lines_rcid_31925,scene_harness_not_covered
WATFAL|Point|Paper|2526|30597,WATFAL,partial,ordinary_s57,harness_only_partial,109-s52-harness-and-standalone-proof,s52_point_watfal_paper_rcid_30597,only remaining degraded reason is missing repository-owned harness/reference evidence,30597,2526,Point,Paper,s52_point_watfal_paper_rcid_30597,scene_harness_not_covered
WATFAL|Point|Simplified|1293|31345,WATFAL,partial,ordinary_s57,harness_only_partial,109-s52-harness-and-standalone-proof,s52_point_watfal_simplified_rcid_31345,only remaining degraded reason is missing repository-owned harness/reference evidence,31345,1293,Point,Simplified,s52_point_watfal_simplified_rcid_31345,scene_harness_not_covered
WATTUR|Area|Plain|238|32273,WATTUR,partial,ordinary_s57,harness_only_partial,109-s52-harness-and-standalone-proof,WATTUR02,only remaining degraded reason is missing repository-owned harness/reference evidence,32273,238,Area,Plain,s52_area_wattur_plain_rcid_32273,scene_harness_not_covered
WATTUR|Area|Symbolized|579|32614,WATTUR,partial,ordinary_s57,harness_only_partial,109-s52-harness-and-standalone-proof,WATTUR02,only remaining degraded reason is missing repository-owned harness/reference evidence,32614,579,Area,Symbolized,s52_area_wattur_symbolized_rcid_32614,scene_harness_not_covered
WATTUR|Line|Lines|850|31926,WATTUR,partial,ordinary_s57,harness_only_partial,109-s52-harness-and-standalone-proof,WATTUR02,only remaining degraded reason is missing repository-owned harness/reference evidence,31926,850,Line,Lines,s52_line_wattur_lines_rcid_31926,scene_harness_not_covered
WATTUR|Point|Paper|2527|30598,WATTUR,partial,ordinary_s57,harness_only_partial,109-s52-harness-and-standalone-proof,WATTUR02,only remaining degraded reason is missing repository-owned harness/reference evidence,30598,2527,Point,Paper,s52_point_wattur_paper_rcid_30598,scene_harness_not_covered
WATTUR|Point|Simplified|1294|31346,WATTUR,partial,ordinary_s57,harness_only_partial,109-s52-harness-and-standalone-proof,WATTUR02,only remaining degraded reason is missing repository-owned harness/reference evidence,31346,1294,Point,Simplified,s52_point_wattur_simplified_rcid_31346,scene_harness_not_covered
WEDKLP|Area|Plain|239|32274,WEDKLP,partial,ordinary_s57,harness_only_partial,109-s52-harness-and-standalone-proof,WEDKLP03,only remaining degraded reason is missing repository-owned harness/reference evidence,32274,239,Area,Plain,s52_area_wedklp_plain_rcid_32274,scene_harness_not_covered
WEDKLP|Area|Symbolized|580|32615,WEDKLP,partial,ordinary_s57,harness_only_partial,109-s52-harness-and-standalone-proof,WEDKLP03,only remaining degraded reason is missing repository-owned harness/reference evidence,32615,580,Area,Symbolized,s52_area_wedklp_symbolized_rcid_32615,scene_harness_not_covered
WEDKLP|Point|Paper|2528|30599,WEDKLP,partial,ordinary_s57,harness_only_partial,109-s52-harness-and-standalone-proof,WEDKLP03,only remaining degraded reason is missing repository-owned harness/reference evidence,30599,2528,Point,Paper,s52_point_wedklp_paper_rcid_30599,scene_harness_not_covered
WEDKLP|Point|Simplified|1295|31347,WEDKLP,partial,ordinary_s57,harness_only_partial,109-s52-harness-and-standalone-proof,WEDKLP03,only remaining degraded reason is missing repository-owned harness/reference evidence,31347,1295,Point,Simplified,s52_point_wedklp_simplified_rcid_31347,scene_harness_not_covered
WRECKS|Area|Plain|240|32275,WRECKS,partial,ordinary_s57,harness_only_partial,109-s52-harness-and-standalone-proof,LS_DASH_1_CHBLK,only remaining degraded reason is missing repository-owned harness/reference evidence,32275,240,Area,Plain,s52_area_wrecks_plain_rcid_32275,scene_harness_not_covered
WRECKS|Area|Plain|241|32276,WRECKS,partial,ordinary_s57,harness_only_partial,109-s52-harness-and-standalone-proof,LS_DASH_1_CHBLK,only remaining degraded reason is missing repository-owned harness/reference evidence,32276,241,Area,Plain,s52_area_wrecks_plain_rcid_32276,scene_harness_not_covered
WRECKS|Area|Plain|242|32277,WRECKS,partial,ordinary_s57,harness_only_partial,109-s52-harness-and-standalone-proof,WRECKS02,only remaining degraded reason is missing repository-owned harness/reference evidence,32277,242,Area,Plain,s52_area_wrecks_plain_rcid_32277,scene_harness_not_covered
WRECKS|Area|Symbolized|581|32616,WRECKS,partial,ordinary_s57,harness_only_partial,109-s52-harness-and-standalone-proof,NAVARE51,only remaining degraded reason is missing repository-owned harness/reference evidence,32616,581,Area,Symbolized,s52_area_wrecks_symbolized_rcid_32616,scene_harness_not_covered
WRECKS|Area|Symbolized|582|32617,WRECKS,partial,ordinary_s57,harness_only_partial,109-s52-harness-and-standalone-proof,NAVARE51,only remaining degraded reason is missing repository-owned harness/reference evidence,32617,582,Area,Symbolized,s52_area_wrecks_symbolized_rcid_32617,scene_harness_not_covered
WRECKS|Area|Symbolized|583|32618,WRECKS,partial,ordinary_s57,harness_only_partial,109-s52-harness-and-standalone-proof,WRECKS02,only remaining degraded reason is missing repository-owned harness/reference evidence,32618,583,Area,Symbolized,s52_area_wrecks_symbolized_rcid_32618,scene_harness_not_covered
WRECKS|Point|Paper|2529|30600,WRECKS,partial,ordinary_s57,harness_only_partial,109-s52-harness-and-standalone-proof,FOULGND1,only remaining degraded reason is missing repository-owned harness/reference evidence,30600,2529,Point,Paper,s52_point_wrecks_paper_rcid_30600,scene_harness_not_covered
WRECKS|Point|Paper|2530|30601,WRECKS,partial,ordinary_s57,harness_only_partial,109-s52-harness-and-standalone-proof,FOULGND1,only remaining degraded reason is missing repository-owned harness/reference evidence,30601,2530,Point,Paper,s52_point_wrecks_paper_rcid_30601,scene_harness_not_covered
WRECKS|Point|Simplified|1296|31348,WRECKS,partial,ordinary_s57,harness_only_partial,109-s52-harness-and-standalone-proof,FOULGND1,only remaining degraded reason is missing repository-owned harness/reference evidence,31348,1296,Point,Simplified,s52_point_wrecks_simplified_rcid_31348,scene_harness_not_covered
WRECKS|Point|Simplified|1297|31349,WRECKS,partial,ordinary_s57,harness_only_partial,109-s52-harness-and-standalone-proof,FOULGND1,only remaining degraded reason is missing repository-owned harness/reference evidence,31349,1297,Point,Simplified,s52_point_wrecks_simplified_rcid_31349,scene_harness_not_covered
ZEMCNT|Line|Lines|851|31927,ZEMCNT,partial,ordinary_s57,harness_only_partial,109-s52-harness-and-standalone-proof,LS_SOLD_1_CHBLK,only remaining degraded reason is missing repository-owned harness/reference evidence,31927,851,Line,Lines,s52_line_zemcnt_lines_rcid_31927,scene_harness_not_covered
_RDOCAL|Point|Paper|2780|30848,_RDOCAL,partial,ordinary_s57,harness_only_partial,109-s52-harness-and-standalone-proof,RDOCAL02,only remaining degraded reason is missing repository-owned harness/reference evidence,30848,2780,Point,Paper,s52_point__rdocal_paper_rcid_30848,scene_harness_not_covered
_RDOCAL|Point|Paper|2781|30849,_RDOCAL,partial,ordinary_s57,harness_only_partial,109-s52-harness-and-standalone-proof,RDOCAL02,only remaining degraded reason is missing repository-owned harness/reference evidence,30849,2781,Point,Paper,s52_point__rdocal_paper_rcid_30849,scene_harness_not_covered
_RDOCAL|Point|Paper|2782|30850,_RDOCAL,partial,ordinary_s57,harness_only_partial,109-s52-harness-and-standalone-proof,RDOCAL02,only remaining degraded reason is missing repository-owned harness/reference evidence,30850,2782,Point,Paper,s52_point__rdocal_paper_rcid_30850,scene_harness_not_covered
_RDOCAL|Point|Paper|2783|30851,_RDOCAL,partial,ordinary_s57,harness_only_partial,109-s52-harness-and-standalone-proof,RDOCAL03,only remaining degraded reason is missing repository-owned harness/reference evidence,30851,2783,Point,Paper,s52_point__rdocal_paper_rcid_30851,scene_harness_not_covered
_RDOCAL|Point|Paper|2784|30852,_RDOCAL,partial,ordinary_s57,harness_only_partial,109-s52-harness-and-standalone-proof,RCLDEF01,only remaining degraded reason is missing repository-owned harness/reference evidence,30852,2784,Point,Paper,s52_point__rdocal_paper_rcid_30852,scene_harness_not_covered
_bcngn|Point|Paper|2969|30997,_BCNGN,partial,ordinary_s57,harness_only_partial,109-s52-harness-and-standalone-proof,BCNGEN01,only remaining degraded reason is missing repository-owned harness/reference evidence,30997,2969,Point,Paper,s52_point__bcngn_paper_rcid_30997,scene_harness_not_covered
_bcngn|Point|Simplified|1696|31748,_BCNGN,partial,ordinary_s57,harness_only_partial,109-s52-harness-and-standalone-proof,BCNGEN01,only remaining degraded reason is missing repository-owned harness/reference evidence,31748,1696,Point,Simplified,s52_point__bcngn_simplified_rcid_31748,scene_harness_not_covered
_boygn|Point|Paper|2970|30998,_BOYGN,partial,ordinary_s57,harness_only_partial,109-s52-harness-and-standalone-proof,BOYPIL69,only remaining degraded reason is missing repository-owned harness/reference evidence,30998,2970,Point,Paper,s52_point__boygn_paper_rcid_30998,scene_harness_not_covered
_boygn|Point|Paper|2971|30999,_BOYGN,partial,ordinary_s57,harness_only_partial,109-s52-harness-and-standalone-proof,BOYCAN62,only remaining degraded reason is missing repository-owned harness/reference evidence,30999,2971,Point,Paper,s52_point__boygn_paper_rcid_30999,scene_harness_not_covered
_boygn|Point|Simplified|1697|31749,_BOYGN,partial,ordinary_s57,harness_only_partial,109-s52-harness-and-standalone-proof,BOYPIL69,only remaining degraded reason is missing repository-owned harness/reference evidence,31749,1697,Point,Simplified,s52_point__boygn_simplified_rcid_31749,scene_harness_not_covered
_boygn|Point|Simplified|1698|31750,_BOYGN,partial,ordinary_s57,harness_only_partial,109-s52-harness-and-standalone-proof,BOYCAN62,only remaining degraded reason is missing repository-owned harness/reference evidence,31750,1698,Point,Simplified,s52_point__boygn_simplified_rcid_31750,scene_harness_not_covered
_cmapl|Line|Lines|958|32034,_CMAPL,partial,ordinary_s57,harness_only_partial,109-s52-harness-and-standalone-proof,LS_DASH_1_CHMGD,only remaining degraded reason is missing repository-owned harness/reference evidence,32034,958,Line,Lines,s52_line__cmapl_lines_rcid_32034,scene_harness_not_covered
_cmapl|Line|Lines|959|32035,_CMAPL,partial,ordinary_s57,harness_only_partial,109-s52-harness-and-standalone-proof,LS_SOLD_1_CHMGD,only remaining degraded reason is missing repository-owned harness/reference evidence,32035,959,Line,Lines,s52_line__cmapl_lines_rcid_32035,scene_harness_not_covered
_extgn|Point|Paper|2972|31000,_EXTGN,partial,ordinary_s57,harness_only_partial,109-s52-harness-and-standalone-proof,STARPT01,only remaining degraded reason is missing repository-owned harness/reference evidence,31000,2972,Point,Paper,s52_point__extgn_paper_rcid_31000,scene_harness_not_covered
_extgn|Point|Simplified|1699|31751,_EXTGN,partial,ordinary_s57,harness_only_partial,109-s52-harness-and-standalone-proof,STARPT01,only remaining degraded reason is missing repository-owned harness/reference evidence,31751,1699,Point,Simplified,s52_point__extgn_simplified_rcid_31751,scene_harness_not_covered
_slgto|Point|Paper|2973|31001,_SLGTO,partial,ordinary_s57,harness_only_partial,109-s52-harness-and-standalone-proof,BOYSPR04,only remaining degraded reason is missing repository-owned harness/reference evidence,31001,2973,Point,Paper,s52_point__slgto_paper_rcid_31001,scene_harness_not_covered
_slgto|Point|Paper|2974|31002,_SLGTO,partial,ordinary_s57,harness_only_partial,109-s52-harness-and-standalone-proof,BOYCON60,only remaining degraded reason is missing repository-owned harness/reference evidence,31002,2974,Point,Paper,s52_point__slgto_paper_rcid_31002,scene_harness_not_covered
_slgto|Point|Paper|2975|31003,_SLGTO,partial,ordinary_s57,harness_only_partial,109-s52-harness-and-standalone-proof,BOYCAN61,only remaining degraded reason is missing repository-owned harness/reference evidence,31003,2975,Point,Paper,s52_point__slgto_paper_rcid_31003,scene_harness_not_covered
_slgto|Point|Paper|2976|31004,_SLGTO,partial,ordinary_s57,harness_only_partial,109-s52-harness-and-standalone-proof,BOYPIL60,only remaining degraded reason is missing repository-owned harness/reference evidence,31004,2976,Point,Paper,s52_point__slgto_paper_rcid_31004,scene_harness_not_covered
_slgto|Point|Paper|2977|31005,_SLGTO,partial,ordinary_s57,harness_only_partial,109-s52-harness-and-standalone-proof,BOYPIL61,only remaining degraded reason is missing repository-owned harness/reference evidence,31005,2977,Point,Paper,s52_point__slgto_paper_rcid_31005,scene_harness_not_covered
_slgto|Point|Paper|2978|31006,_SLGTO,partial,ordinary_s57,parser_or_compiler_spillover,108-s52-all-lookuprow-closure,BOYSPR03,asset id or family looks like spillover/malformed parser output rather than a clean symbol gap,31006,2978,Point,Paper,s52_point__slgto_paper_rcid_31006,compiler_missing_point_asset:BOYSPR03;scene_harness_not_covered
_slgto|Point|Paper|2979|31007,_SLGTO,partial,ordinary_s57,parser_or_compiler_spillover,108-s52-all-lookuprow-closure,BOYSPR02,asset id or family looks like spillover/malformed parser output rather than a clean symbol gap,31007,2979,Point,Paper,s52_point__slgto_paper_rcid_31007,compiler_missing_point_asset:BOYSPR02;scene_harness_not_covered
_slgto|Point|Paper|2980|31008,_SLGTO,partial,ordinary_s57,harness_only_partial,109-s52-harness-and-standalone-proof,BOYSPR01,only remaining degraded reason is missing repository-owned harness/reference evidence,31008,2980,Point,Paper,s52_point__slgto_paper_rcid_31008,scene_harness_not_covered
_slgto|Point|Paper|2981|31009,_SLGTO,partial,ordinary_s57,harness_only_partial,109-s52-harness-and-standalone-proof,BCNGEN01,only remaining degraded reason is missing repository-owned harness/reference evidence,31009,2981,Point,Paper,s52_point__slgto_paper_rcid_31009,scene_harness_not_covered
_slgto|Point|Simplified|1700|31752,_SLGTO,partial,ordinary_s57,harness_only_partial,109-s52-harness-and-standalone-proof,BOYSPR04,only remaining degraded reason is missing repository-owned harness/reference evidence,31752,1700,Point,Simplified,s52_point__slgto_simplified_rcid_31752,scene_harness_not_covered
_slgto|Point|Simplified|1701|31753,_SLGTO,partial,ordinary_s57,harness_only_partial,109-s52-harness-and-standalone-proof,BOYCON60,only remaining degraded reason is missing repository-owned harness/reference evidence,31753,1701,Point,Simplified,s52_point__slgto_simplified_rcid_31753,scene_harness_not_covered
_slgto|Point|Simplified|1702|31754,_SLGTO,partial,ordinary_s57,harness_only_partial,109-s52-harness-and-standalone-proof,BOYCAN61,only remaining degraded reason is missing repository-owned harness/reference evidence,31754,1702,Point,Simplified,s52_point__slgto_simplified_rcid_31754,scene_harness_not_covered
_slgto|Point|Simplified|1703|31755,_SLGTO,partial,ordinary_s57,harness_only_partial,109-s52-harness-and-standalone-proof,BOYPIL60,only remaining degraded reason is missing repository-owned harness/reference evidence,31755,1703,Point,Simplified,s52_point__slgto_simplified_rcid_31755,scene_harness_not_covered
_slgto|Point|Simplified|1704|31756,_SLGTO,partial,ordinary_s57,harness_only_partial,109-s52-harness-and-standalone-proof,BOYPIL61,only remaining degraded reason is missing repository-owned harness/reference evidence,31756,1704,Point,Simplified,s52_point__slgto_simplified_rcid_31756,scene_harness_not_covered
_slgto|Point|Simplified|1705|31757,_SLGTO,partial,ordinary_s57,parser_or_compiler_spillover,108-s52-all-lookuprow-closure,BOYSPR03,asset id or family looks like spillover/malformed parser output rather than a clean symbol gap,31757,1705,Point,Simplified,s52_point__slgto_simplified_rcid_31757,compiler_missing_point_asset:BOYSPR03;scene_harness_not_covered
_slgto|Point|Simplified|1706|31758,_SLGTO,partial,ordinary_s57,parser_or_compiler_spillover,108-s52-all-lookuprow-closure,BOYSPR02,asset id or family looks like spillover/malformed parser output rather than a clean symbol gap,31758,1706,Point,Simplified,s52_point__slgto_simplified_rcid_31758,compiler_missing_point_asset:BOYSPR02;scene_harness_not_covered
_slgto|Point|Simplified|1707|31759,_SLGTO,partial,ordinary_s57,harness_only_partial,109-s52-harness-and-standalone-proof,BOYSPR01,only remaining degraded reason is missing repository-owned harness/reference evidence,31759,1707,Point,Simplified,s52_point__slgto_simplified_rcid_31759,scene_harness_not_covered
_slgto|Point|Simplified|1708|31760,_SLGTO,partial,ordinary_s57,harness_only_partial,109-s52-harness-and-standalone-proof,BCNGEN01,only remaining degraded reason is missing repository-owned harness/reference evidence,31760,1708,Point,Simplified,s52_point__slgto_simplified_rcid_31760,scene_harness_not_covered
_texto|Point|Paper|2982|31010,_TEXTO,partial,ordinary_s57,harness_only_partial,109-s52-harness-and-standalone-proof,WRECKS04,only remaining degraded reason is missing repository-owned harness/reference evidence,31010,2982,Point,Paper,s52_point__texto_paper_rcid_31010,scene_harness_not_covered
_texto|Point|Paper|2983|31011,_TEXTO,partial,ordinary_s57,harness_only_partial,109-s52-harness-and-standalone-proof,TEXT01,only remaining degraded reason is missing repository-owned harness/reference evidence,31011,2983,Point,Paper,s52_point__texto_paper_rcid_31011,scene_harness_not_covered
_texto|Point|Simplified|1709|31761,_TEXTO,partial,ordinary_s57,harness_only_partial,109-s52-harness-and-standalone-proof,WRECKS04,only remaining degraded reason is missing repository-owned harness/reference evidence,31761,1709,Point,Simplified,s52_point__texto_simplified_rcid_31761,scene_harness_not_covered
_texto|Point|Simplified|1710|31762,_TEXTO,partial,ordinary_s57,harness_only_partial,109-s52-harness-and-standalone-proof,TEXT01,only remaining degraded reason is missing repository-owned harness/reference evidence,31762,1710,Point,Simplified,s52_point__texto_simplified_rcid_31762,scene_harness_not_covered
achare|Area|Plain|243|32278,ACHARE,partial,ordinary_s57,harness_only_partial,109-s52-harness-and-standalone-proof,ACHARE02,only remaining degraded reason is missing repository-owned harness/reference evidence,32278,243,Area,Plain,s52_area_achare_plain_rcid_32278,scene_harness_not_covered
achare|Area|Symbolized|584|32619,ACHARE,partial,ordinary_s57,harness_only_partial,109-s52-harness-and-standalone-proof,ACHARE02,only remaining degraded reason is missing repository-owned harness/reference evidence,32619,584,Area,Symbolized,s52_area_achare_symbolized_rcid_32619,scene_harness_not_covered
achare|Point|Paper|2532|30603,ACHARE,partial,ordinary_s57,harness_only_partial,109-s52-harness-and-standalone-proof,ACHARE02,only remaining degraded reason is missing repository-owned harness/reference evidence,30603,2532,Point,Paper,s52_point_achare_paper_rcid_30603,scene_harness_not_covered
achare|Point|Simplified|1299|31351,ACHARE,partial,ordinary_s57,harness_only_partial,109-s52-harness-and-standalone-proof,ACHARE02,only remaining degraded reason is missing repository-owned harness/reference evidence,31351,1299,Point,Simplified,s52_point_achare_simplified_rcid_31351,scene_harness_not_covered
achbrt|Area|Plain|244|32279,ACHBRT,partial,ordinary_s57,harness_only_partial,109-s52-harness-and-standalone-proof,ACHBRT07,only remaining degraded reason is missing repository-owned harness/reference evidence,32279,244,Area,Plain,s52_area_achbrt_plain_rcid_32279,scene_harness_not_covered
achbrt|Area|Symbolized|585|32620,ACHBRT,partial,ordinary_s57,harness_only_partial,109-s52-harness-and-standalone-proof,ACHBRT07,only remaining degraded reason is missing repository-owned harness/reference evidence,32620,585,Area,Symbolized,s52_area_achbrt_symbolized_rcid_32620,scene_harness_not_covered
achbrt|Point|Paper|2533|30604,ACHBRT,partial,ordinary_s57,harness_only_partial,109-s52-harness-and-standalone-proof,ACHBRT07,only remaining degraded reason is missing repository-owned harness/reference evidence,30604,2533,Point,Paper,s52_point_achbrt_paper_rcid_30604,scene_harness_not_covered
achbrt|Point|Simplified|1300|31352,ACHBRT,partial,ordinary_s57,harness_only_partial,109-s52-harness-and-standalone-proof,ACHBRT07,only remaining degraded reason is missing repository-owned harness/reference evidence,31352,1300,Point,Simplified,s52_point_achbrt_simplified_rcid_31352,scene_harness_not_covered
bcnlat|Point|Paper|2534|30605,BCNLAT,partial,ordinary_s57,harness_only_partial,109-s52-harness-and-standalone-proof,PRICKE03,only remaining degraded reason is missing repository-owned harness/reference evidence,30605,2534,Point,Paper,s52_point_bcnlat_paper_rcid_30605,scene_harness_not_covered
bcnlat|Point|Paper|2535|30606,BCNLAT,partial,ordinary_s57,harness_only_partial,109-s52-harness-and-standalone-proof,PRICKE04,only remaining degraded reason is missing repository-owned harness/reference evidence,30606,2535,Point,Paper,s52_point_bcnlat_paper_rcid_30606,scene_harness_not_covered
bcnlat|Point|Paper|2536|30607,BCNLAT,partial,ordinary_s57,harness_only_partial,109-s52-harness-and-standalone-proof,CAIRNS11,only remaining degraded reason is missing repository-owned harness/reference evidence,30607,2536,Point,Paper,s52_point_bcnlat_paper_rcid_30607,scene_harness_not_covered
bcnlat|Point|Paper|2537|30608,BCNLAT,partial,ordinary_s57,harness_only_partial,109-s52-harness-and-standalone-proof,BCNSTK03,only remaining degraded reason is missing repository-owned harness/reference evidence,30608,2537,Point,Paper,s52_point_bcnlat_paper_rcid_30608,scene_harness_not_covered
bcnlat|Point|Paper|2538|30609,BCNLAT,partial,ordinary_s57,harness_only_partial,109-s52-harness-and-standalone-proof,BCNTOW01,only remaining degraded reason is missing repository-owned harness/reference evidence,30609,2538,Point,Paper,s52_point_bcnlat_paper_rcid_30609,scene_harness_not_covered
bcnlat|Point|Paper|2539|30610,BCNLAT,partial,ordinary_s57,harness_only_partial,109-s52-harness-and-standalone-proof,BCNLTC01,only remaining degraded reason is missing repository-owned harness/reference evidence,30610,2539,Point,Paper,s52_point_bcnlat_paper_rcid_30610,scene_harness_not_covered
bcnlat|Point|Paper|2540|30611,BCNLAT,partial,ordinary_s57,harness_only_partial,109-s52-harness-and-standalone-proof,BCNGEN01,only remaining degraded reason is missing repository-owned harness/reference evidence,30611,2540,Point,Paper,s52_point_bcnlat_paper_rcid_30611,scene_harness_not_covered
bcnlat|Point|Paper|2541|30612,BCNLAT,partial,ordinary_s57,harness_only_partial,109-s52-harness-and-standalone-proof,CAIRNS01,only remaining degraded reason is missing repository-owned harness/reference evidence,30612,2541,Point,Paper,s52_point_bcnlat_paper_rcid_30612,scene_harness_not_covered
bcnlat|Point|Paper|2542|30613,BCNLAT,partial,ordinary_s57,harness_only_partial,109-s52-harness-and-standalone-proof,BCNGEN01,only remaining degraded reason is missing repository-owned harness/reference evidence,30613,2542,Point,Paper,s52_point_bcnlat_paper_rcid_30613,scene_harness_not_covered
bcnlat|Point|Paper|2543|30614,BCNLAT,partial,ordinary_s57,harness_only_partial,109-s52-harness-and-standalone-proof,BCNGEN03,only remaining degraded reason is missing repository-owned harness/reference evidence,30614,2543,Point,Paper,s52_point_bcnlat_paper_rcid_30614,scene_harness_not_covered
bcnlat|Point|Paper|2997|3063014,BCNLAT,partial,ordinary_s57,harness_only_partial,109-s52-harness-and-standalone-proof,BCNSTK78,only remaining degraded reason is missing repository-owned harness/reference evidence,3063014,2997,Point,Paper,s52_point_bcnlat_paper_rcid_3063014,scene_harness_not_covered
bcnlat|Point|Paper|2998|3063015,BCNLAT,partial,ordinary_s57,harness_only_partial,109-s52-harness-and-standalone-proof,BCNSTK81,only remaining degraded reason is missing repository-owned harness/reference evidence,3063015,2998,Point,Paper,s52_point_bcnlat_paper_rcid_3063015,scene_harness_not_covered
bcnlat|Point|Paper|3001|3063018,BCNLAT,partial,ordinary_s57,harness_only_partial,109-s52-harness-and-standalone-proof,BCNGEN60,only remaining degraded reason is missing repository-owned harness/reference evidence,3063018,3001,Point,Paper,s52_point_bcnlat_paper_rcid_3063018,scene_harness_not_covered
bcnlat|Point|Paper|3002|3063019,BCNLAT,partial,ordinary_s57,harness_only_partial,109-s52-harness-and-standalone-proof,BCNGEN61,only remaining degraded reason is missing repository-owned harness/reference evidence,3063019,3002,Point,Paper,s52_point_bcnlat_paper_rcid_3063019,scene_harness_not_covered
bcnlat|Point|Paper|3019|3063036,BCNLAT,partial,ordinary_s57,harness_only_partial,109-s52-harness-and-standalone-proof,BOYCON79,only remaining degraded reason is missing repository-owned harness/reference evidence,3063036,3019,Point,Paper,s52_point_bcnlat_paper_rcid_3063036,scene_harness_not_covered
bcnlat|Point|Paper|3020|3063037,BCNLAT,partial,ordinary_s57,harness_only_partial,109-s52-harness-and-standalone-proof,BOYCON68,only remaining degraded reason is missing repository-owned harness/reference evidence,3063037,3020,Point,Paper,s52_point_bcnlat_paper_rcid_3063037,scene_harness_not_covered
bcnlat|Point|Paper|3032|3063048,BCNLAT,partial,ordinary_s57,harness_only_partial,109-s52-harness-and-standalone-proof,BCNSTK82,only remaining degraded reason is missing repository-owned harness/reference evidence,3063048,3032,Point,Paper,s52_point_bcnlat_paper_rcid_3063048,scene_harness_not_covered
bcnlat|Point|Paper|3033|3063049,BCNLAT,partial,ordinary_s57,harness_only_partial,109-s52-harness-and-standalone-proof,BCNSTK83,only remaining degraded reason is missing repository-owned harness/reference evidence,3063049,3033,Point,Paper,s52_point_bcnlat_paper_rcid_3063049,scene_harness_not_covered
bcnlat|Point|Simplified|1301|31353,BCNLAT,partial,ordinary_s57,harness_only_partial,109-s52-harness-and-standalone-proof,BCNLAT21,only remaining degraded reason is missing repository-owned harness/reference evidence,31353,1301,Point,Simplified,s52_point_bcnlat_simplified_rcid_31353,scene_harness_not_covered
bcnlat|Point|Simplified|1302|31354,BCNLAT,partial,ordinary_s57,harness_only_partial,109-s52-harness-and-standalone-proof,BCNLAT15,only remaining degraded reason is missing repository-owned harness/reference evidence,31354,1302,Point,Simplified,s52_point_bcnlat_simplified_rcid_31354,scene_harness_not_covered
bcnlat|Point|Simplified|1303|31355,BCNLAT,partial,ordinary_s57,harness_only_partial,109-s52-harness-and-standalone-proof,BCNLAT22,only remaining degraded reason is missing repository-owned harness/reference evidence,31355,1303,Point,Simplified,s52_point_bcnlat_simplified_rcid_31355,scene_harness_not_covered
bcnlat|Point|Simplified|1304|31356,BCNLAT,partial,ordinary_s57,harness_only_partial,109-s52-harness-and-standalone-proof,BCNLAT16,only remaining degraded reason is missing repository-owned harness/reference evidence,31356,1304,Point,Simplified,s52_point_bcnlat_simplified_rcid_31356,scene_harness_not_covered
bcnlat|Point|Simplified|1305|31357,BCNLAT,partial,ordinary_s57,harness_only_partial,109-s52-harness-and-standalone-proof,BCNLAT21,only remaining degraded reason is missing repository-owned harness/reference evidence,31357,1305,Point,Simplified,s52_point_bcnlat_simplified_rcid_31357,scene_harness_not_covered
bcnlat|Point|Simplified|1306|31358,BCNLAT,partial,ordinary_s57,harness_only_partial,109-s52-harness-and-standalone-proof,BCNLAT15,only remaining degraded reason is missing repository-owned harness/reference evidence,31358,1306,Point,Simplified,s52_point_bcnlat_simplified_rcid_31358,scene_harness_not_covered
bcnlat|Point|Simplified|1307|31359,BCNLAT,partial,ordinary_s57,harness_only_partial,109-s52-harness-and-standalone-proof,BCNLAT22,only remaining degraded reason is missing repository-owned harness/reference evidence,31359,1307,Point,Simplified,s52_point_bcnlat_simplified_rcid_31359,scene_harness_not_covered
bcnlat|Point|Simplified|1308|31360,BCNLAT,partial,ordinary_s57,harness_only_partial,109-s52-harness-and-standalone-proof,BCNLAT16,only remaining degraded reason is missing repository-owned harness/reference evidence,31360,1308,Point,Simplified,s52_point_bcnlat_simplified_rcid_31360,scene_harness_not_covered
bcnlat|Point|Simplified|1309|31361,BCNLAT,partial,ordinary_s57,harness_only_partial,109-s52-harness-and-standalone-proof,BCNLAT15,only remaining degraded reason is missing repository-owned harness/reference evidence,31361,1309,Point,Simplified,s52_point_bcnlat_simplified_rcid_31361,scene_harness_not_covered
bcnlat|Point|Simplified|1310|31362,BCNLAT,partial,ordinary_s57,harness_only_partial,109-s52-harness-and-standalone-proof,BCNLAT16,only remaining degraded reason is missing repository-owned harness/reference evidence,31362,1310,Point,Simplified,s52_point_bcnlat_simplified_rcid_31362,scene_harness_not_covered
bcnlat|Point|Simplified|1311|31363,BCNLAT,partial,ordinary_s57,harness_only_partial,109-s52-harness-and-standalone-proof,BCNLAT21,only remaining degraded reason is missing repository-owned harness/reference evidence,31363,1311,Point,Simplified,s52_point_bcnlat_simplified_rcid_31363,scene_harness_not_covered
bcnlat|Point|Simplified|1312|31364,BCNLAT,partial,ordinary_s57,harness_only_partial,109-s52-harness-and-standalone-proof,BCNLAT22,only remaining degraded reason is missing repository-owned harness/reference evidence,31364,1312,Point,Simplified,s52_point_bcnlat_simplified_rcid_31364,scene_harness_not_covered
bcnlat|Point|Simplified|1313|31365,BCNLAT,partial,ordinary_s57,harness_only_partial,109-s52-harness-and-standalone-proof,BCNSPP21,only remaining degraded reason is missing repository-owned harness/reference evidence,31365,1313,Point,Simplified,s52_point_bcnlat_simplified_rcid_31365,scene_harness_not_covered
bcnlat|Point|Simplified|1314|31366,BCNLAT,partial,ordinary_s57,harness_only_partial,109-s52-harness-and-standalone-proof,BCNSPP21,only remaining degraded reason is missing repository-owned harness/reference evidence,31366,1314,Point,Simplified,s52_point_bcnlat_simplified_rcid_31366,scene_harness_not_covered
bcnlat|Point|Simplified|1315|31367,BCNLAT,partial,ordinary_s57,harness_only_partial,109-s52-harness-and-standalone-proof,BCNLAT21,only remaining degraded reason is missing repository-owned harness/reference evidence,31367,1315,Point,Simplified,s52_point_bcnlat_simplified_rcid_31367,scene_harness_not_covered
bcnlat|Point|Simplified|1316|31368,BCNLAT,partial,ordinary_s57,harness_only_partial,109-s52-harness-and-standalone-proof,BCNLAT22,only remaining degraded reason is missing repository-owned harness/reference evidence,31368,1316,Point,Simplified,s52_point_bcnlat_simplified_rcid_31368,scene_harness_not_covered
bcnlat|Point|Simplified|1317|31369,BCNLAT,partial,ordinary_s57,harness_only_partial,109-s52-harness-and-standalone-proof,BCNLAT21,only remaining degraded reason is missing repository-owned harness/reference evidence,31369,1317,Point,Simplified,s52_point_bcnlat_simplified_rcid_31369,scene_harness_not_covered
bcnlat|Point|Simplified|1318|31370,BCNLAT,partial,ordinary_s57,harness_only_partial,109-s52-harness-and-standalone-proof,BCNLAT22,only remaining degraded reason is missing repository-owned harness/reference evidence,31370,1318,Point,Simplified,s52_point_bcnlat_simplified_rcid_31370,scene_harness_not_covered
bcnlat|Point|Simplified|1319|31371,BCNLAT,partial,ordinary_s57,harness_only_partial,109-s52-harness-and-standalone-proof,BCNLAT21,only remaining degraded reason is missing repository-owned harness/reference evidence,31371,1319,Point,Simplified,s52_point_bcnlat_simplified_rcid_31371,scene_harness_not_covered
bcnlat|Point|Simplified|1320|31372,BCNLAT,partial,ordinary_s57,harness_only_partial,109-s52-harness-and-standalone-proof,BCNLAT22,only remaining degraded reason is missing repository-owned harness/reference evidence,31372,1320,Point,Simplified,s52_point_bcnlat_simplified_rcid_31372,scene_harness_not_covered
bcnlat|Point|Simplified|1321|31373,BCNLAT,partial,ordinary_s57,harness_only_partial,109-s52-harness-and-standalone-proof,BCNLAT21,only remaining degraded reason is missing repository-owned harness/reference evidence,31373,1321,Point,Simplified,s52_point_bcnlat_simplified_rcid_31373,scene_harness_not_covered
bcnlat|Point|Simplified|1322|31374,BCNLAT,partial,ordinary_s57,harness_only_partial,109-s52-harness-and-standalone-proof,BCNLAT22,only remaining degraded reason is missing repository-owned harness/reference evidence,31374,1322,Point,Simplified,s52_point_bcnlat_simplified_rcid_31374,scene_harness_not_covered
bcnlat|Point|Simplified|1323|31375,BCNLAT,partial,ordinary_s57,harness_only_partial,109-s52-harness-and-standalone-proof,BCNLAT15,only remaining degraded reason is missing repository-owned harness/reference evidence,31375,1323,Point,Simplified,s52_point_bcnlat_simplified_rcid_31375,scene_harness_not_covered
bcnlat|Point|Simplified|1324|31376,BCNLAT,partial,ordinary_s57,harness_only_partial,109-s52-harness-and-standalone-proof,BCNLAT16,only remaining degraded reason is missing repository-owned harness/reference evidence,31376,1324,Point,Simplified,s52_point_bcnlat_simplified_rcid_31376,scene_harness_not_covered
bcnlat|Point|Simplified|1325|31377,BCNLAT,partial,ordinary_s57,harness_only_partial,109-s52-harness-and-standalone-proof,BCNLAT21,only remaining degraded reason is missing repository-owned harness/reference evidence,31377,1325,Point,Simplified,s52_point_bcnlat_simplified_rcid_31377,scene_harness_not_covered
bcnlat|Point|Simplified|1326|31378,BCNLAT,partial,ordinary_s57,harness_only_partial,109-s52-harness-and-standalone-proof,BCNLAT22,only remaining degraded reason is missing repository-owned harness/reference evidence,31378,1326,Point,Simplified,s52_point_bcnlat_simplified_rcid_31378,scene_harness_not_covered
bcnlat|Point|Simplified|1327|31379,BCNLAT,partial,ordinary_s57,harness_only_partial,109-s52-harness-and-standalone-proof,BCNLAT23,only remaining degraded reason is missing repository-owned harness/reference evidence,31379,1327,Point,Simplified,s52_point_bcnlat_simplified_rcid_31379,scene_harness_not_covered
bcnlat|Point|Simplified|1328|31380,BCNLAT,partial,ordinary_s57,harness_only_partial,109-s52-harness-and-standalone-proof,BCNDEF13,only remaining degraded reason is missing repository-owned harness/reference evidence,31380,1328,Point,Simplified,s52_point_bcnlat_simplified_rcid_31380,scene_harness_not_covered
bcnwtw|Point|Paper|2544|30615,BCNWTW,partial,ordinary_s57,harness_only_partial,109-s52-harness-and-standalone-proof,BCNLAT50,only remaining degraded reason is missing repository-owned harness/reference evidence,30615,2544,Point,Paper,s52_point_bcnwtw_paper_rcid_30615,scene_harness_not_covered
bcnwtw|Point|Simplified|1329|31381,BCNWTW,partial,ordinary_s57,harness_only_partial,109-s52-harness-and-standalone-proof,BCNLAT50,only remaining degraded reason is missing repository-owned harness/reference evidence,31381,1329,Point,Simplified,s52_point_bcnwtw_simplified_rcid_31381,scene_harness_not_covered
berths|Area|Plain|245|32280,BERTHS,partial,ordinary_s57,harness_only_partial,109-s52-harness-and-standalone-proof,BRTHNO01,only remaining degraded reason is missing repository-owned harness/reference evidence,32280,245,Area,Plain,s52_area_berths_plain_rcid_32280,scene_harness_not_covered
berths|Area|Symbolized|586|32621,BERTHS,partial,ordinary_s57,harness_only_partial,109-s52-harness-and-standalone-proof,BRTHNO01,only remaining degraded reason is missing repository-owned harness/reference evidence,32621,586,Area,Symbolized,s52_area_berths_symbolized_rcid_32621,scene_harness_not_covered
berths|Line|Lines|852|31928,BERTHS,partial,ordinary_s57,harness_only_partial,109-s52-harness-and-standalone-proof,BRTHNO01,only remaining degraded reason is missing repository-owned harness/reference evidence,31928,852,Line,Lines,s52_line_berths_lines_rcid_31928,scene_harness_not_covered
berths|Point|Paper|2545|30616,BERTHS,partial,ordinary_s57,harness_only_partial,109-s52-harness-and-standalone-proof,BRTHNO01,only remaining degraded reason is missing repository-owned harness/reference evidence,30616,2545,Point,Paper,s52_point_berths_paper_rcid_30616,scene_harness_not_covered
berths|Point|Simplified|1330|31382,BERTHS,partial,ordinary_s57,harness_only_partial,109-s52-harness-and-standalone-proof,BRTHNO01,only remaining degraded reason is missing repository-owned harness/reference evidence,31382,1330,Point,Simplified,s52_point_berths_simplified_rcid_31382,scene_harness_not_covered
boylat|Point|Paper|2549|30617,BOYLAT,partial,ordinary_s57,harness_only_partial,109-s52-harness-and-standalone-proof,BOYCON78,only remaining degraded reason is missing repository-owned harness/reference evidence,30617,2549,Point,Paper,s52_point_boylat_paper_rcid_30617,scene_harness_not_covered
boylat|Point|Paper|2550|30618,BOYLAT,partial,ordinary_s57,harness_only_partial,109-s52-harness-and-standalone-proof,BOYSPH74,only remaining degraded reason is missing repository-owned harness/reference evidence,30618,2550,Point,Paper,s52_point_boylat_paper_rcid_30618,scene_harness_not_covered
boylat|Point|Paper|2551|30619,BOYLAT,partial,ordinary_s57,harness_only_partial,109-s52-harness-and-standalone-proof,BOYCON73,only remaining degraded reason is missing repository-owned harness/reference evidence,30619,2551,Point,Paper,s52_point_boylat_paper_rcid_30619,scene_harness_not_covered
boylat|Point|Paper|2551|3061901,BOYLAT,partial,ordinary_s57,harness_only_partial,109-s52-harness-and-standalone-proof,BCNGEN65,only remaining degraded reason is missing repository-owned harness/reference evidence,3061901,2551,Point,Paper,s52_point_boylat_paper_rcid_3061901,scene_harness_not_covered
boylat|Point|Paper|2552|30620,BOYLAT,partial,ordinary_s57,harness_only_partial,109-s52-harness-and-standalone-proof,BOYCAN74,only remaining degraded reason is missing repository-owned harness/reference evidence,30620,2552,Point,Paper,s52_point_boylat_paper_rcid_30620,scene_harness_not_covered
boylat|Point|Paper|2552|3062001,BOYLAT,partial,ordinary_s57,harness_only_partial,109-s52-harness-and-standalone-proof,BCNGEN64,only remaining degraded reason is missing repository-owned harness/reference evidence,3062001,2552,Point,Paper,s52_point_boylat_paper_rcid_3062001,scene_harness_not_covered
boylat|Point|Paper|2553|30621,BOYLAT,partial,ordinary_s57,harness_only_partial,109-s52-harness-and-standalone-proof,BOYCON68,only remaining degraded reason is missing repository-owned harness/reference evidence,30621,2553,Point,Paper,s52_point_boylat_paper_rcid_30621,scene_harness_not_covered
boylat|Point|Paper|2554|30622,BOYLAT,partial,ordinary_s57,harness_only_partial,109-s52-harness-and-standalone-proof,BOYCON68,only remaining degraded reason is missing repository-owned harness/reference evidence,30622,2554,Point,Paper,s52_point_boylat_paper_rcid_30622,scene_harness_not_covered
boylat|Point|Paper|2555|30623,BOYLAT,partial,ordinary_s57,harness_only_partial,109-s52-harness-and-standalone-proof,BOYCAN75,only remaining degraded reason is missing repository-owned harness/reference evidence,30623,2555,Point,Paper,s52_point_boylat_paper_rcid_30623,scene_harness_not_covered
boylat|Point|Paper|2556|30624,BOYLAT,partial,ordinary_s57,harness_only_partial,109-s52-harness-and-standalone-proof,BOYSPH74,only remaining degraded reason is missing repository-owned harness/reference evidence,30624,2556,Point,Paper,s52_point_boylat_paper_rcid_30624,scene_harness_not_covered
boylat|Point|Paper|2557|30625,BOYLAT,partial,ordinary_s57,harness_only_partial,109-s52-harness-and-standalone-proof,BOYSPH75,only remaining degraded reason is missing repository-owned harness/reference evidence,30625,2557,Point,Paper,s52_point_boylat_paper_rcid_30625,scene_harness_not_covered
boylat|Point|Paper|2558|30626,BOYLAT,partial,ordinary_s57,harness_only_partial,109-s52-harness-and-standalone-proof,BOYCON61,only remaining degraded reason is missing repository-owned harness/reference evidence,30626,2558,Point,Paper,s52_point_boylat_paper_rcid_30626,scene_harness_not_covered
boylat|Point|Paper|2559|30627,BOYLAT,partial,ordinary_s57,harness_only_partial,109-s52-harness-and-standalone-proof,BOYCON62,only remaining degraded reason is missing repository-owned harness/reference evidence,30627,2559,Point,Paper,s52_point_boylat_paper_rcid_30627,scene_harness_not_covered
boylat|Point|Paper|2560|30628,BOYLAT,partial,ordinary_s57,harness_only_partial,109-s52-harness-and-standalone-proof,BOYCAN60,only remaining degraded reason is missing repository-owned harness/reference evidence,30628,2560,Point,Paper,s52_point_boylat_paper_rcid_30628,scene_harness_not_covered
boylat|Point|Paper|2561|30629,BOYLAT,partial,ordinary_s57,harness_only_partial,109-s52-harness-and-standalone-proof,BOYCAN63,only remaining degraded reason is missing repository-owned harness/reference evidence,30629,2561,Point,Paper,s52_point_boylat_paper_rcid_30629,scene_harness_not_covered
boylat|Point|Paper|2562|30630,BOYLAT,partial,ordinary_s57,harness_only_partial,109-s52-harness-and-standalone-proof,BOYSPH62,only remaining degraded reason is missing repository-owned harness/reference evidence,30630,2562,Point,Paper,s52_point_boylat_paper_rcid_30630,scene_harness_not_covered
boylat|Point|Paper|2984|3063001,BOYLAT,partial,ordinary_s57,harness_only_partial,109-s52-harness-and-standalone-proof,BCNGEN61,only remaining degraded reason is missing repository-owned harness/reference evidence,3063001,2984,Point,Paper,s52_point_boylat_paper_rcid_3063001,scene_harness_not_covered
boylat|Point|Paper|2985|3063002,BOYLAT,partial,ordinary_s57,harness_only_partial,109-s52-harness-and-standalone-proof,BCNGEN60,only remaining degraded reason is missing repository-owned harness/reference evidence,3063002,2985,Point,Paper,s52_point_boylat_paper_rcid_3063002,scene_harness_not_covered
boylat|Point|Paper|2986|3063003,BOYLAT,partial,ordinary_s57,harness_only_partial,109-s52-harness-and-standalone-proof,BCNGEN65,only remaining degraded reason is missing repository-owned harness/reference evidence,3063003,2986,Point,Paper,s52_point_boylat_paper_rcid_3063003,scene_harness_not_covered
boylat|Point|Paper|2987|3063004,BOYLAT,partial,ordinary_s57,harness_only_partial,109-s52-harness-and-standalone-proof,BCNGEN64,only remaining degraded reason is missing repository-owned harness/reference evidence,3063004,2987,Point,Paper,s52_point_boylat_paper_rcid_3063004,scene_harness_not_covered
boylat|Point|Paper|2988|3063005,BOYLAT,partial,ordinary_s57,harness_only_partial,109-s52-harness-and-standalone-proof,BOYCON67,only remaining degraded reason is missing repository-owned harness/reference evidence,3063005,2988,Point,Paper,s52_point_boylat_paper_rcid_3063005,scene_harness_not_covered
boylat|Point|Paper|2989|3063006,BOYLAT,partial,ordinary_s57,harness_only_partial,109-s52-harness-and-standalone-proof,BOYCON66,only remaining degraded reason is missing repository-owned harness/reference evidence,3063006,2989,Point,Paper,s52_point_boylat_paper_rcid_3063006,scene_harness_not_covered
boylat|Point|Paper|2990|3063007,BOYLAT,partial,ordinary_s57,harness_only_partial,109-s52-harness-and-standalone-proof,BOYCAN72,only remaining degraded reason is missing repository-owned harness/reference evidence,3063007,2990,Point,Paper,s52_point_boylat_paper_rcid_3063007,scene_harness_not_covered
boylat|Point|Paper|2999|3063016,BOYLAT,partial,ordinary_s57,harness_only_partial,109-s52-harness-and-standalone-proof,BCNSTK83,only remaining degraded reason is missing repository-owned harness/reference evidence,3063016,2999,Point,Paper,s52_point_boylat_paper_rcid_3063016,scene_harness_not_covered
boylat|Point|Paper|3000|3063017,BOYLAT,partial,ordinary_s57,harness_only_partial,109-s52-harness-and-standalone-proof,BCNSTK80,only remaining degraded reason is missing repository-owned harness/reference evidence,3063017,3000,Point,Paper,s52_point_boylat_paper_rcid_3063017,scene_harness_not_covered
boylat|Point|Paper|3005|3063022,BOYLAT,partial,ordinary_s57,harness_only_partial,109-s52-harness-and-standalone-proof,BOYBAR62,only remaining degraded reason is missing repository-owned harness/reference evidence,3063022,3005,Point,Paper,s52_point_boylat_paper_rcid_3063022,scene_harness_not_covered
boylat|Point|Paper|3006|3063023,BOYLAT,partial,ordinary_s57,harness_only_partial,109-s52-harness-and-standalone-proof,BCNSTK78,only remaining degraded reason is missing repository-owned harness/reference evidence,3063023,3006,Point,Paper,s52_point_boylat_paper_rcid_3063023,scene_harness_not_covered
boylat|Point|Paper|3007|3063024,BOYLAT,partial,ordinary_s57,harness_only_partial,109-s52-harness-and-standalone-proof,BCNSTK81,only remaining degraded reason is missing repository-owned harness/reference evidence,3063024,3007,Point,Paper,s52_point_boylat_paper_rcid_3063024,scene_harness_not_covered
boylat|Point|Paper|3008|3063025,BOYLAT,partial,ordinary_s57,harness_only_partial,109-s52-harness-and-standalone-proof,BCNSTK79,only remaining degraded reason is missing repository-owned harness/reference evidence,3063025,3008,Point,Paper,s52_point_boylat_paper_rcid_3063025,scene_harness_not_covered
boylat|Point|Paper|3009|3063026,BOYLAT,partial,ordinary_s57,harness_only_partial,109-s52-harness-and-standalone-proof,BOYPIL60,only remaining degraded reason is missing repository-owned harness/reference evidence,3063026,3009,Point,Paper,s52_point_boylat_paper_rcid_3063026,scene_harness_not_covered
boylat|Point|Paper|3010|3063027,BOYLAT,partial,ordinary_s57,harness_only_partial,109-s52-harness-and-standalone-proof,BOYPIL61,only remaining degraded reason is missing repository-owned harness/reference evidence,3063027,3010,Point,Paper,s52_point_boylat_paper_rcid_3063027,scene_harness_not_covered
boylat|Point|Paper|3031|3063047,BOYLAT,partial,ordinary_s57,harness_only_partial,109-s52-harness-and-standalone-proof,BCNSTK82,only remaining degraded reason is missing repository-owned harness/reference evidence,3063047,3031,Point,Paper,s52_point_boylat_paper_rcid_3063047,scene_harness_not_covered
boylat|Point|Paper|3036|3063052,BOYLAT,partial,ordinary_s57,harness_only_partial,109-s52-harness-and-standalone-proof,BOYSPH66,only remaining degraded reason is missing repository-owned harness/reference evidence,3063052,3036,Point,Paper,s52_point_boylat_paper_rcid_3063052,scene_harness_not_covered
boylat|Point|Paper|2563|30631,BOYLAT,partial,ordinary_s57,harness_only_partial,109-s52-harness-and-standalone-proof,BOYCON01,only remaining degraded reason is missing repository-owned harness/reference evidence,30631,2563,Point,Paper,s52_point_boylat_paper_rcid_30631,scene_harness_not_covered
boylat|Point|Paper|2565|30633,BOYLAT,partial,ordinary_s57,harness_only_partial,109-s52-harness-and-standalone-proof,BOYSPH01,only remaining degraded reason is missing repository-owned harness/reference evidence,30633,2565,Point,Paper,s52_point_boylat_paper_rcid_30633,scene_harness_not_covered
boylat|Point|Paper|2566|30634,BOYLAT,partial,ordinary_s57,harness_only_partial,109-s52-harness-and-standalone-proof,BOYPIL01,only remaining degraded reason is missing repository-owned harness/reference evidence,30634,2566,Point,Paper,s52_point_boylat_paper_rcid_30634,scene_harness_not_covered
boylat|Point|Paper|2567|30635,BOYLAT,partial,ordinary_s57,harness_only_partial,109-s52-harness-and-standalone-proof,BOYSPR01,only remaining degraded reason is missing repository-owned harness/reference evidence,30635,2567,Point,Paper,s52_point_boylat_paper_rcid_30635,scene_harness_not_covered
boylat|Point|Paper|2568|30636,BOYLAT,partial,ordinary_s57,harness_only_partial,109-s52-harness-and-standalone-proof,BOYBAR01,only remaining degraded reason is missing repository-owned harness/reference evidence,30636,2568,Point,Paper,s52_point_boylat_paper_rcid_30636,scene_harness_not_covered
boylat|Point|Paper|2569|30637,BOYLAT,partial,ordinary_s57,harness_only_partial,109-s52-harness-and-standalone-proof,BOYSUP01,only remaining degraded reason is missing repository-owned harness/reference evidence,30637,2569,Point,Paper,s52_point_boylat_paper_rcid_30637,scene_harness_not_covered
boylat|Point|Paper|2570|30638,BOYLAT,partial,ordinary_s57,harness_only_partial,109-s52-harness-and-standalone-proof,BOYSPR01,only remaining degraded reason is missing repository-owned harness/reference evidence,30638,2570,Point,Paper,s52_point_boylat_paper_rcid_30638,scene_harness_not_covered
boylat|Point|Paper|2571|30639,BOYLAT,partial,ordinary_s57,harness_only_partial,109-s52-harness-and-standalone-proof,BOYGEN03,only remaining degraded reason is missing repository-owned harness/reference evidence,30639,2571,Point,Paper,s52_point_boylat_paper_rcid_30639,scene_harness_not_covered
boylat|Point|Paper|2546|93813,BOYLAT,partial,ordinary_s57,harness_only_partial,109-s52-harness-and-standalone-proof,BOYCON74,only remaining degraded reason is missing repository-owned harness/reference evidence,93813,2546,Point,Paper,s52_point_boylat_paper_rcid_93813,scene_harness_not_covered
boylat|Point|Paper|2547|93814,BOYLAT,partial,ordinary_s57,harness_only_partial,109-s52-harness-and-standalone-proof,BOYCAN82,only remaining degraded reason is missing repository-owned harness/reference evidence,93814,2547,Point,Paper,s52_point_boylat_paper_rcid_93814,scene_harness_not_covered
boylat|Point|Paper|2548|93815,BOYLAT,partial,ordinary_s57,harness_only_partial,109-s52-harness-and-standalone-proof,BOYCAN83,only remaining degraded reason is missing repository-owned harness/reference evidence,93815,2548,Point,Paper,s52_point_boylat_paper_rcid_93815,scene_harness_not_covered
boylat|Point|Simplified|1331|31383,BOYLAT,partial,ordinary_s57,harness_only_partial,109-s52-harness-and-standalone-proof,BOYLAT24,only remaining degraded reason is missing repository-owned harness/reference evidence,31383,1331,Point,Simplified,s52_point_boylat_simplified_rcid_31383,scene_harness_not_covered
boylat|Point|Simplified|1332|31384,BOYLAT,partial,ordinary_s57,harness_only_partial,109-s52-harness-and-standalone-proof,BOYLAT23,only remaining degraded reason is missing repository-owned harness/reference evidence,31384,1332,Point,Simplified,s52_point_boylat_simplified_rcid_31384,scene_harness_not_covered
boylat|Point|Simplified|1333|31385,BOYLAT,partial,ordinary_s57,harness_only_partial,109-s52-harness-and-standalone-proof,BOYLAT14,only remaining degraded reason is missing repository-owned harness/reference evidence,31385,1333,Point,Simplified,s52_point_boylat_simplified_rcid_31385,scene_harness_not_covered
boylat|Point|Simplified|1334|31386,BOYLAT,partial,ordinary_s57,harness_only_partial,109-s52-harness-and-standalone-proof,BOYLAT13,only remaining degraded reason is missing repository-owned harness/reference evidence,31386,1334,Point,Simplified,s52_point_boylat_simplified_rcid_31386,scene_harness_not_covered
boylat|Point|Simplified|1335|31387,BOYLAT,partial,ordinary_s57,harness_only_partial,109-s52-harness-and-standalone-proof,BOYLAT25,only remaining degraded reason is missing repository-owned harness/reference evidence,31387,1335,Point,Simplified,s52_point_boylat_simplified_rcid_31387,scene_harness_not_covered
boylat|Point|Simplified|1336|31388,BOYLAT,partial,ordinary_s57,harness_only_partial,109-s52-harness-and-standalone-proof,BOYLAT25,only remaining degraded reason is missing repository-owned harness/reference evidence,31388,1336,Point,Simplified,s52_point_boylat_simplified_rcid_31388,scene_harness_not_covered
boylat|Point|Simplified|1337|31389,BOYLAT,partial,ordinary_s57,harness_only_partial,109-s52-harness-and-standalone-proof,BOYLAT26,only remaining degraded reason is missing repository-owned harness/reference evidence,31389,1337,Point,Simplified,s52_point_boylat_simplified_rcid_31389,scene_harness_not_covered
boylat|Point|Simplified|1338|31390,BOYLAT,partial,ordinary_s57,harness_only_partial,109-s52-harness-and-standalone-proof,BOYLAT27,only remaining degraded reason is missing repository-owned harness/reference evidence,31390,1338,Point,Simplified,s52_point_boylat_simplified_rcid_31390,scene_harness_not_covered
boylat|Point|Simplified|1339|31391,BOYLAT,partial,ordinary_s57,harness_only_partial,109-s52-harness-and-standalone-proof,BOYSPP25,only remaining degraded reason is missing repository-owned harness/reference evidence,31391,1339,Point,Simplified,s52_point_boylat_simplified_rcid_31391,scene_harness_not_covered
boylat|Point|Simplified|1340|31392,BOYLAT,partial,ordinary_s57,harness_only_partial,109-s52-harness-and-standalone-proof,BOYLAT24,only remaining degraded reason is missing repository-owned harness/reference evidence,31392,1340,Point,Simplified,s52_point_boylat_simplified_rcid_31392,scene_harness_not_covered
boylat|Point|Simplified|1341|31393,BOYLAT,partial,ordinary_s57,harness_only_partial,109-s52-harness-and-standalone-proof,BOYLAT23,only remaining degraded reason is missing repository-owned harness/reference evidence,31393,1341,Point,Simplified,s52_point_boylat_simplified_rcid_31393,scene_harness_not_covered
boylat|Point|Simplified|1342|31394,BOYLAT,partial,ordinary_s57,harness_only_partial,109-s52-harness-and-standalone-proof,BOYLAT14,only remaining degraded reason is missing repository-owned harness/reference evidence,31394,1342,Point,Simplified,s52_point_boylat_simplified_rcid_31394,scene_harness_not_covered
boylat|Point|Simplified|1343|31395,BOYLAT,partial,ordinary_s57,harness_only_partial,109-s52-harness-and-standalone-proof,BOYLAT13,only remaining degraded reason is missing repository-owned harness/reference evidence,31395,1343,Point,Simplified,s52_point_boylat_simplified_rcid_31395,scene_harness_not_covered
boylat|Point|Simplified|1344|31396,BOYLAT,partial,ordinary_s57,harness_only_partial,109-s52-harness-and-standalone-proof,BOYLAT24,only remaining degraded reason is missing repository-owned harness/reference evidence,31396,1344,Point,Simplified,s52_point_boylat_simplified_rcid_31396,scene_harness_not_covered
boylat|Point|Simplified|1345|31397,BOYLAT,partial,ordinary_s57,harness_only_partial,109-s52-harness-and-standalone-proof,BOYLAT13,only remaining degraded reason is missing repository-owned harness/reference evidence,31397,1345,Point,Simplified,s52_point_boylat_simplified_rcid_31397,scene_harness_not_covered
boylat|Point|Simplified|1346|31398,BOYLAT,partial,ordinary_s57,harness_only_partial,109-s52-harness-and-standalone-proof,BOYDEF03,only remaining degraded reason is missing repository-owned harness/reference evidence,31398,1346,Point,Simplified,s52_point_boylat_simplified_rcid_31398,scene_harness_not_covered
boywtw|Point|Paper|3017|3063034,BOYWTW,partial,ordinary_s57,harness_only_partial,109-s52-harness-and-standalone-proof,BOYCAN63,only remaining degraded reason is missing repository-owned harness/reference evidence,3063034,3017,Point,Paper,s52_point_boywtw_paper_rcid_3063034,scene_harness_not_covered
boywtw|Point|Paper|2573|30640,BOYWTW,partial,ordinary_s57,harness_only_partial,109-s52-harness-and-standalone-proof,BOYCON67,only remaining degraded reason is missing repository-owned harness/reference evidence,30640,2573,Point,Paper,s52_point_boywtw_paper_rcid_30640,scene_harness_not_covered
boywtw|Point|Paper|2574|30641,BOYWTW,partial,ordinary_s57,harness_only_partial,109-s52-harness-and-standalone-proof,BOYCAN72,only remaining degraded reason is missing repository-owned harness/reference evidence,30641,2574,Point,Paper,s52_point_boywtw_paper_rcid_30641,scene_harness_not_covered
boywtw|Point|Paper|2575|30642,BOYWTW,partial,ordinary_s57,harness_only_partial,109-s52-harness-and-standalone-proof,BOYCON67,only remaining degraded reason is missing repository-owned harness/reference evidence,30642,2575,Point,Paper,s52_point_boywtw_paper_rcid_30642,scene_harness_not_covered
boywtw|Point|Paper|2576|30643,BOYWTW,partial,ordinary_s57,harness_only_partial,109-s52-harness-and-standalone-proof,BOYCAN72,only remaining degraded reason is missing repository-owned harness/reference evidence,30643,2576,Point,Paper,s52_point_boywtw_paper_rcid_30643,scene_harness_not_covered
boywtw|Point|Paper|2577|30644,BOYWTW,partial,ordinary_s57,harness_only_partial,109-s52-harness-and-standalone-proof,BOYCON67,only remaining degraded reason is missing repository-owned harness/reference evidence,30644,2577,Point,Paper,s52_point_boywtw_paper_rcid_30644,scene_harness_not_covered
boywtw|Point|Paper|2578|30645,BOYWTW,partial,ordinary_s57,harness_only_partial,109-s52-harness-and-standalone-proof,BOYCAN72,only remaining degraded reason is missing repository-owned harness/reference evidence,30645,2578,Point,Paper,s52_point_boywtw_paper_rcid_30645,scene_harness_not_covered
boywtw|Point|Paper|2579|30646,BOYWTW,partial,ordinary_s57,harness_only_partial,109-s52-harness-and-standalone-proof,BOYCON67,only remaining degraded reason is missing repository-owned harness/reference evidence,30646,2579,Point,Paper,s52_point_boywtw_paper_rcid_30646,scene_harness_not_covered
boywtw|Point|Paper|2580|30647,BOYWTW,partial,ordinary_s57,harness_only_partial,109-s52-harness-and-standalone-proof,BOYCAN72,only remaining degraded reason is missing repository-owned harness/reference evidence,30647,2580,Point,Paper,s52_point_boywtw_paper_rcid_30647,scene_harness_not_covered
boywtw|Point|Paper|2581|30648,BOYWTW,partial,ordinary_s57,harness_only_partial,109-s52-harness-and-standalone-proof,BOYCON67,only remaining degraded reason is missing repository-owned harness/reference evidence,30648,2581,Point,Paper,s52_point_boywtw_paper_rcid_30648,scene_harness_not_covered
boywtw|Point|Paper|2582|30649,BOYWTW,partial,ordinary_s57,harness_only_partial,109-s52-harness-and-standalone-proof,BOYCAN72,only remaining degraded reason is missing repository-owned harness/reference evidence,30649,2582,Point,Paper,s52_point_boywtw_paper_rcid_30649,scene_harness_not_covered
boywtw|Point|Paper|2583|30650,BOYWTW,partial,ordinary_s57,harness_only_partial,109-s52-harness-and-standalone-proof,BCNSTK81,only remaining degraded reason is missing repository-owned harness/reference evidence,30650,2583,Point,Paper,s52_point_boywtw_paper_rcid_30650,scene_harness_not_covered
boywtw|Point|Paper|2584|30651,BOYWTW,partial,ordinary_s57,harness_only_partial,109-s52-harness-and-standalone-proof,BCNSTK81,only remaining degraded reason is missing repository-owned harness/reference evidence,30651,2584,Point,Paper,s52_point_boywtw_paper_rcid_30651,scene_harness_not_covered
boywtw|Point|Paper|2585|30652,BOYWTW,partial,ordinary_s57,harness_only_partial,109-s52-harness-and-standalone-proof,BCNSTK78,only remaining degraded reason is missing repository-owned harness/reference evidence,30652,2585,Point,Paper,s52_point_boywtw_paper_rcid_30652,scene_harness_not_covered
boywtw|Point|Paper|2586|30653,BOYWTW,partial,ordinary_s57,harness_only_partial,109-s52-harness-and-standalone-proof,BCNSTK78,only remaining degraded reason is missing repository-owned harness/reference evidence,30653,2586,Point,Paper,s52_point_boywtw_paper_rcid_30653,scene_harness_not_covered
boywtw|Point|Paper|2587|30654,BOYWTW,partial,ordinary_s57,harness_only_partial,109-s52-harness-and-standalone-proof,BCNSTK81,only remaining degraded reason is missing repository-owned harness/reference evidence,30654,2587,Point,Paper,s52_point_boywtw_paper_rcid_30654,scene_harness_not_covered
boywtw|Point|Paper|2588|30655,BOYWTW,partial,ordinary_s57,harness_only_partial,109-s52-harness-and-standalone-proof,BCNSTK81,only remaining degraded reason is missing repository-owned harness/reference evidence,30655,2588,Point,Paper,s52_point_boywtw_paper_rcid_30655,scene_harness_not_covered
boywtw|Point|Paper|2589|30656,BOYWTW,partial,ordinary_s57,harness_only_partial,109-s52-harness-and-standalone-proof,BCNSTK78,only remaining degraded reason is missing repository-owned harness/reference evidence,30656,2589,Point,Paper,s52_point_boywtw_paper_rcid_30656,scene_harness_not_covered
boywtw|Point|Paper|2590|30657,BOYWTW,partial,ordinary_s57,harness_only_partial,109-s52-harness-and-standalone-proof,BCNSTK78,only remaining degraded reason is missing repository-owned harness/reference evidence,30657,2590,Point,Paper,s52_point_boywtw_paper_rcid_30657,scene_harness_not_covered
boywtw|Point|Paper|2591|30658,BOYWTW,partial,ordinary_s57,harness_only_partial,109-s52-harness-and-standalone-proof,BCNSTK81,only remaining degraded reason is missing repository-owned harness/reference evidence,30658,2591,Point,Paper,s52_point_boywtw_paper_rcid_30658,scene_harness_not_covered
boywtw|Point|Paper|2592|30659,BOYWTW,partial,ordinary_s57,harness_only_partial,109-s52-harness-and-standalone-proof,BCNSTK81,only remaining degraded reason is missing repository-owned harness/reference evidence,30659,2592,Point,Paper,s52_point_boywtw_paper_rcid_30659,scene_harness_not_covered
boywtw|Point|Paper|2593|30660,BOYWTW,partial,ordinary_s57,harness_only_partial,109-s52-harness-and-standalone-proof,BCNSTK78,only remaining degraded reason is missing repository-owned harness/reference evidence,30660,2593,Point,Paper,s52_point_boywtw_paper_rcid_30660,scene_harness_not_covered
boywtw|Point|Paper|2594|30661,BOYWTW,partial,ordinary_s57,harness_only_partial,109-s52-harness-and-standalone-proof,BCNSTK78,only remaining degraded reason is missing repository-owned harness/reference evidence,30661,2594,Point,Paper,s52_point_boywtw_paper_rcid_30661,scene_harness_not_covered
boywtw|Point|Paper|2595|30662,BOYWTW,partial,ordinary_s57,harness_only_partial,109-s52-harness-and-standalone-proof,BCNSTK81,only remaining degraded reason is missing repository-owned harness/reference evidence,30662,2595,Point,Paper,s52_point_boywtw_paper_rcid_30662,scene_harness_not_covered
boywtw|Point|Paper|2596|30663,BOYWTW,partial,ordinary_s57,harness_only_partial,109-s52-harness-and-standalone-proof,BCNSTK81,only remaining degraded reason is missing repository-owned harness/reference evidence,30663,2596,Point,Paper,s52_point_boywtw_paper_rcid_30663,scene_harness_not_covered
boywtw|Point|Paper|2597|30664,BOYWTW,partial,ordinary_s57,harness_only_partial,109-s52-harness-and-standalone-proof,BCNSTK78,only remaining degraded reason is missing repository-owned harness/reference evidence,30664,2597,Point,Paper,s52_point_boywtw_paper_rcid_30664,scene_harness_not_covered
boywtw|Point|Paper|2598|30665,BOYWTW,partial,ordinary_s57,harness_only_partial,109-s52-harness-and-standalone-proof,BCNSTK78,only remaining degraded reason is missing repository-owned harness/reference evidence,30665,2598,Point,Paper,s52_point_boywtw_paper_rcid_30665,scene_harness_not_covered
boywtw|Point|Paper|2599|30666,BOYWTW,partial,ordinary_s57,harness_only_partial,109-s52-harness-and-standalone-proof,BCNSTK81,only remaining degraded reason is missing repository-owned harness/reference evidence,30666,2599,Point,Paper,s52_point_boywtw_paper_rcid_30666,scene_harness_not_covered
boywtw|Point|Paper|2600|30667,BOYWTW,partial,ordinary_s57,harness_only_partial,109-s52-harness-and-standalone-proof,BCNSTK81,only remaining degraded reason is missing repository-owned harness/reference evidence,30667,2600,Point,Paper,s52_point_boywtw_paper_rcid_30667,scene_harness_not_covered
boywtw|Point|Paper|2601|30668,BOYWTW,partial,ordinary_s57,supplemental_upstream_candidate,106-s52-upstream-supplemental-opencpn-assets,BOYLAT54,missing asset is not defined in the pinned snapshot and is a task-106 supplemental-upstream candidate,30668,2601,Point,Paper,s52_point_boywtw_paper_rcid_30668,compiler_missing_point_asset:BOYLAT54;scene_harness_not_covered
boywtw|Point|Paper|2602|30669,BOYWTW,partial,ordinary_s57,supplemental_upstream_candidate,106-s52-upstream-supplemental-opencpn-assets,BOYLAT54,missing asset is not defined in the pinned snapshot and is a task-106 supplemental-upstream candidate,30669,2602,Point,Paper,s52_point_boywtw_paper_rcid_30669,compiler_missing_point_asset:BOYLAT54;scene_harness_not_covered
boywtw|Point|Paper|2603|30670,BOYWTW,partial,ordinary_s57,supplemental_upstream_candidate,106-s52-upstream-supplemental-opencpn-assets,BOYLAT55,missing asset is not defined in the pinned snapshot and is a task-106 supplemental-upstream candidate,30670,2603,Point,Paper,s52_point_boywtw_paper_rcid_30670,compiler_missing_point_asset:BOYLAT55;scene_harness_not_covered
boywtw|Point|Paper|2604|30671,BOYWTW,partial,ordinary_s57,supplemental_upstream_candidate,106-s52-upstream-supplemental-opencpn-assets,BOYLAT55,missing asset is not defined in the pinned snapshot and is a task-106 supplemental-upstream candidate,30671,2604,Point,Paper,s52_point_boywtw_paper_rcid_30671,compiler_missing_point_asset:BOYLAT55;scene_harness_not_covered
boywtw|Point|Paper|2605|30672,BOYWTW,partial,ordinary_s57,supplemental_upstream_candidate,106-s52-upstream-supplemental-opencpn-assets,BOYLAT56,missing asset is not defined in the pinned snapshot and is a task-106 supplemental-upstream candidate,30672,2605,Point,Paper,s52_point_boywtw_paper_rcid_30672,compiler_missing_point_asset:BOYLAT56;scene_harness_not_covered
boywtw|Point|Paper|2606|30673,BOYWTW,partial,ordinary_s57,supplemental_upstream_candidate,106-s52-upstream-supplemental-opencpn-assets,BOYLAT56,missing asset is not defined in the pinned snapshot and is a task-106 supplemental-upstream candidate,30673,2606,Point,Paper,s52_point_boywtw_paper_rcid_30673,compiler_missing_point_asset:BOYLAT56;scene_harness_not_covered
boywtw|Point|Paper|2607|30674,BOYWTW,partial,ordinary_s57,supplemental_upstream_candidate,106-s52-upstream-supplemental-opencpn-assets,BOYLAT55,missing asset is not defined in the pinned snapshot and is a task-106 supplemental-upstream candidate,30674,2607,Point,Paper,s52_point_boywtw_paper_rcid_30674,compiler_missing_point_asset:BOYLAT55;scene_harness_not_covered
boywtw|Point|Paper|2608|30675,BOYWTW,partial,ordinary_s57,supplemental_upstream_candidate,106-s52-upstream-supplemental-opencpn-assets,BOYLAT55,missing asset is not defined in the pinned snapshot and is a task-106 supplemental-upstream candidate,30675,2608,Point,Paper,s52_point_boywtw_paper_rcid_30675,compiler_missing_point_asset:BOYLAT55;scene_harness_not_covered
boywtw|Point|Paper|2610|30677,BOYWTW,partial,ordinary_s57,harness_only_partial,109-s52-harness-and-standalone-proof,BOYCAN60,only remaining degraded reason is missing repository-owned harness/reference evidence,30677,2610,Point,Paper,s52_point_boywtw_paper_rcid_30677,scene_harness_not_covered
boywtw|Point|Paper|2611|30678,BOYWTW,partial,ordinary_s57,harness_only_partial,109-s52-harness-and-standalone-proof,BOYCON61,only remaining degraded reason is missing repository-owned harness/reference evidence,30678,2611,Point,Paper,s52_point_boywtw_paper_rcid_30678,scene_harness_not_covered
boywtw|Point|Paper|2609|30679,BOYWTW,partial,ordinary_s57,harness_only_partial,109-s52-harness-and-standalone-proof,BOYBAR62,only remaining degraded reason is missing repository-owned harness/reference evidence,30679,2609,Point,Paper,s52_point_boywtw_paper_rcid_30679,scene_harness_not_covered
boywtw|Point|Paper|2572|94013,BOYWTW,partial,ordinary_s57,harness_only_partial,109-s52-harness-and-standalone-proof,BOYSPR65,only remaining degraded reason is missing repository-owned harness/reference evidence,94013,2572,Point,Paper,s52_point_boywtw_paper_rcid_94013,scene_harness_not_covered
boywtw|Point|Simplified|1347|31399,BOYWTW,partial,ordinary_s57,supplemental_upstream_candidate,106-s52-upstream-supplemental-opencpn-assets,BOYLAT53,missing asset is not defined in the pinned snapshot and is a task-106 supplemental-upstream candidate,31399,1347,Point,Simplified,s52_point_boywtw_simplified_rcid_31399,compiler_missing_point_asset:BOYLAT53;scene_harness_not_covered
boywtw|Point|Simplified|1348|31400,BOYWTW,partial,ordinary_s57,supplemental_upstream_candidate,106-s52-upstream-supplemental-opencpn-assets,BOYLAT52,missing asset is not defined in the pinned snapshot and is a task-106 supplemental-upstream candidate,31400,1348,Point,Simplified,s52_point_boywtw_simplified_rcid_31400,compiler_missing_point_asset:BOYLAT52;scene_harness_not_covered
boywtw|Point|Simplified|1349|31401,BOYWTW,partial,ordinary_s57,supplemental_upstream_candidate,106-s52-upstream-supplemental-opencpn-assets,BOYLAT53,missing asset is not defined in the pinned snapshot and is a task-106 supplemental-upstream candidate,31401,1349,Point,Simplified,s52_point_boywtw_simplified_rcid_31401,compiler_missing_point_asset:BOYLAT53;scene_harness_not_covered
boywtw|Point|Simplified|1350|31402,BOYWTW,partial,ordinary_s57,supplemental_upstream_candidate,106-s52-upstream-supplemental-opencpn-assets,BOYLAT52,missing asset is not defined in the pinned snapshot and is a task-106 supplemental-upstream candidate,31402,1350,Point,Simplified,s52_point_boywtw_simplified_rcid_31402,compiler_missing_point_asset:BOYLAT52;scene_harness_not_covered
boywtw|Point|Simplified|1351|31403,BOYWTW,partial,ordinary_s57,supplemental_upstream_candidate,106-s52-upstream-supplemental-opencpn-assets,BOYLAT53,missing asset is not defined in the pinned snapshot and is a task-106 supplemental-upstream candidate,31403,1351,Point,Simplified,s52_point_boywtw_simplified_rcid_31403,compiler_missing_point_asset:BOYLAT53;scene_harness_not_covered
boywtw|Point|Simplified|1352|31404,BOYWTW,partial,ordinary_s57,supplemental_upstream_candidate,106-s52-upstream-supplemental-opencpn-assets,BOYLAT52,missing asset is not defined in the pinned snapshot and is a task-106 supplemental-upstream candidate,31404,1352,Point,Simplified,s52_point_boywtw_simplified_rcid_31404,compiler_missing_point_asset:BOYLAT52;scene_harness_not_covered
boywtw|Point|Simplified|1353|31405,BOYWTW,partial,ordinary_s57,supplemental_upstream_candidate,106-s52-upstream-supplemental-opencpn-assets,BOYLAT53,missing asset is not defined in the pinned snapshot and is a task-106 supplemental-upstream candidate,31405,1353,Point,Simplified,s52_point_boywtw_simplified_rcid_31405,compiler_missing_point_asset:BOYLAT53;scene_harness_not_covered
boywtw|Point|Simplified|1354|31406,BOYWTW,partial,ordinary_s57,supplemental_upstream_candidate,106-s52-upstream-supplemental-opencpn-assets,BOYLAT52,missing asset is not defined in the pinned snapshot and is a task-106 supplemental-upstream candidate,31406,1354,Point,Simplified,s52_point_boywtw_simplified_rcid_31406,compiler_missing_point_asset:BOYLAT52;scene_harness_not_covered
boywtw|Point|Simplified|1355|31407,BOYWTW,partial,ordinary_s57,supplemental_upstream_candidate,106-s52-upstream-supplemental-opencpn-assets,BOYLAT53,missing asset is not defined in the pinned snapshot and is a task-106 supplemental-upstream candidate,31407,1355,Point,Simplified,s52_point_boywtw_simplified_rcid_31407,compiler_missing_point_asset:BOYLAT53;scene_harness_not_covered
boywtw|Point|Simplified|1356|31408,BOYWTW,partial,ordinary_s57,supplemental_upstream_candidate,106-s52-upstream-supplemental-opencpn-assets,BOYLAT52,missing asset is not defined in the pinned snapshot and is a task-106 supplemental-upstream candidate,31408,1356,Point,Simplified,s52_point_boywtw_simplified_rcid_31408,compiler_missing_point_asset:BOYLAT52;scene_harness_not_covered
boywtw|Point|Simplified|1357|31409,BOYWTW,partial,ordinary_s57,supplemental_upstream_candidate,106-s52-upstream-supplemental-opencpn-assets,BOYLAT56,missing asset is not defined in the pinned snapshot and is a task-106 supplemental-upstream candidate,31409,1357,Point,Simplified,s52_point_boywtw_simplified_rcid_31409,compiler_missing_point_asset:BOYLAT56;scene_harness_not_covered
boywtw|Point|Simplified|1358|31410,BOYWTW,partial,ordinary_s57,supplemental_upstream_candidate,106-s52-upstream-supplemental-opencpn-assets,BOYLAT56,missing asset is not defined in the pinned snapshot and is a task-106 supplemental-upstream candidate,31410,1358,Point,Simplified,s52_point_boywtw_simplified_rcid_31410,compiler_missing_point_asset:BOYLAT56;scene_harness_not_covered
boywtw|Point|Simplified|1359|31411,BOYWTW,partial,ordinary_s57,supplemental_upstream_candidate,106-s52-upstream-supplemental-opencpn-assets,BOYLAT55,missing asset is not defined in the pinned snapshot and is a task-106 supplemental-upstream candidate,31411,1359,Point,Simplified,s52_point_boywtw_simplified_rcid_31411,compiler_missing_point_asset:BOYLAT55;scene_harness_not_covered
boywtw|Point|Simplified|1360|31412,BOYWTW,partial,ordinary_s57,supplemental_upstream_candidate,106-s52-upstream-supplemental-opencpn-assets,BOYLAT55,missing asset is not defined in the pinned snapshot and is a task-106 supplemental-upstream candidate,31412,1360,Point,Simplified,s52_point_boywtw_simplified_rcid_31412,compiler_missing_point_asset:BOYLAT55;scene_harness_not_covered
boywtw|Point|Simplified|1361|31413,BOYWTW,partial,ordinary_s57,supplemental_upstream_candidate,106-s52-upstream-supplemental-opencpn-assets,BOYLAT56,missing asset is not defined in the pinned snapshot and is a task-106 supplemental-upstream candidate,31413,1361,Point,Simplified,s52_point_boywtw_simplified_rcid_31413,compiler_missing_point_asset:BOYLAT56;scene_harness_not_covered
boywtw|Point|Simplified|1362|31414,BOYWTW,partial,ordinary_s57,supplemental_upstream_candidate,106-s52-upstream-supplemental-opencpn-assets,BOYLAT56,missing asset is not defined in the pinned snapshot and is a task-106 supplemental-upstream candidate,31414,1362,Point,Simplified,s52_point_boywtw_simplified_rcid_31414,compiler_missing_point_asset:BOYLAT56;scene_harness_not_covered
boywtw|Point|Simplified|1363|31415,BOYWTW,partial,ordinary_s57,supplemental_upstream_candidate,106-s52-upstream-supplemental-opencpn-assets,BOYLAT55,missing asset is not defined in the pinned snapshot and is a task-106 supplemental-upstream candidate,31415,1363,Point,Simplified,s52_point_boywtw_simplified_rcid_31415,compiler_missing_point_asset:BOYLAT55;scene_harness_not_covered
boywtw|Point|Simplified|1364|31416,BOYWTW,partial,ordinary_s57,supplemental_upstream_candidate,106-s52-upstream-supplemental-opencpn-assets,BOYLAT55,missing asset is not defined in the pinned snapshot and is a task-106 supplemental-upstream candidate,31416,1364,Point,Simplified,s52_point_boywtw_simplified_rcid_31416,compiler_missing_point_asset:BOYLAT55;scene_harness_not_covered
boywtw|Point|Simplified|1365|31417,BOYWTW,partial,ordinary_s57,supplemental_upstream_candidate,106-s52-upstream-supplemental-opencpn-assets,BOYLAT56,missing asset is not defined in the pinned snapshot and is a task-106 supplemental-upstream candidate,31417,1365,Point,Simplified,s52_point_boywtw_simplified_rcid_31417,compiler_missing_point_asset:BOYLAT56;scene_harness_not_covered
boywtw|Point|Simplified|1366|31418,BOYWTW,partial,ordinary_s57,supplemental_upstream_candidate,106-s52-upstream-supplemental-opencpn-assets,BOYLAT56,missing asset is not defined in the pinned snapshot and is a task-106 supplemental-upstream candidate,31418,1366,Point,Simplified,s52_point_boywtw_simplified_rcid_31418,compiler_missing_point_asset:BOYLAT56;scene_harness_not_covered
boywtw|Point|Simplified|1367|31419,BOYWTW,partial,ordinary_s57,supplemental_upstream_candidate,106-s52-upstream-supplemental-opencpn-assets,BOYLAT55,missing asset is not defined in the pinned snapshot and is a task-106 supplemental-upstream candidate,31419,1367,Point,Simplified,s52_point_boywtw_simplified_rcid_31419,compiler_missing_point_asset:BOYLAT55;scene_harness_not_covered
boywtw|Point|Simplified|1368|31420,BOYWTW,partial,ordinary_s57,supplemental_upstream_candidate,106-s52-upstream-supplemental-opencpn-assets,BOYLAT55,missing asset is not defined in the pinned snapshot and is a task-106 supplemental-upstream candidate,31420,1368,Point,Simplified,s52_point_boywtw_simplified_rcid_31420,compiler_missing_point_asset:BOYLAT55;scene_harness_not_covered
boywtw|Point|Simplified|1369|31421,BOYWTW,partial,ordinary_s57,supplemental_upstream_candidate,106-s52-upstream-supplemental-opencpn-assets,BOYLAT56,missing asset is not defined in the pinned snapshot and is a task-106 supplemental-upstream candidate,31421,1369,Point,Simplified,s52_point_boywtw_simplified_rcid_31421,compiler_missing_point_asset:BOYLAT56;scene_harness_not_covered
boywtw|Point|Simplified|1370|31422,BOYWTW,partial,ordinary_s57,supplemental_upstream_candidate,106-s52-upstream-supplemental-opencpn-assets,BOYLAT56,missing asset is not defined in the pinned snapshot and is a task-106 supplemental-upstream candidate,31422,1370,Point,Simplified,s52_point_boywtw_simplified_rcid_31422,compiler_missing_point_asset:BOYLAT56;scene_harness_not_covered
boywtw|Point|Simplified|1371|31423,BOYWTW,partial,ordinary_s57,supplemental_upstream_candidate,106-s52-upstream-supplemental-opencpn-assets,BOYLAT55,missing asset is not defined in the pinned snapshot and is a task-106 supplemental-upstream candidate,31423,1371,Point,Simplified,s52_point_boywtw_simplified_rcid_31423,compiler_missing_point_asset:BOYLAT55;scene_harness_not_covered
boywtw|Point|Simplified|1372|31424,BOYWTW,partial,ordinary_s57,supplemental_upstream_candidate,106-s52-upstream-supplemental-opencpn-assets,BOYLAT55,missing asset is not defined in the pinned snapshot and is a task-106 supplemental-upstream candidate,31424,1372,Point,Simplified,s52_point_boywtw_simplified_rcid_31424,compiler_missing_point_asset:BOYLAT55;scene_harness_not_covered
boywtw|Point|Simplified|1373|31425,BOYWTW,partial,ordinary_s57,supplemental_upstream_candidate,106-s52-upstream-supplemental-opencpn-assets,BOYLAT56,missing asset is not defined in the pinned snapshot and is a task-106 supplemental-upstream candidate,31425,1373,Point,Simplified,s52_point_boywtw_simplified_rcid_31425,compiler_missing_point_asset:BOYLAT56;scene_harness_not_covered
boywtw|Point|Simplified|1374|31426,BOYWTW,partial,ordinary_s57,supplemental_upstream_candidate,106-s52-upstream-supplemental-opencpn-assets,BOYLAT56,missing asset is not defined in the pinned snapshot and is a task-106 supplemental-upstream candidate,31426,1374,Point,Simplified,s52_point_boywtw_simplified_rcid_31426,compiler_missing_point_asset:BOYLAT56;scene_harness_not_covered
boywtw|Point|Simplified|1375|31427,BOYWTW,partial,ordinary_s57,supplemental_upstream_candidate,106-s52-upstream-supplemental-opencpn-assets,BOYLAT54,missing asset is not defined in the pinned snapshot and is a task-106 supplemental-upstream candidate,31427,1375,Point,Simplified,s52_point_boywtw_simplified_rcid_31427,compiler_missing_point_asset:BOYLAT54;scene_harness_not_covered
boywtw|Point|Simplified|1376|31428,BOYWTW,partial,ordinary_s57,supplemental_upstream_candidate,106-s52-upstream-supplemental-opencpn-assets,BOYLAT54,missing asset is not defined in the pinned snapshot and is a task-106 supplemental-upstream candidate,31428,1376,Point,Simplified,s52_point_boywtw_simplified_rcid_31428,compiler_missing_point_asset:BOYLAT54;scene_harness_not_covered
boywtw|Point|Simplified|1377|31429,BOYWTW,partial,ordinary_s57,supplemental_upstream_candidate,106-s52-upstream-supplemental-opencpn-assets,BOYLAT55,missing asset is not defined in the pinned snapshot and is a task-106 supplemental-upstream candidate,31429,1377,Point,Simplified,s52_point_boywtw_simplified_rcid_31429,compiler_missing_point_asset:BOYLAT55;scene_harness_not_covered
boywtw|Point|Simplified|1378|31430,BOYWTW,partial,ordinary_s57,supplemental_upstream_candidate,106-s52-upstream-supplemental-opencpn-assets,BOYLAT55,missing asset is not defined in the pinned snapshot and is a task-106 supplemental-upstream candidate,31430,1378,Point,Simplified,s52_point_boywtw_simplified_rcid_31430,compiler_missing_point_asset:BOYLAT55;scene_harness_not_covered
boywtw|Point|Simplified|1379|31431,BOYWTW,partial,ordinary_s57,supplemental_upstream_candidate,106-s52-upstream-supplemental-opencpn-assets,BOYLAT56,missing asset is not defined in the pinned snapshot and is a task-106 supplemental-upstream candidate,31431,1379,Point,Simplified,s52_point_boywtw_simplified_rcid_31431,compiler_missing_point_asset:BOYLAT56;scene_harness_not_covered
boywtw|Point|Simplified|1380|31432,BOYWTW,partial,ordinary_s57,supplemental_upstream_candidate,106-s52-upstream-supplemental-opencpn-assets,BOYLAT56,missing asset is not defined in the pinned snapshot and is a task-106 supplemental-upstream candidate,31432,1380,Point,Simplified,s52_point_boywtw_simplified_rcid_31432,compiler_missing_point_asset:BOYLAT56;scene_harness_not_covered
boywtw|Point|Simplified|1381|31433,BOYWTW,partial,ordinary_s57,supplemental_upstream_candidate,106-s52-upstream-supplemental-opencpn-assets,BOYLAT55,missing asset is not defined in the pinned snapshot and is a task-106 supplemental-upstream candidate,31433,1381,Point,Simplified,s52_point_boywtw_simplified_rcid_31433,compiler_missing_point_asset:BOYLAT55;scene_harness_not_covered
boywtw|Point|Simplified|1382|31434,BOYWTW,partial,ordinary_s57,supplemental_upstream_candidate,106-s52-upstream-supplemental-opencpn-assets,BOYLAT55,missing asset is not defined in the pinned snapshot and is a task-106 supplemental-upstream candidate,31434,1382,Point,Simplified,s52_point_boywtw_simplified_rcid_31434,compiler_missing_point_asset:BOYLAT55;scene_harness_not_covered
boywtw|Point|Simplified|1383|31435,BOYWTW,partial,ordinary_s57,supplemental_upstream_candidate,106-s52-upstream-supplemental-opencpn-assets,BOYSPP50,missing asset is not defined in the pinned snapshot and is a task-106 supplemental-upstream candidate,31435,1383,Point,Simplified,s52_point_boywtw_simplified_rcid_31435,compiler_missing_point_asset:BOYSPP50;scene_harness_not_covered
boywtw|Point|Simplified|1384|31436,BOYWTW,partial,ordinary_s57,harness_only_partial,109-s52-harness-and-standalone-proof,BOYLAT50,only remaining degraded reason is missing repository-owned harness/reference evidence,31436,1384,Point,Simplified,s52_point_boywtw_simplified_rcid_31436,scene_harness_not_covered
boywtw|Point|Simplified|1385|31437,BOYWTW,partial,ordinary_s57,harness_only_partial,109-s52-harness-and-standalone-proof,BOYLAT51,only remaining degraded reason is missing repository-owned harness/reference evidence,31437,1385,Point,Simplified,s52_point_boywtw_simplified_rcid_31437,scene_harness_not_covered
boywtw|Point|Simplified|1386|31438,BOYWTW,partial,ordinary_s57,supplemental_upstream_candidate,106-s52-upstream-supplemental-opencpn-assets,BOYSPP50,missing asset is not defined in the pinned snapshot and is a task-106 supplemental-upstream candidate,31438,1386,Point,Simplified,s52_point_boywtw_simplified_rcid_31438,compiler_missing_point_asset:BOYSPP50;scene_harness_not_covered
boywtw|Point|Simplified|1387|31439,BOYWTW,partial,ordinary_s57,harness_only_partial,109-s52-harness-and-standalone-proof,BOYDEF03,only remaining degraded reason is missing repository-owned harness/reference evidence,31439,1387,Point,Simplified,s52_point_boywtw_simplified_rcid_31439,scene_harness_not_covered
bridge|Area|Plain|246|32281,BRIDGE,partial,ordinary_s57,harness_only_partial,109-s52-harness-and-standalone-proof,LS_SOLD_4_CHGRD,only remaining degraded reason is missing repository-owned harness/reference evidence,32281,246,Area,Plain,s52_area_bridge_plain_rcid_32281,scene_harness_not_covered
bridge|Area|Symbolized|587|32622,BRIDGE,partial,ordinary_s57,harness_only_partial,109-s52-harness-and-standalone-proof,BRIDGE01,only remaining degraded reason is missing repository-owned harness/reference evidence,32622,587,Area,Symbolized,s52_area_bridge_symbolized_rcid_32622,scene_harness_not_covered
bridge|Area|Symbolized|588|32623,BRIDGE,partial,ordinary_s57,harness_only_partial,109-s52-harness-and-standalone-proof,BRIDGE01,only remaining degraded reason is missing repository-owned harness/reference evidence,32623,588,Area,Symbolized,s52_area_bridge_symbolized_rcid_32623,scene_harness_not_covered
bridge|Area|Symbolized|589|32624,BRIDGE,partial,ordinary_s57,harness_only_partial,109-s52-harness-and-standalone-proof,BRIDGE01,only remaining degraded reason is missing repository-owned harness/reference evidence,32624,589,Area,Symbolized,s52_area_bridge_symbolized_rcid_32624,scene_harness_not_covered
bridge|Area|Symbolized|590|32625,BRIDGE,partial,ordinary_s57,harness_only_partial,109-s52-harness-and-standalone-proof,BRIDGE01,only remaining degraded reason is missing repository-owned harness/reference evidence,32625,590,Area,Symbolized,s52_area_bridge_symbolized_rcid_32625,scene_harness_not_covered
bridge|Area|Symbolized|591|32626,BRIDGE,partial,ordinary_s57,harness_only_partial,109-s52-harness-and-standalone-proof,BRIDGE01,only remaining degraded reason is missing repository-owned harness/reference evidence,32626,591,Area,Symbolized,s52_area_bridge_symbolized_rcid_32626,scene_harness_not_covered
bridge|Area|Symbolized|592|32627,BRIDGE,partial,ordinary_s57,harness_only_partial,109-s52-harness-and-standalone-proof,BRIDGE01,only remaining degraded reason is missing repository-owned harness/reference evidence,32627,592,Area,Symbolized,s52_area_bridge_symbolized_rcid_32627,scene_harness_not_covered
bridge|Area|Symbolized|593|32628,BRIDGE,partial,ordinary_s57,harness_only_partial,109-s52-harness-and-standalone-proof,LS_SOLD_4_CHGRD,only remaining degraded reason is missing repository-owned harness/reference evidence,32628,593,Area,Symbolized,s52_area_bridge_symbolized_rcid_32628,scene_harness_not_covered
bridge|Line|Lines|853|31929,BRIDGE,partial,ordinary_s57,harness_only_partial,109-s52-harness-and-standalone-proof,BRIDGE01,only remaining degraded reason is missing repository-owned harness/reference evidence,31929,853,Line,Lines,s52_line_bridge_lines_rcid_31929,scene_harness_not_covered
bridge|Line|Lines|854|31930,BRIDGE,partial,ordinary_s57,harness_only_partial,109-s52-harness-and-standalone-proof,BRIDGE01,only remaining degraded reason is missing repository-owned harness/reference evidence,31930,854,Line,Lines,s52_line_bridge_lines_rcid_31930,scene_harness_not_covered
bridge|Line|Lines|855|31931,BRIDGE,partial,ordinary_s57,harness_only_partial,109-s52-harness-and-standalone-proof,BRIDGE01,only remaining degraded reason is missing repository-owned harness/reference evidence,31931,855,Line,Lines,s52_line_bridge_lines_rcid_31931,scene_harness_not_covered
bridge|Line|Lines|856|31932,BRIDGE,partial,ordinary_s57,harness_only_partial,109-s52-harness-and-standalone-proof,BRIDGE01,only remaining degraded reason is missing repository-owned harness/reference evidence,31932,856,Line,Lines,s52_line_bridge_lines_rcid_31932,scene_harness_not_covered
bridge|Line|Lines|857|31933,BRIDGE,partial,ordinary_s57,harness_only_partial,109-s52-harness-and-standalone-proof,BRIDGE01,only remaining degraded reason is missing repository-owned harness/reference evidence,31933,857,Line,Lines,s52_line_bridge_lines_rcid_31933,scene_harness_not_covered
bridge|Line|Lines|858|31934,BRIDGE,partial,ordinary_s57,harness_only_partial,109-s52-harness-and-standalone-proof,BRIDGE01,only remaining degraded reason is missing repository-owned harness/reference evidence,31934,858,Line,Lines,s52_line_bridge_lines_rcid_31934,scene_harness_not_covered
bridge|Line|Lines|859|31935,BRIDGE,partial,ordinary_s57,harness_only_partial,109-s52-harness-and-standalone-proof,LS_SOLD_5_CHGRD,only remaining degraded reason is missing repository-owned harness/reference evidence,31935,859,Line,Lines,s52_line_bridge_lines_rcid_31935,scene_harness_not_covered
bridge|Point|Paper|2613|30681,BRIDGE,partial,ordinary_s57,harness_only_partial,109-s52-harness-and-standalone-proof,BRIDGE01,only remaining degraded reason is missing repository-owned harness/reference evidence,30681,2613,Point,Paper,s52_point_bridge_paper_rcid_30681,scene_harness_not_covered
bridge|Point|Simplified|1388|31440,BRIDGE,partial,ordinary_s57,harness_only_partial,109-s52-harness-and-standalone-proof,BRIDGE01,only remaining degraded reason is missing repository-owned harness/reference evidence,31440,1388,Point,Simplified,s52_point_bridge_simplified_rcid_31440,scene_harness_not_covered
bunsta|Area|Plain|247|32282,BUNSTA,partial,ordinary_s57,harness_only_partial,109-s52-harness-and-standalone-proof,BUNSTA01,only remaining degraded reason is missing repository-owned harness/reference evidence,32282,247,Area,Plain,s52_area_bunsta_plain_rcid_32282,scene_harness_not_covered
bunsta|Area|Plain|248|32283,BUNSTA,partial,ordinary_s57,harness_only_partial,109-s52-harness-and-standalone-proof,BUNSTA02,only remaining degraded reason is missing repository-owned harness/reference evidence,32283,248,Area,Plain,s52_area_bunsta_plain_rcid_32283,scene_harness_not_covered
bunsta|Area|Plain|249|32284,BUNSTA,partial,ordinary_s57,harness_only_partial,109-s52-harness-and-standalone-proof,BUNSTA03,only remaining degraded reason is missing repository-owned harness/reference evidence,32284,249,Area,Plain,s52_area_bunsta_plain_rcid_32284,scene_harness_not_covered
bunsta|Area|Plain|250|32285,BUNSTA,partial,ordinary_s57,harness_only_partial,109-s52-harness-and-standalone-proof,CHINFO07,only remaining degraded reason is missing repository-owned harness/reference evidence,32285,250,Area,Plain,s52_area_bunsta_plain_rcid_32285,scene_harness_not_covered
bunsta|Area|Symbolized|594|32629,BUNSTA,partial,ordinary_s57,harness_only_partial,109-s52-harness-and-standalone-proof,BUNSTA01,only remaining degraded reason is missing repository-owned harness/reference evidence,32629,594,Area,Symbolized,s52_area_bunsta_symbolized_rcid_32629,scene_harness_not_covered
bunsta|Area|Symbolized|595|32630,BUNSTA,partial,ordinary_s57,harness_only_partial,109-s52-harness-and-standalone-proof,BUNSTA02,only remaining degraded reason is missing repository-owned harness/reference evidence,32630,595,Area,Symbolized,s52_area_bunsta_symbolized_rcid_32630,scene_harness_not_covered
bunsta|Area|Symbolized|596|32631,BUNSTA,partial,ordinary_s57,harness_only_partial,109-s52-harness-and-standalone-proof,BUNSTA03,only remaining degraded reason is missing repository-owned harness/reference evidence,32631,596,Area,Symbolized,s52_area_bunsta_symbolized_rcid_32631,scene_harness_not_covered
bunsta|Area|Symbolized|597|32632,BUNSTA,partial,ordinary_s57,harness_only_partial,109-s52-harness-and-standalone-proof,CHINFO07,only remaining degraded reason is missing repository-owned harness/reference evidence,32632,597,Area,Symbolized,s52_area_bunsta_symbolized_rcid_32632,scene_harness_not_covered
bunsta|Point|Paper|2614|30682,BUNSTA,partial,ordinary_s57,harness_only_partial,109-s52-harness-and-standalone-proof,BUNSTA01,only remaining degraded reason is missing repository-owned harness/reference evidence,30682,2614,Point,Paper,s52_point_bunsta_paper_rcid_30682,scene_harness_not_covered
bunsta|Point|Paper|2615|30683,BUNSTA,partial,ordinary_s57,harness_only_partial,109-s52-harness-and-standalone-proof,BUNSTA02,only remaining degraded reason is missing repository-owned harness/reference evidence,30683,2615,Point,Paper,s52_point_bunsta_paper_rcid_30683,scene_harness_not_covered
bunsta|Point|Paper|2616|30684,BUNSTA,partial,ordinary_s57,harness_only_partial,109-s52-harness-and-standalone-proof,BUNSTA03,only remaining degraded reason is missing repository-owned harness/reference evidence,30684,2616,Point,Paper,s52_point_bunsta_paper_rcid_30684,scene_harness_not_covered
bunsta|Point|Paper|2617|30685,BUNSTA,partial,ordinary_s57,harness_only_partial,109-s52-harness-and-standalone-proof,CHINFO07,only remaining degraded reason is missing repository-owned harness/reference evidence,30685,2617,Point,Paper,s52_point_bunsta_paper_rcid_30685,scene_harness_not_covered
bunsta|Point|Simplified|1389|31441,BUNSTA,partial,ordinary_s57,harness_only_partial,109-s52-harness-and-standalone-proof,BUNSTA01,only remaining degraded reason is missing repository-owned harness/reference evidence,31441,1389,Point,Simplified,s52_point_bunsta_simplified_rcid_31441,scene_harness_not_covered
bunsta|Point|Simplified|1390|31442,BUNSTA,partial,ordinary_s57,harness_only_partial,109-s52-harness-and-standalone-proof,BUNSTA02,only remaining degraded reason is missing repository-owned harness/reference evidence,31442,1390,Point,Simplified,s52_point_bunsta_simplified_rcid_31442,scene_harness_not_covered
bunsta|Point|Simplified|1391|31443,BUNSTA,partial,ordinary_s57,harness_only_partial,109-s52-harness-and-standalone-proof,BUNSTA03,only remaining degraded reason is missing repository-owned harness/reference evidence,31443,1391,Point,Simplified,s52_point_bunsta_simplified_rcid_31443,scene_harness_not_covered
bunsta|Point|Simplified|1392|31444,BUNSTA,partial,ordinary_s57,harness_only_partial,109-s52-harness-and-standalone-proof,CHINFO07,only remaining degraded reason is missing repository-owned harness/reference evidence,31444,1392,Point,Simplified,s52_point_bunsta_simplified_rcid_31444,scene_harness_not_covered
canbnk|Line|Lines|860|31936,CANBNK,partial,ordinary_s57,harness_only_partial,109-s52-harness-and-standalone-proof,LS_SOLD_1_CSTLN,only remaining degraded reason is missing repository-owned harness/reference evidence,31936,860,Line,Lines,s52_line_canbnk_lines_rcid_31936,scene_harness_not_covered
cblohd|Line|Lines|861|31937,CBLOHD,partial,ordinary_s57,harness_only_partial,109-s52-harness-and-standalone-proof,RACNSP01,only remaining degraded reason is missing repository-owned harness/reference evidence,31937,861,Line,Lines,s52_line_cblohd_lines_rcid_31937,scene_harness_not_covered
cblohd|Line|Lines|862|31938,CBLOHD,partial,ordinary_s57,harness_only_partial,109-s52-harness-and-standalone-proof,RACNSP01,only remaining degraded reason is missing repository-owned harness/reference evidence,31938,862,Line,Lines,s52_line_cblohd_lines_rcid_31938,scene_harness_not_covered
cblohd|Line|Lines|863|31939,CBLOHD,partial,ordinary_s57,harness_only_partial,109-s52-harness-and-standalone-proof,RACNSP01,only remaining degraded reason is missing repository-owned harness/reference evidence,31939,863,Line,Lines,s52_line_cblohd_lines_rcid_31939,scene_harness_not_covered
cblohd|Line|Lines|864|31940,CBLOHD,partial,ordinary_s57,harness_only_partial,109-s52-harness-and-standalone-proof,RACNSP01,only remaining degraded reason is missing repository-owned harness/reference evidence,31940,864,Line,Lines,s52_line_cblohd_lines_rcid_31940,scene_harness_not_covered
cblohd|Line|Lines|865|31941,CBLOHD,partial,ordinary_s57,harness_only_partial,109-s52-harness-and-standalone-proof,RACNSP01,only remaining degraded reason is missing repository-owned harness/reference evidence,31941,865,Line,Lines,s52_line_cblohd_lines_rcid_31941,scene_harness_not_covered
cblohd|Line|Lines|866|31942,CBLOHD,partial,ordinary_s57,harness_only_partial,109-s52-harness-and-standalone-proof,RACNSP01,only remaining degraded reason is missing repository-owned harness/reference evidence,31942,866,Line,Lines,s52_line_cblohd_lines_rcid_31942,scene_harness_not_covered
cblohd|Line|Lines|867|31943,CBLOHD,partial,ordinary_s57,harness_only_partial,109-s52-harness-and-standalone-proof,LS_DASH_2_CHGRD,only remaining degraded reason is missing repository-owned harness/reference evidence,31943,867,Line,Lines,s52_line_cblohd_lines_rcid_31943,scene_harness_not_covered
cblohd|Line|Lines|868|31944,CBLOHD,partial,ordinary_s57,harness_only_partial,109-s52-harness-and-standalone-proof,LS_DASH_2_CHGRD,only remaining degraded reason is missing repository-owned harness/reference evidence,31944,868,Line,Lines,s52_line_cblohd_lines_rcid_31944,scene_harness_not_covered
cblohd|Line|Lines|869|31945,CBLOHD,partial,ordinary_s57,harness_only_partial,109-s52-harness-and-standalone-proof,LS_DASH_2_CHGRD,only remaining degraded reason is missing repository-owned harness/reference evidence,31945,869,Line,Lines,s52_line_cblohd_lines_rcid_31945,scene_harness_not_covered
chkpnt|Point|Paper|2618|30686,CHKPNT,partial,ordinary_s57,harness_only_partial,109-s52-harness-and-standalone-proof,CUSTOM01,only remaining degraded reason is missing repository-owned harness/reference evidence,30686,2618,Point,Paper,s52_point_chkpnt_paper_rcid_30686,scene_harness_not_covered
chkpnt|Point|Paper|2619|30687,CHKPNT,partial,ordinary_s57,harness_only_partial,109-s52-harness-and-standalone-proof,BORDER01,only remaining degraded reason is missing repository-owned harness/reference evidence,30687,2619,Point,Paper,s52_point_chkpnt_paper_rcid_30687,scene_harness_not_covered
chkpnt|Point|Paper|2620|30688,CHKPNT,partial,ordinary_s57,harness_only_partial,109-s52-harness-and-standalone-proof,POSGEN04,only remaining degraded reason is missing repository-owned harness/reference evidence,30688,2620,Point,Paper,s52_point_chkpnt_paper_rcid_30688,scene_harness_not_covered
chkpnt|Point|Simplified|1393|31445,CHKPNT,partial,ordinary_s57,harness_only_partial,109-s52-harness-and-standalone-proof,CUSTOM01,only remaining degraded reason is missing repository-owned harness/reference evidence,31445,1393,Point,Simplified,s52_point_chkpnt_simplified_rcid_31445,scene_harness_not_covered
chkpnt|Point|Simplified|1394|31446,CHKPNT,partial,ordinary_s57,harness_only_partial,109-s52-harness-and-standalone-proof,BORDER01,only remaining degraded reason is missing repository-owned harness/reference evidence,31446,1394,Point,Simplified,s52_point_chkpnt_simplified_rcid_31446,scene_harness_not_covered
chkpnt|Point|Simplified|1395|31447,CHKPNT,partial,ordinary_s57,harness_only_partial,109-s52-harness-and-standalone-proof,POSGEN04,only remaining degraded reason is missing repository-owned harness/reference evidence,31447,1395,Point,Simplified,s52_point_chkpnt_simplified_rcid_31447,scene_harness_not_covered
clrlin|Line|Lines|870|31946,CLRLIN,partial,ordinary_s57,harness_only_partial,109-s52-harness-and-standalone-proof,CLRLIN01,only remaining degraded reason is missing repository-owned harness/reference evidence,31946,870,Line,Lines,s52_line_clrlin_lines_rcid_31946,scene_harness_not_covered
convyr|Line|Lines|871|31947,CONVYR,partial,ordinary_s57,harness_only_partial,109-s52-harness-and-standalone-proof,RACNSP01,only remaining degraded reason is missing repository-owned harness/reference evidence,31947,871,Line,Lines,s52_line_convyr_lines_rcid_31947,scene_harness_not_covered
convyr|Line|Lines|872|31948,CONVYR,partial,ordinary_s57,harness_only_partial,109-s52-harness-and-standalone-proof,RACNSP01,only remaining degraded reason is missing repository-owned harness/reference evidence,31948,872,Line,Lines,s52_line_convyr_lines_rcid_31948,scene_harness_not_covered
convyr|Line|Lines|873|31949,CONVYR,partial,ordinary_s57,harness_only_partial,109-s52-harness-and-standalone-proof,RACNSP01,only remaining degraded reason is missing repository-owned harness/reference evidence,31949,873,Line,Lines,s52_line_convyr_lines_rcid_31949,scene_harness_not_covered
convyr|Line|Lines|874|31950,CONVYR,partial,ordinary_s57,harness_only_partial,109-s52-harness-and-standalone-proof,RACNSP01,only remaining degraded reason is missing repository-owned harness/reference evidence,31950,874,Line,Lines,s52_line_convyr_lines_rcid_31950,scene_harness_not_covered
convyr|Line|Lines|875|31951,CONVYR,partial,ordinary_s57,harness_only_partial,109-s52-harness-and-standalone-proof,LS_DASH_4_CHGRD,only remaining degraded reason is missing repository-owned harness/reference evidence,31951,875,Line,Lines,s52_line_convyr_lines_rcid_31951,scene_harness_not_covered
cranes|Area|Plain|251|32286,CRANES,partial,ordinary_s57,harness_only_partial,109-s52-harness-and-standalone-proof,LS_SOLD_1_CHBLK,only remaining degraded reason is missing repository-owned harness/reference evidence,32286,251,Area,Plain,s52_area_cranes_plain_rcid_32286,scene_harness_not_covered
cranes|Area|Plain|252|32287,CRANES,partial,ordinary_s57,harness_only_partial,109-s52-harness-and-standalone-proof,LS_SOLD_1_LANDF,only remaining degraded reason is missing repository-owned harness/reference evidence,32287,252,Area,Plain,s52_area_cranes_plain_rcid_32287,scene_harness_not_covered
cranes|Area|Symbolized|598|32633,CRANES,partial,ordinary_s57,harness_only_partial,109-s52-harness-and-standalone-proof,LS_SOLD_1_CHBLK,only remaining degraded reason is missing repository-owned harness/reference evidence,32633,598,Area,Symbolized,s52_area_cranes_symbolized_rcid_32633,scene_harness_not_covered
cranes|Area|Symbolized|599|32634,CRANES,partial,ordinary_s57,harness_only_partial,109-s52-harness-and-standalone-proof,LS_SOLD_1_LANDF,only remaining degraded reason is missing repository-owned harness/reference evidence,32634,599,Area,Symbolized,s52_area_cranes_symbolized_rcid_32634,scene_harness_not_covered
cranes|Point|Paper|2621|30689,CRANES,partial,ordinary_s57,harness_only_partial,109-s52-harness-and-standalone-proof,CRANES01,only remaining degraded reason is missing repository-owned harness/reference evidence,30689,2621,Point,Paper,s52_point_cranes_paper_rcid_30689,scene_harness_not_covered
cranes|Point|Simplified|1396|31448,CRANES,partial,ordinary_s57,harness_only_partial,109-s52-harness-and-standalone-proof,CRANES01,only remaining degraded reason is missing repository-owned harness/reference evidence,31448,1396,Point,Simplified,s52_point_cranes_simplified_rcid_31448,scene_harness_not_covered
curent|Point|Paper|2622|30690,CURENT,partial,ordinary_s57,harness_only_partial,109-s52-harness-and-standalone-proof,CURENT01,only remaining degraded reason is missing repository-owned harness/reference evidence,30690,2622,Point,Paper,s52_point_curent_paper_rcid_30690,scene_harness_not_covered
curent|Point|Paper|2623|30691,CURENT,partial,ordinary_s57,harness_only_partial,109-s52-harness-and-standalone-proof,POSGEN04,only remaining degraded reason is missing repository-owned harness/reference evidence,30691,2623,Point,Paper,s52_point_curent_paper_rcid_30691,scene_harness_not_covered
curent|Point|Simplified|1397|31449,CURENT,partial,ordinary_s57,harness_only_partial,109-s52-harness-and-standalone-proof,CURENT01,only remaining degraded reason is missing repository-owned harness/reference evidence,31449,1397,Point,Simplified,s52_point_curent_simplified_rcid_31449,scene_harness_not_covered
curent|Point|Simplified|1398|31450,CURENT,partial,ordinary_s57,harness_only_partial,109-s52-harness-and-standalone-proof,POSGEN04,only remaining degraded reason is missing repository-owned harness/reference evidence,31450,1398,Point,Simplified,s52_point_curent_simplified_rcid_31450,scene_harness_not_covered
cursor|Point|Paper|2624|30692,CURSOR,partial,ordinary_s57,harness_only_partial,109-s52-harness-and-standalone-proof,CURSRB01,only remaining degraded reason is missing repository-owned harness/reference evidence,30692,2624,Point,Paper,s52_point_cursor_paper_rcid_30692,scene_harness_not_covered
cursor|Point|Paper|2625|30693,CURSOR,partial,ordinary_s57,harness_only_partial,109-s52-harness-and-standalone-proof,CURSRA01,only remaining degraded reason is missing repository-owned harness/reference evidence,30693,2625,Point,Paper,s52_point_cursor_paper_rcid_30693,scene_harness_not_covered
cursor|Point|Simplified|1399|31451,CURSOR,partial,ordinary_s57,harness_only_partial,109-s52-harness-and-standalone-proof,CURSRB01,only remaining degraded reason is missing repository-owned harness/reference evidence,31451,1399,Point,Simplified,s52_point_cursor_simplified_rcid_31451,scene_harness_not_covered
cursor|Point|Simplified|1400|31452,CURSOR,partial,ordinary_s57,harness_only_partial,109-s52-harness-and-standalone-proof,CURSRA01,only remaining degraded reason is missing repository-owned harness/reference evidence,31452,1400,Point,Simplified,s52_point_cursor_simplified_rcid_31452,scene_harness_not_covered
depare|Area|Plain|253|32288,DEPARE,partial,ordinary_s57,harness_only_partial,109-s52-harness-and-standalone-proof,DEPARE02,only remaining degraded reason is missing repository-owned harness/reference evidence,32288,253,Area,Plain,s52_area_depare_plain_rcid_32288,scene_harness_not_covered
depare|Area|Symbolized|600|32635,DEPARE,partial,ordinary_s57,harness_only_partial,109-s52-harness-and-standalone-proof,DEPARE02,only remaining degraded reason is missing repository-owned harness/reference evidence,32635,600,Area,Symbolized,s52_area_depare_symbolized_rcid_32635,scene_harness_not_covered
dismar|Point|Paper|2626|30694,DISMAR,partial,ordinary_s57,harness_only_partial,109-s52-harness-and-standalone-proof,DISMAR05,only remaining degraded reason is missing repository-owned harness/reference evidence,30694,2626,Point,Paper,s52_point_dismar_paper_rcid_30694,scene_harness_not_covered
dismar|Point|Paper|2627|30695,DISMAR,partial,ordinary_s57,harness_only_partial,109-s52-harness-and-standalone-proof,DISMAR05,only remaining degraded reason is missing repository-owned harness/reference evidence,30695,2627,Point,Paper,s52_point_dismar_paper_rcid_30695,scene_harness_not_covered
dismar|Point|Paper|2628|30696,DISMAR,partial,ordinary_s57,harness_only_partial,109-s52-harness-and-standalone-proof,DISMAR03,only remaining degraded reason is missing repository-owned harness/reference evidence,30696,2628,Point,Paper,s52_point_dismar_paper_rcid_30696,scene_harness_not_covered
dismar|Point|Paper|2629|30697,DISMAR,partial,ordinary_s57,harness_only_partial,109-s52-harness-and-standalone-proof,HECMTR02,only remaining degraded reason is missing repository-owned harness/reference evidence,30697,2629,Point,Paper,s52_point_dismar_paper_rcid_30697,scene_harness_not_covered
dismar|Point|Paper|2630|30698,DISMAR,partial,ordinary_s57,harness_only_partial,109-s52-harness-and-standalone-proof,HECMTR01,only remaining degraded reason is missing repository-owned harness/reference evidence,30698,2630,Point,Paper,s52_point_dismar_paper_rcid_30698,scene_harness_not_covered
dismar|Point|Paper|2631|30699,DISMAR,partial,ordinary_s57,harness_only_partial,109-s52-harness-and-standalone-proof,HECMTR02,only remaining degraded reason is missing repository-owned harness/reference evidence,30699,2631,Point,Paper,s52_point_dismar_paper_rcid_30699,scene_harness_not_covered
dismar|Point|Paper|2632|30700,DISMAR,partial,ordinary_s57,harness_only_partial,109-s52-harness-and-standalone-proof,HECMTR01,only remaining degraded reason is missing repository-owned harness/reference evidence,30700,2632,Point,Paper,s52_point_dismar_paper_rcid_30700,scene_harness_not_covered
dismar|Point|Paper|2633|30701,DISMAR,partial,ordinary_s57,harness_only_partial,109-s52-harness-and-standalone-proof,DISMAR06,only remaining degraded reason is missing repository-owned harness/reference evidence,30701,2633,Point,Paper,s52_point_dismar_paper_rcid_30701,scene_harness_not_covered
dismar|Point|Paper|2634|30702,DISMAR,partial,ordinary_s57,harness_only_partial,109-s52-harness-and-standalone-proof,DISMAR05,only remaining degraded reason is missing repository-owned harness/reference evidence,30702,2634,Point,Paper,s52_point_dismar_paper_rcid_30702,scene_harness_not_covered
dismar|Point|Paper|2635|30703,DISMAR,partial,ordinary_s57,harness_only_partial,109-s52-harness-and-standalone-proof,DISMAR03,only remaining degraded reason is missing repository-owned harness/reference evidence,30703,2635,Point,Paper,s52_point_dismar_paper_rcid_30703,scene_harness_not_covered
dismar|Point|Paper|2636|30704,DISMAR,partial,ordinary_s57,harness_only_partial,109-s52-harness-and-standalone-proof,DISMAR03,only remaining degraded reason is missing repository-owned harness/reference evidence,30704,2636,Point,Paper,s52_point_dismar_paper_rcid_30704,scene_harness_not_covered
dismar|Point|Simplified|1401|31453,DISMAR,partial,ordinary_s57,harness_only_partial,109-s52-harness-and-standalone-proof,DISMAR06,only remaining degraded reason is missing repository-owned harness/reference evidence,31453,1401,Point,Simplified,s52_point_dismar_simplified_rcid_31453,scene_harness_not_covered
dismar|Point|Simplified|1402|31454,DISMAR,partial,ordinary_s57,harness_only_partial,109-s52-harness-and-standalone-proof,DISMAR05,only remaining degraded reason is missing repository-owned harness/reference evidence,31454,1402,Point,Simplified,s52_point_dismar_simplified_rcid_31454,scene_harness_not_covered
dismar|Point|Simplified|1403|31455,DISMAR,partial,ordinary_s57,harness_only_partial,109-s52-harness-and-standalone-proof,HECMTR02,only remaining degraded reason is missing repository-owned harness/reference evidence,31455,1403,Point,Simplified,s52_point_dismar_simplified_rcid_31455,scene_harness_not_covered
dismar|Point|Simplified|1404|31456,DISMAR,partial,ordinary_s57,harness_only_partial,109-s52-harness-and-standalone-proof,HECMTR01,only remaining degraded reason is missing repository-owned harness/reference evidence,31456,1404,Point,Simplified,s52_point_dismar_simplified_rcid_31456,scene_harness_not_covered
dismar|Point|Simplified|1405|31457,DISMAR,partial,ordinary_s57,harness_only_partial,109-s52-harness-and-standalone-proof,HECMTR02,only remaining degraded reason is missing repository-owned harness/reference evidence,31457,1405,Point,Simplified,s52_point_dismar_simplified_rcid_31457,scene_harness_not_covered
dismar|Point|Simplified|1406|31458,DISMAR,partial,ordinary_s57,harness_only_partial,109-s52-harness-and-standalone-proof,HECMTR01,only remaining degraded reason is missing repository-owned harness/reference evidence,31458,1406,Point,Simplified,s52_point_dismar_simplified_rcid_31458,scene_harness_not_covered
dismar|Point|Simplified|1407|31459,DISMAR,partial,ordinary_s57,harness_only_partial,109-s52-harness-and-standalone-proof,DISMAR06,only remaining degraded reason is missing repository-owned harness/reference evidence,31459,1407,Point,Simplified,s52_point_dismar_simplified_rcid_31459,scene_harness_not_covered
dismar|Point|Simplified|1408|31460,DISMAR,partial,ordinary_s57,harness_only_partial,109-s52-harness-and-standalone-proof,DISMAR05,only remaining degraded reason is missing repository-owned harness/reference evidence,31460,1408,Point,Simplified,s52_point_dismar_simplified_rcid_31460,scene_harness_not_covered
dismar|Point|Simplified|1409|31461,DISMAR,partial,ordinary_s57,harness_only_partial,109-s52-harness-and-standalone-proof,DISMAR03,only remaining degraded reason is missing repository-owned harness/reference evidence,31461,1409,Point,Simplified,s52_point_dismar_simplified_rcid_31461,scene_harness_not_covered
dnghlt|Area|Plain|254|32289,DNGHLT,partial,ordinary_s57,harness_only_partial,109-s52-harness-and-standalone-proof,LS_SOLD_3_DNGHL,only remaining degraded reason is missing repository-owned harness/reference evidence,32289,254,Area,Plain,s52_area_dnghlt_plain_rcid_32289,scene_harness_not_covered
dnghlt|Area|Symbolized|601|32636,DNGHLT,partial,ordinary_s57,harness_only_partial,109-s52-harness-and-standalone-proof,LS_SOLD_3_DNGHL,only remaining degraded reason is missing repository-owned harness/reference evidence,32636,601,Area,Symbolized,s52_area_dnghlt_symbolized_rcid_32636,scene_harness_not_covered
dnghlt|Line|Lines|876|31952,DNGHLT,partial,ordinary_s57,harness_only_partial,109-s52-harness-and-standalone-proof,LS_SOLD_3_DNGHL,only remaining degraded reason is missing repository-owned harness/reference evidence,31952,876,Line,Lines,s52_line_dnghlt_lines_rcid_31952,scene_harness_not_covered
dnghlt|Point|Paper|2637|30705,DNGHLT,partial,ordinary_s57,harness_only_partial,109-s52-harness-and-standalone-proof,DNGHILIT,only remaining degraded reason is missing repository-owned harness/reference evidence,30705,2637,Point,Paper,s52_point_dnghlt_paper_rcid_30705,scene_harness_not_covered
dnghlt|Point|Simplified|1410|31462,DNGHLT,partial,ordinary_s57,harness_only_partial,109-s52-harness-and-standalone-proof,DNGHILIT,only remaining degraded reason is missing repository-owned harness/reference evidence,31462,1410,Point,Simplified,s52_point_dnghlt_simplified_rcid_31462,scene_harness_not_covered
ebline|Line|Lines|877|31953,EBLINE,partial,ordinary_s57,harness_only_partial,109-s52-harness-and-standalone-proof,VRMEBL01,only remaining degraded reason is missing repository-owned harness/reference evidence,31953,877,Line,Lines,s52_line_ebline_lines_rcid_31953,scene_harness_not_covered
events|Point|Paper|2638|30706,EVENTS,partial,ordinary_s57,harness_only_partial,109-s52-harness-and-standalone-proof,EVENTS02,only remaining degraded reason is missing repository-owned harness/reference evidence,30706,2638,Point,Paper,s52_point_events_paper_rcid_30706,scene_harness_not_covered
events|Point|Simplified|1411|31463,EVENTS,partial,ordinary_s57,harness_only_partial,109-s52-harness-and-standalone-proof,EVENTS02,only remaining degraded reason is missing repository-owned harness/reference evidence,31463,1411,Point,Simplified,s52_point_events_simplified_rcid_31463,scene_harness_not_covered
excnst|Area|Plain|255|32290,EXCNST,partial,ordinary_s57,harness_only_partial,109-s52-harness-and-standalone-proof,LS_SOLD_2_CSTLN,only remaining degraded reason is missing repository-owned harness/reference evidence,32290,255,Area,Plain,s52_area_excnst_plain_rcid_32290,scene_harness_not_covered
excnst|Area|Symbolized|602|32637,EXCNST,partial,ordinary_s57,harness_only_partial,109-s52-harness-and-standalone-proof,LS_SOLD_2_CSTLN,only remaining degraded reason is missing repository-owned harness/reference evidence,32637,602,Area,Symbolized,s52_area_excnst_symbolized_rcid_32637,scene_harness_not_covered
feryrt|Area|Plain|256|32291,FERYRT,partial,ordinary_s57,harness_only_partial,109-s52-harness-and-standalone-proof,FRYARE52,only remaining degraded reason is missing repository-owned harness/reference evidence,32291,256,Area,Plain,s52_area_feryrt_plain_rcid_32291,scene_harness_not_covered
feryrt|Area|Plain|257|32292,FERYRT,partial,ordinary_s57,harness_only_partial,109-s52-harness-and-standalone-proof,FRYARE51,only remaining degraded reason is missing repository-owned harness/reference evidence,32292,257,Area,Plain,s52_area_feryrt_plain_rcid_32292,scene_harness_not_covered
feryrt|Area|Symbolized|603|32638,FERYRT,partial,ordinary_s57,harness_only_partial,109-s52-harness-and-standalone-proof,FRYARE52,only remaining degraded reason is missing repository-owned harness/reference evidence,32638,603,Area,Symbolized,s52_area_feryrt_symbolized_rcid_32638,scene_harness_not_covered
feryrt|Area|Symbolized|604|32639,FERYRT,partial,ordinary_s57,harness_only_partial,109-s52-harness-and-standalone-proof,FRYARE51,only remaining degraded reason is missing repository-owned harness/reference evidence,32639,604,Area,Symbolized,s52_area_feryrt_symbolized_rcid_32639,scene_harness_not_covered
feryrt|Line|Lines|878|31954,FERYRT,partial,ordinary_s57,harness_only_partial,109-s52-harness-and-standalone-proof,FERYRT01,only remaining degraded reason is missing repository-owned harness/reference evidence,31954,878,Line,Lines,s52_line_feryrt_lines_rcid_31954,scene_harness_not_covered
feryrt|Line|Lines|879|31955,FERYRT,partial,ordinary_s57,harness_only_partial,109-s52-harness-and-standalone-proof,FERYRT02,only remaining degraded reason is missing repository-owned harness/reference evidence,31955,879,Line,Lines,s52_line_feryrt_lines_rcid_31955,scene_harness_not_covered
feryrt|Line|Lines|880|31956,FERYRT,partial,ordinary_s57,harness_only_partial,109-s52-harness-and-standalone-proof,FERYRT02,only remaining degraded reason is missing repository-owned harness/reference evidence,31956,880,Line,Lines,s52_line_feryrt_lines_rcid_31956,scene_harness_not_covered
flodoc|Area|Plain|258|32293,FLODOC,partial,ordinary_s57,harness_only_partial,109-s52-harness-and-standalone-proof,LS_SOLD_2_CSTLN,only remaining degraded reason is missing repository-owned harness/reference evidence,32293,258,Area,Plain,s52_area_flodoc_plain_rcid_32293,scene_harness_not_covered
flodoc|Area|Symbolized|605|32640,FLODOC,partial,ordinary_s57,harness_only_partial,109-s52-harness-and-standalone-proof,LS_SOLD_2_CSTLN,only remaining degraded reason is missing repository-owned harness/reference evidence,32640,605,Area,Symbolized,s52_area_flodoc_symbolized_rcid_32640,scene_harness_not_covered
gatcon|Area|Plain|259|32294,GATCON,partial,ordinary_s57,harness_only_partial,109-s52-harness-and-standalone-proof,LS_SOLD_2_CSTLN,only remaining degraded reason is missing repository-owned harness/reference evidence,32294,259,Area,Plain,s52_area_gatcon_plain_rcid_32294,scene_harness_not_covered
gatcon|Area|Symbolized|606|32641,GATCON,partial,ordinary_s57,harness_only_partial,109-s52-harness-and-standalone-proof,LS_SOLD_2_CSTLN,only remaining degraded reason is missing repository-owned harness/reference evidence,32641,606,Area,Symbolized,s52_area_gatcon_symbolized_rcid_32641,scene_harness_not_covered
gatcon|Line|Lines|881|31957,GATCON,partial,ordinary_s57,harness_only_partial,109-s52-harness-and-standalone-proof,LS_SOLD_2_CSTLN,only remaining degraded reason is missing repository-owned harness/reference evidence,31957,881,Line,Lines,s52_line_gatcon_lines_rcid_31957,scene_harness_not_covered
gatcon|Line|Lines|882|31958,GATCON,partial,ordinary_s57,harness_only_partial,109-s52-harness-and-standalone-proof,GATCON04,only remaining degraded reason is missing repository-owned harness/reference evidence,31958,882,Line,Lines,s52_line_gatcon_lines_rcid_31958,scene_harness_not_covered
gatcon|Line|Lines|883|31959,GATCON,partial,ordinary_s57,harness_only_partial,109-s52-harness-and-standalone-proof,GATCON03,only remaining degraded reason is missing repository-owned harness/reference evidence,31959,883,Line,Lines,s52_line_gatcon_lines_rcid_31959,scene_harness_not_covered
gatcon|Line|Lines|884|31960,GATCON,partial,ordinary_s57,harness_only_partial,109-s52-harness-and-standalone-proof,LS_SOLD_2_CSTLN,only remaining degraded reason is missing repository-owned harness/reference evidence,31960,884,Line,Lines,s52_line_gatcon_lines_rcid_31960,scene_harness_not_covered
gatcon|Line|Lines|885|31961,GATCON,partial,ordinary_s57,harness_only_partial,109-s52-harness-and-standalone-proof,LS_SOLD_2_CSTLN,only remaining degraded reason is missing repository-owned harness/reference evidence,31961,885,Line,Lines,s52_line_gatcon_lines_rcid_31961,scene_harness_not_covered
hrbare|Area|Plain|260|32295,HRBARE,partial,ordinary_s57,harness_only_partial,109-s52-harness-and-standalone-proof,SMCFAC02,only remaining degraded reason is missing repository-owned harness/reference evidence,32295,260,Area,Plain,s52_area_hrbare_plain_rcid_32295,scene_harness_not_covered
hrbare|Area|Plain|261|32296,HRBARE,partial,ordinary_s57,harness_only_partial,109-s52-harness-and-standalone-proof,LS_DASH_1_CHGRD,only remaining degraded reason is missing repository-owned harness/reference evidence,32296,261,Area,Plain,s52_area_hrbare_plain_rcid_32296,scene_harness_not_covered
hrbare|Area|Symbolized|607|32642,HRBARE,partial,ordinary_s57,harness_only_partial,109-s52-harness-and-standalone-proof,SMCFAC02,only remaining degraded reason is missing repository-owned harness/reference evidence,32642,607,Area,Symbolized,s52_area_hrbare_symbolized_rcid_32642,scene_harness_not_covered
hrbare|Area|Symbolized|608|32643,HRBARE,partial,ordinary_s57,harness_only_partial,109-s52-harness-and-standalone-proof,LS_DASH_1_CHGRD,only remaining degraded reason is missing repository-owned harness/reference evidence,32643,608,Area,Symbolized,s52_area_hrbare_symbolized_rcid_32643,scene_harness_not_covered
hrbbsn|Area|Plain|262|32297,HRBBSN,partial,ordinary_s57,harness_only_partial,109-s52-harness-and-standalone-proof,LS_DASH_1_CHGRF,only remaining degraded reason is missing repository-owned harness/reference evidence,32297,262,Area,Plain,s52_area_hrbbsn_plain_rcid_32297,scene_harness_not_covered
hrbbsn|Area|Symbolized|609|32644,HRBBSN,partial,ordinary_s57,harness_only_partial,109-s52-harness-and-standalone-proof,LS_DASH_1_CHGRF,only remaining degraded reason is missing repository-owned harness/reference evidence,32644,609,Area,Symbolized,s52_area_hrbbsn_symbolized_rcid_32644,scene_harness_not_covered
hrbfac|Area|Plain|263|32298,HRBFAC,partial,ordinary_s57,harness_only_partial,109-s52-harness-and-standalone-proof,HRBFAC13,only remaining degraded reason is missing repository-owned harness/reference evidence,32298,263,Area,Plain,s52_area_hrbfac_plain_rcid_32298,scene_harness_not_covered
hrbfac|Area|Plain|264|32299,HRBFAC,partial,ordinary_s57,harness_only_partial,109-s52-harness-and-standalone-proof,HRBFAC14,only remaining degraded reason is missing repository-owned harness/reference evidence,32299,264,Area,Plain,s52_area_hrbfac_plain_rcid_32299,scene_harness_not_covered
hrbfac|Area|Plain|265|32300,HRBFAC,partial,ordinary_s57,harness_only_partial,109-s52-harness-and-standalone-proof,HRBFAC15,only remaining degraded reason is missing repository-owned harness/reference evidence,32300,265,Area,Plain,s52_area_hrbfac_plain_rcid_32300,scene_harness_not_covered
hrbfac|Area|Plain|266|32301,HRBFAC,partial,ordinary_s57,harness_only_partial,109-s52-harness-and-standalone-proof,HRBFAC16,only remaining degraded reason is missing repository-owned harness/reference evidence,32301,266,Area,Plain,s52_area_hrbfac_plain_rcid_32301,scene_harness_not_covered
hrbfac|Area|Plain|267|32302,HRBFAC,partial,ordinary_s57,harness_only_partial,109-s52-harness-and-standalone-proof,HRBFAC17,only remaining degraded reason is missing repository-owned harness/reference evidence,32302,267,Area,Plain,s52_area_hrbfac_plain_rcid_32302,scene_harness_not_covered
hrbfac|Area|Plain|268|32303,HRBFAC,partial,ordinary_s57,harness_only_partial,109-s52-harness-and-standalone-proof,HRBFAC18,only remaining degraded reason is missing repository-owned harness/reference evidence,32303,268,Area,Plain,s52_area_hrbfac_plain_rcid_32303,scene_harness_not_covered
hrbfac|Area|Plain|269|32304,HRBFAC,partial,ordinary_s57,harness_only_partial,109-s52-harness-and-standalone-proof,SMCFAC02,only remaining degraded reason is missing repository-owned harness/reference evidence,32304,269,Area,Plain,s52_area_hrbfac_plain_rcid_32304,scene_harness_not_covered
hrbfac|Area|Plain|270|32305,HRBFAC,partial,ordinary_s57,harness_only_partial,109-s52-harness-and-standalone-proof,HRBFAC11,only remaining degraded reason is missing repository-owned harness/reference evidence,32305,270,Area,Plain,s52_area_hrbfac_plain_rcid_32305,scene_harness_not_covered
hrbfac|Area|Plain|271|32306,HRBFAC,partial,ordinary_s57,harness_only_partial,109-s52-harness-and-standalone-proof,HRBFAC12,only remaining degraded reason is missing repository-owned harness/reference evidence,32306,271,Area,Plain,s52_area_hrbfac_plain_rcid_32306,scene_harness_not_covered
hrbfac|Area|Plain|272|32307,HRBFAC,partial,ordinary_s57,harness_only_partial,109-s52-harness-and-standalone-proof,HRBFAC10,only remaining degraded reason is missing repository-owned harness/reference evidence,32307,272,Area,Plain,s52_area_hrbfac_plain_rcid_32307,scene_harness_not_covered
hrbfac|Area|Symbolized|611|32646,HRBFAC,partial,ordinary_s57,harness_only_partial,109-s52-harness-and-standalone-proof,HRBFAC14,only remaining degraded reason is missing repository-owned harness/reference evidence,32646,611,Area,Symbolized,s52_area_hrbfac_symbolized_rcid_32646,scene_harness_not_covered
hrbfac|Area|Symbolized|612|32647,HRBFAC,partial,ordinary_s57,harness_only_partial,109-s52-harness-and-standalone-proof,HRBFAC15,only remaining degraded reason is missing repository-owned harness/reference evidence,32647,612,Area,Symbolized,s52_area_hrbfac_symbolized_rcid_32647,scene_harness_not_covered
hrbfac|Area|Symbolized|613|32648,HRBFAC,partial,ordinary_s57,harness_only_partial,109-s52-harness-and-standalone-proof,HRBFAC16,only remaining degraded reason is missing repository-owned harness/reference evidence,32648,613,Area,Symbolized,s52_area_hrbfac_symbolized_rcid_32648,scene_harness_not_covered
hrbfac|Area|Symbolized|614|32649,HRBFAC,partial,ordinary_s57,harness_only_partial,109-s52-harness-and-standalone-proof,HRBFAC17,only remaining degraded reason is missing repository-owned harness/reference evidence,32649,614,Area,Symbolized,s52_area_hrbfac_symbolized_rcid_32649,scene_harness_not_covered
hrbfac|Area|Symbolized|615|32650,HRBFAC,partial,ordinary_s57,harness_only_partial,109-s52-harness-and-standalone-proof,HRBFAC18,only remaining degraded reason is missing repository-owned harness/reference evidence,32650,615,Area,Symbolized,s52_area_hrbfac_symbolized_rcid_32650,scene_harness_not_covered
hrbfac|Area|Symbolized|616|32651,HRBFAC,partial,ordinary_s57,harness_only_partial,109-s52-harness-and-standalone-proof,SMCFAC02,only remaining degraded reason is missing repository-owned harness/reference evidence,32651,616,Area,Symbolized,s52_area_hrbfac_symbolized_rcid_32651,scene_harness_not_covered
hrbfac|Area|Symbolized|617|32652,HRBFAC,partial,ordinary_s57,harness_only_partial,109-s52-harness-and-standalone-proof,HRBFAC11,only remaining degraded reason is missing repository-owned harness/reference evidence,32652,617,Area,Symbolized,s52_area_hrbfac_symbolized_rcid_32652,scene_harness_not_covered
hrbfac|Area|Symbolized|618|32653,HRBFAC,partial,ordinary_s57,harness_only_partial,109-s52-harness-and-standalone-proof,HRBFAC12,only remaining degraded reason is missing repository-owned harness/reference evidence,32653,618,Area,Symbolized,s52_area_hrbfac_symbolized_rcid_32653,scene_harness_not_covered
hrbfac|Area|Symbolized|619|32654,HRBFAC,partial,ordinary_s57,harness_only_partial,109-s52-harness-and-standalone-proof,HRBFAC10,only remaining degraded reason is missing repository-owned harness/reference evidence,32654,619,Area,Symbolized,s52_area_hrbfac_symbolized_rcid_32654,scene_harness_not_covered
hrbfac|Point|Paper|2639|30707,HRBFAC,partial,ordinary_s57,harness_only_partial,109-s52-harness-and-standalone-proof,HRBFAC13,only remaining degraded reason is missing repository-owned harness/reference evidence,30707,2639,Point,Paper,s52_point_hrbfac_paper_rcid_30707,scene_harness_not_covered
hrbfac|Point|Paper|2640|30708,HRBFAC,partial,ordinary_s57,harness_only_partial,109-s52-harness-and-standalone-proof,HRBFAC14,only remaining degraded reason is missing repository-owned harness/reference evidence,30708,2640,Point,Paper,s52_point_hrbfac_paper_rcid_30708,scene_harness_not_covered
hrbfac|Point|Paper|2641|30709,HRBFAC,partial,ordinary_s57,harness_only_partial,109-s52-harness-and-standalone-proof,HRBFAC15,only remaining degraded reason is missing repository-owned harness/reference evidence,30709,2641,Point,Paper,s52_point_hrbfac_paper_rcid_30709,scene_harness_not_covered
hrbfac|Point|Paper|2642|30710,HRBFAC,partial,ordinary_s57,harness_only_partial,109-s52-harness-and-standalone-proof,HRBFAC16,only remaining degraded reason is missing repository-owned harness/reference evidence,30710,2642,Point,Paper,s52_point_hrbfac_paper_rcid_30710,scene_harness_not_covered
hrbfac|Point|Paper|2643|30711,HRBFAC,partial,ordinary_s57,harness_only_partial,109-s52-harness-and-standalone-proof,HRBFAC17,only remaining degraded reason is missing repository-owned harness/reference evidence,30711,2643,Point,Paper,s52_point_hrbfac_paper_rcid_30711,scene_harness_not_covered
hrbfac|Point|Paper|2644|30712,HRBFAC,partial,ordinary_s57,harness_only_partial,109-s52-harness-and-standalone-proof,HRBFAC18,only remaining degraded reason is missing repository-owned harness/reference evidence,30712,2644,Point,Paper,s52_point_hrbfac_paper_rcid_30712,scene_harness_not_covered
hrbfac|Point|Paper|2645|30713,HRBFAC,partial,ordinary_s57,harness_only_partial,109-s52-harness-and-standalone-proof,HRBFAC11,only remaining degraded reason is missing repository-owned harness/reference evidence,30713,2645,Point,Paper,s52_point_hrbfac_paper_rcid_30713,scene_harness_not_covered
hrbfac|Point|Paper|2646|30714,HRBFAC,partial,ordinary_s57,harness_only_partial,109-s52-harness-and-standalone-proof,HRBFAC12,only remaining degraded reason is missing repository-owned harness/reference evidence,30714,2646,Point,Paper,s52_point_hrbfac_paper_rcid_30714,scene_harness_not_covered
hrbfac|Point|Paper|2647|30715,HRBFAC,partial,ordinary_s57,harness_only_partial,109-s52-harness-and-standalone-proof,HRBFAC10,only remaining degraded reason is missing repository-owned harness/reference evidence,30715,2647,Point,Paper,s52_point_hrbfac_paper_rcid_30715,scene_harness_not_covered
hrbfac|Point|Simplified|1412|31464,HRBFAC,partial,ordinary_s57,harness_only_partial,109-s52-harness-and-standalone-proof,HRBFAC13,only remaining degraded reason is missing repository-owned harness/reference evidence,31464,1412,Point,Simplified,s52_point_hrbfac_simplified_rcid_31464,scene_harness_not_covered
hrbfac|Point|Simplified|1413|31465,HRBFAC,partial,ordinary_s57,harness_only_partial,109-s52-harness-and-standalone-proof,HRBFAC14,only remaining degraded reason is missing repository-owned harness/reference evidence,31465,1413,Point,Simplified,s52_point_hrbfac_simplified_rcid_31465,scene_harness_not_covered
hrbfac|Point|Simplified|1414|31466,HRBFAC,partial,ordinary_s57,harness_only_partial,109-s52-harness-and-standalone-proof,HRBFAC15,only remaining degraded reason is missing repository-owned harness/reference evidence,31466,1414,Point,Simplified,s52_point_hrbfac_simplified_rcid_31466,scene_harness_not_covered
hrbfac|Point|Simplified|1415|31467,HRBFAC,partial,ordinary_s57,harness_only_partial,109-s52-harness-and-standalone-proof,HRBFAC16,only remaining degraded reason is missing repository-owned harness/reference evidence,31467,1415,Point,Simplified,s52_point_hrbfac_simplified_rcid_31467,scene_harness_not_covered
hrbfac|Point|Simplified|1416|31468,HRBFAC,partial,ordinary_s57,harness_only_partial,109-s52-harness-and-standalone-proof,HRBFAC17,only remaining degraded reason is missing repository-owned harness/reference evidence,31468,1416,Point,Simplified,s52_point_hrbfac_simplified_rcid_31468,scene_harness_not_covered
hrbfac|Point|Simplified|1417|31469,HRBFAC,partial,ordinary_s57,harness_only_partial,109-s52-harness-and-standalone-proof,HRBFAC18,only remaining degraded reason is missing repository-owned harness/reference evidence,31469,1417,Point,Simplified,s52_point_hrbfac_simplified_rcid_31469,scene_harness_not_covered
hrbfac|Point|Simplified|1418|31470,HRBFAC,partial,ordinary_s57,harness_only_partial,109-s52-harness-and-standalone-proof,HRBFAC11,only remaining degraded reason is missing repository-owned harness/reference evidence,31470,1418,Point,Simplified,s52_point_hrbfac_simplified_rcid_31470,scene_harness_not_covered
hrbfac|Point|Simplified|1419|31471,HRBFAC,partial,ordinary_s57,harness_only_partial,109-s52-harness-and-standalone-proof,HRBFAC12,only remaining degraded reason is missing repository-owned harness/reference evidence,31471,1419,Point,Simplified,s52_point_hrbfac_simplified_rcid_31471,scene_harness_not_covered
hrbfac|Point|Simplified|1420|31472,HRBFAC,partial,ordinary_s57,harness_only_partial,109-s52-harness-and-standalone-proof,HRBFAC10,only remaining degraded reason is missing repository-owned harness/reference evidence,31472,1420,Point,Simplified,s52_point_hrbfac_simplified_rcid_31472,scene_harness_not_covered
hulkes|Area|Plain|273|32308,HULKES,partial,ordinary_s57,harness_only_partial,109-s52-harness-and-standalone-proof,LS_SOLD_2_CSTLN,only remaining degraded reason is missing repository-owned harness/reference evidence,32308,273,Area,Plain,s52_area_hulkes_plain_rcid_32308,scene_harness_not_covered
hulkes|Area|Symbolized|620|32655,HULKES,partial,ordinary_s57,harness_only_partial,109-s52-harness-and-standalone-proof,LS_SOLD_2_CSTLN,only remaining degraded reason is missing repository-owned harness/reference evidence,32655,620,Area,Symbolized,s52_area_hulkes_symbolized_rcid_32655,scene_harness_not_covered
leglin|Line|Lines|886|31962,LEGLIN,partial,ordinary_s57,harness_only_partial,109-s52-harness-and-standalone-proof,LEGLIN02,only remaining degraded reason is missing repository-owned harness/reference evidence,31962,886,Line,Lines,s52_line_leglin_lines_rcid_31962,scene_harness_not_covered
lkbspt|Area|Plain|274|32309,LKBSPT,partial,ordinary_s57,harness_only_partial,109-s52-harness-and-standalone-proof,LS_DASH_2_CHGRF,only remaining degraded reason is missing repository-owned harness/reference evidence,32309,274,Area,Plain,s52_area_lkbspt_plain_rcid_32309,scene_harness_not_covered
lkbspt|Area|Symbolized|621|32656,LKBSPT,partial,ordinary_s57,harness_only_partial,109-s52-harness-and-standalone-proof,LS_DASH_2_CHGRF,only remaining degraded reason is missing repository-owned harness/reference evidence,32656,621,Area,Symbolized,s52_area_lkbspt_symbolized_rcid_32656,scene_harness_not_covered
lokbsn|Area|Plain|275|32310,LOKBSN,partial,ordinary_s57,harness_only_partial,109-s52-harness-and-standalone-proof,LS_DASH_2_CHGRF,only remaining degraded reason is missing repository-owned harness/reference evidence,32310,275,Area,Plain,s52_area_lokbsn_plain_rcid_32310,scene_harness_not_covered
lokbsn|Area|Symbolized|622|32657,LOKBSN,partial,ordinary_s57,harness_only_partial,109-s52-harness-and-standalone-proof,LS_DASH_2_CHGRF,only remaining degraded reason is missing repository-owned harness/reference evidence,32657,622,Area,Symbolized,s52_area_lokbsn_symbolized_rcid_32657,scene_harness_not_covered
marfea|Area|Plain|276|32311,MARFEA,partial,ordinary_s57,harness_only_partial,109-s52-harness-and-standalone-proof,LS_SOLD_1_CHBLK,only remaining degraded reason is missing repository-owned harness/reference evidence,32311,276,Area,Plain,s52_area_marfea_plain_rcid_32311,scene_harness_not_covered
marfea|Area|Symbolized|623|32658,MARFEA,partial,ordinary_s57,harness_only_partial,109-s52-harness-and-standalone-proof,LS_SOLD_1_CHBLK,only remaining degraded reason is missing repository-owned harness/reference evidence,32658,623,Area,Symbolized,s52_area_marfea_symbolized_rcid_32658,scene_harness_not_covered
marfea|Line|Lines|887|31963,MARFEA,partial,ordinary_s57,harness_only_partial,109-s52-harness-and-standalone-proof,LS_SOLD_2_NINFO,only remaining degraded reason is missing repository-owned harness/reference evidence,31963,887,Line,Lines,s52_line_marfea_lines_rcid_31963,scene_harness_not_covered
marfea|Point|Paper|2648|30716,MARFEA,partial,ordinary_s57,harness_only_partial,109-s52-harness-and-standalone-proof,CHINFO09,only remaining degraded reason is missing repository-owned harness/reference evidence,30716,2648,Point,Paper,s52_point_marfea_paper_rcid_30716,scene_harness_not_covered
marfea|Point|Simplified|1421|31473,MARFEA,partial,ordinary_s57,harness_only_partial,109-s52-harness-and-standalone-proof,CHINFO09,only remaining degraded reason is missing repository-owned harness/reference evidence,31473,1421,Point,Simplified,s52_point_marfea_simplified_rcid_31473,scene_harness_not_covered
marnot|Point|Paper|2649|30717,MARNOT,partial,ordinary_s57,harness_only_partial,109-s52-harness-and-standalone-proof,CHINFO08,only remaining degraded reason is missing repository-owned harness/reference evidence,30717,2649,Point,Paper,s52_point_marnot_paper_rcid_30717,scene_harness_not_covered
marnot|Point|Paper|2650|30718,MARNOT,partial,ordinary_s57,harness_only_partial,109-s52-harness-and-standalone-proof,CHINFO09,only remaining degraded reason is missing repository-owned harness/reference evidence,30718,2650,Point,Paper,s52_point_marnot_paper_rcid_30718,scene_harness_not_covered
marnot|Point|Paper|2651|30719,MARNOT,partial,ordinary_s57,harness_only_partial,109-s52-harness-and-standalone-proof,CHINFO09,only remaining degraded reason is missing repository-owned harness/reference evidence,30719,2651,Point,Paper,s52_point_marnot_paper_rcid_30719,scene_harness_not_covered
marnot|Point|Simplified|1422|31474,MARNOT,partial,ordinary_s57,harness_only_partial,109-s52-harness-and-standalone-proof,CHINFO08,only remaining degraded reason is missing repository-owned harness/reference evidence,31474,1422,Point,Simplified,s52_point_marnot_simplified_rcid_31474,scene_harness_not_covered
marnot|Point|Simplified|1423|31475,MARNOT,partial,ordinary_s57,harness_only_partial,109-s52-harness-and-standalone-proof,CHINFO09,only remaining degraded reason is missing repository-owned harness/reference evidence,31475,1423,Point,Simplified,s52_point_marnot_simplified_rcid_31475,scene_harness_not_covered
marnot|Point|Simplified|1424|31476,MARNOT,partial,ordinary_s57,harness_only_partial,109-s52-harness-and-standalone-proof,CHINFO09,only remaining degraded reason is missing repository-owned harness/reference evidence,31476,1424,Point,Simplified,s52_point_marnot_simplified_rcid_31476,scene_harness_not_covered
mnufea|Area|Plain|277|32312,MNUFEA,partial,ordinary_s57,harness_only_partial,109-s52-harness-and-standalone-proof,LS_DASH_2_ADINF,only remaining degraded reason is missing repository-owned harness/reference evidence,32312,277,Area,Plain,s52_area_mnufea_plain_rcid_32312,scene_harness_not_covered
mnufea|Area|Symbolized|624|32659,MNUFEA,partial,ordinary_s57,harness_only_partial,109-s52-harness-and-standalone-proof,LS_DASH_2_ADINF,only remaining degraded reason is missing repository-owned harness/reference evidence,32659,624,Area,Symbolized,s52_area_mnufea_symbolized_rcid_32659,scene_harness_not_covered
mnufea|Line|Lines|888|31964,MNUFEA,partial,ordinary_s57,harness_only_partial,109-s52-harness-and-standalone-proof,LS_SOLD_1_ADINF,only remaining degraded reason is missing repository-owned harness/reference evidence,31964,888,Line,Lines,s52_line_mnufea_lines_rcid_31964,scene_harness_not_covered
mnufea|Point|Paper|2652|30720,MNUFEA,partial,ordinary_s57,harness_only_partial,109-s52-harness-and-standalone-proof,CHINFO10,only remaining degraded reason is missing repository-owned harness/reference evidence,30720,2652,Point,Paper,s52_point_mnufea_paper_rcid_30720,scene_harness_not_covered
mnufea|Point|Paper|2653|30721,MNUFEA,partial,ordinary_s57,harness_only_partial,109-s52-harness-and-standalone-proof,CHINFO11,only remaining degraded reason is missing repository-owned harness/reference evidence,30721,2653,Point,Paper,s52_point_mnufea_paper_rcid_30721,scene_harness_not_covered
mnufea|Point|Paper|2654|30722,MNUFEA,partial,ordinary_s57,harness_only_partial,109-s52-harness-and-standalone-proof,CHINFO10,only remaining degraded reason is missing repository-owned harness/reference evidence,30722,2654,Point,Paper,s52_point_mnufea_paper_rcid_30722,scene_harness_not_covered
mnufea|Point|Simplified|1425|31477,MNUFEA,partial,ordinary_s57,harness_only_partial,109-s52-harness-and-standalone-proof,CHINFO10,only remaining degraded reason is missing repository-owned harness/reference evidence,31477,1425,Point,Simplified,s52_point_mnufea_simplified_rcid_31477,scene_harness_not_covered
mnufea|Point|Simplified|1426|31478,MNUFEA,partial,ordinary_s57,harness_only_partial,109-s52-harness-and-standalone-proof,CHINFO11,only remaining degraded reason is missing repository-owned harness/reference evidence,31478,1426,Point,Simplified,s52_point_mnufea_simplified_rcid_31478,scene_harness_not_covered
mnufea|Point|Simplified|1427|31479,MNUFEA,partial,ordinary_s57,harness_only_partial,109-s52-harness-and-standalone-proof,CHINFO10,only remaining degraded reason is missing repository-owned harness/reference evidence,31479,1427,Point,Simplified,s52_point_mnufea_simplified_rcid_31479,scene_harness_not_covered
notmrk|Point|Paper|3016|3063033,NOTMRK,partial,ordinary_s57,harness_only_partial,109-s52-harness-and-standalone-proof,TOPSHPD5,only remaining degraded reason is missing repository-owned harness/reference evidence,3063033,3016,Point,Paper,s52_point_notmrk_paper_rcid_3063033,scene_harness_not_covered
notmrk|Point|Paper|2655|30723,NOTMRK,partial,ordinary_s57,harness_only_partial,109-s52-harness-and-standalone-proof,ADDMRK01,only remaining degraded reason is missing repository-owned harness/reference evidence,30723,2655,Point,Paper,s52_point_notmrk_paper_rcid_30723,scene_harness_not_covered
notmrk|Point|Paper|2656|30724,NOTMRK,partial,ordinary_s57,harness_only_partial,109-s52-harness-and-standalone-proof,ADDMRK01,only remaining degraded reason is missing repository-owned harness/reference evidence,30724,2656,Point,Paper,s52_point_notmrk_paper_rcid_30724,scene_harness_not_covered
notmrk|Point|Paper|2657|30725,NOTMRK,partial,ordinary_s57,harness_only_partial,109-s52-harness-and-standalone-proof,ADDMRK01,only remaining degraded reason is missing repository-owned harness/reference evidence,30725,2657,Point,Paper,s52_point_notmrk_paper_rcid_30725,scene_harness_not_covered
notmrk|Point|Paper|2658|30726,NOTMRK,partial,ordinary_s57,harness_only_partial,109-s52-harness-and-standalone-proof,ADDMRK02,only remaining degraded reason is missing repository-owned harness/reference evidence,30726,2658,Point,Paper,s52_point_notmrk_paper_rcid_30726,scene_harness_not_covered
notmrk|Point|Paper|2659|30727,NOTMRK,partial,ordinary_s57,harness_only_partial,109-s52-harness-and-standalone-proof,ADDMRK02,only remaining degraded reason is missing repository-owned harness/reference evidence,30727,2659,Point,Paper,s52_point_notmrk_paper_rcid_30727,scene_harness_not_covered
notmrk|Point|Paper|2660|30728,NOTMRK,partial,ordinary_s57,harness_only_partial,109-s52-harness-and-standalone-proof,ADDMRK01,only remaining degraded reason is missing repository-owned harness/reference evidence,30728,2660,Point,Paper,s52_point_notmrk_paper_rcid_30728,scene_harness_not_covered
notmrk|Point|Paper|2661|30729,NOTMRK,partial,ordinary_s57,harness_only_partial,109-s52-harness-and-standalone-proof,ADDMRK02,only remaining degraded reason is missing repository-owned harness/reference evidence,30729,2661,Point,Paper,s52_point_notmrk_paper_rcid_30729,scene_harness_not_covered
notmrk|Point|Paper|2662|30730,NOTMRK,partial,ordinary_s57,harness_only_partial,109-s52-harness-and-standalone-proof,ADDMRK01,only remaining degraded reason is missing repository-owned harness/reference evidence,30730,2662,Point,Paper,s52_point_notmrk_paper_rcid_30730,scene_harness_not_covered
notmrk|Point|Paper|2663|30731,NOTMRK,partial,ordinary_s57,harness_only_partial,109-s52-harness-and-standalone-proof,ADDMRK02,only remaining degraded reason is missing repository-owned harness/reference evidence,30731,2663,Point,Paper,s52_point_notmrk_paper_rcid_30731,scene_harness_not_covered
notmrk|Point|Paper|2664|30732,NOTMRK,partial,ordinary_s57,harness_only_partial,109-s52-harness-and-standalone-proof,ADDMRK01,only remaining degraded reason is missing repository-owned harness/reference evidence,30732,2664,Point,Paper,s52_point_notmrk_paper_rcid_30732,scene_harness_not_covered
notmrk|Point|Paper|2665|30733,NOTMRK,partial,ordinary_s57,harness_only_partial,109-s52-harness-and-standalone-proof,ADDMRK02,only remaining degraded reason is missing repository-owned harness/reference evidence,30733,2665,Point,Paper,s52_point_notmrk_paper_rcid_30733,scene_harness_not_covered
notmrk|Point|Paper|2666|30734,NOTMRK,partial,ordinary_s57,harness_only_partial,109-s52-harness-and-standalone-proof,ADDMRK01,only remaining degraded reason is missing repository-owned harness/reference evidence,30734,2666,Point,Paper,s52_point_notmrk_paper_rcid_30734,scene_harness_not_covered
notmrk|Point|Paper|2667|30735,NOTMRK,partial,ordinary_s57,harness_only_partial,109-s52-harness-and-standalone-proof,ADDMRK01,only remaining degraded reason is missing repository-owned harness/reference evidence,30735,2667,Point,Paper,s52_point_notmrk_paper_rcid_30735,scene_harness_not_covered
notmrk|Point|Paper|2668|30736,NOTMRK,partial,ordinary_s57,harness_only_partial,109-s52-harness-and-standalone-proof,ADDMRK01,only remaining degraded reason is missing repository-owned harness/reference evidence,30736,2668,Point,Paper,s52_point_notmrk_paper_rcid_30736,scene_harness_not_covered
notmrk|Point|Paper|2669|30737,NOTMRK,partial,ordinary_s57,harness_only_partial,109-s52-harness-and-standalone-proof,ADDMRK02,only remaining degraded reason is missing repository-owned harness/reference evidence,30737,2669,Point,Paper,s52_point_notmrk_paper_rcid_30737,scene_harness_not_covered
notmrk|Point|Paper|2670|30738,NOTMRK,partial,ordinary_s57,harness_only_partial,109-s52-harness-and-standalone-proof,ADDMRK05,only remaining degraded reason is missing repository-owned harness/reference evidence,30738,2670,Point,Paper,s52_point_notmrk_paper_rcid_30738,scene_harness_not_covered
notmrk|Point|Paper|2671|30739,NOTMRK,partial,ordinary_s57,harness_only_partial,109-s52-harness-and-standalone-proof,ADDMRK05,only remaining degraded reason is missing repository-owned harness/reference evidence,30739,2671,Point,Paper,s52_point_notmrk_paper_rcid_30739,scene_harness_not_covered
notmrk|Point|Paper|2672|30740,NOTMRK,partial,ordinary_s57,harness_only_partial,109-s52-harness-and-standalone-proof,ADDMRK05,only remaining degraded reason is missing repository-owned harness/reference evidence,30740,2672,Point,Paper,s52_point_notmrk_paper_rcid_30740,scene_harness_not_covered
notmrk|Point|Paper|2673|30741,NOTMRK,partial,ordinary_s57,harness_only_partial,109-s52-harness-and-standalone-proof,ADDMRK05,only remaining degraded reason is missing repository-owned harness/reference evidence,30741,2673,Point,Paper,s52_point_notmrk_paper_rcid_30741,scene_harness_not_covered
notmrk|Point|Paper|2674|30742,NOTMRK,partial,ordinary_s57,harness_only_partial,109-s52-harness-and-standalone-proof,ADDMRK05,only remaining degraded reason is missing repository-owned harness/reference evidence,30742,2674,Point,Paper,s52_point_notmrk_paper_rcid_30742,scene_harness_not_covered
notmrk|Point|Paper|2675|30743,NOTMRK,partial,ordinary_s57,harness_only_partial,109-s52-harness-and-standalone-proof,ADDMRK01,only remaining degraded reason is missing repository-owned harness/reference evidence,30743,2675,Point,Paper,s52_point_notmrk_paper_rcid_30743,scene_harness_not_covered
notmrk|Point|Paper|2676|30744,NOTMRK,partial,ordinary_s57,harness_only_partial,109-s52-harness-and-standalone-proof,ADDMRK02,only remaining degraded reason is missing repository-owned harness/reference evidence,30744,2676,Point,Paper,s52_point_notmrk_paper_rcid_30744,scene_harness_not_covered
notmrk|Point|Paper|2677|30745,NOTMRK,partial,ordinary_s57,harness_only_partial,109-s52-harness-and-standalone-proof,ADDMRK01,only remaining degraded reason is missing repository-owned harness/reference evidence,30745,2677,Point,Paper,s52_point_notmrk_paper_rcid_30745,scene_harness_not_covered
notmrk|Point|Paper|2678|30746,NOTMRK,partial,ordinary_s57,harness_only_partial,109-s52-harness-and-standalone-proof,ADDMRK02,only remaining degraded reason is missing repository-owned harness/reference evidence,30746,2678,Point,Paper,s52_point_notmrk_paper_rcid_30746,scene_harness_not_covered
notmrk|Point|Paper|2679|30747,NOTMRK,partial,ordinary_s57,harness_only_partial,109-s52-harness-and-standalone-proof,ADDMRK01,only remaining degraded reason is missing repository-owned harness/reference evidence,30747,2679,Point,Paper,s52_point_notmrk_paper_rcid_30747,scene_harness_not_covered
notmrk|Point|Paper|2680|30748,NOTMRK,partial,ordinary_s57,harness_only_partial,109-s52-harness-and-standalone-proof,ADDMRK02,only remaining degraded reason is missing repository-owned harness/reference evidence,30748,2680,Point,Paper,s52_point_notmrk_paper_rcid_30748,scene_harness_not_covered
notmrk|Point|Paper|2681|30749,NOTMRK,partial,ordinary_s57,harness_only_partial,109-s52-harness-and-standalone-proof,ADDMRK01,only remaining degraded reason is missing repository-owned harness/reference evidence,30749,2681,Point,Paper,s52_point_notmrk_paper_rcid_30749,scene_harness_not_covered
notmrk|Point|Paper|2682|30750,NOTMRK,partial,ordinary_s57,harness_only_partial,109-s52-harness-and-standalone-proof,ADDMRK02,only remaining degraded reason is missing repository-owned harness/reference evidence,30750,2682,Point,Paper,s52_point_notmrk_paper_rcid_30750,scene_harness_not_covered
notmrk|Point|Paper|2683|30751,NOTMRK,partial,ordinary_s57,harness_only_partial,109-s52-harness-and-standalone-proof,ADDMRK01,only remaining degraded reason is missing repository-owned harness/reference evidence,30751,2683,Point,Paper,s52_point_notmrk_paper_rcid_30751,scene_harness_not_covered
notmrk|Point|Paper|2684|30752,NOTMRK,partial,ordinary_s57,harness_only_partial,109-s52-harness-and-standalone-proof,ADDMRK02,only remaining degraded reason is missing repository-owned harness/reference evidence,30752,2684,Point,Paper,s52_point_notmrk_paper_rcid_30752,scene_harness_not_covered
notmrk|Point|Paper|2685|30753,NOTMRK,partial,ordinary_s57,harness_only_partial,109-s52-harness-and-standalone-proof,ADDMRK05,only remaining degraded reason is missing repository-owned harness/reference evidence,30753,2685,Point,Paper,s52_point_notmrk_paper_rcid_30753,scene_harness_not_covered
notmrk|Point|Paper|2686|30754,NOTMRK,partial,ordinary_s57,harness_only_partial,109-s52-harness-and-standalone-proof,ADDMRK01,only remaining degraded reason is missing repository-owned harness/reference evidence,30754,2686,Point,Paper,s52_point_notmrk_paper_rcid_30754,scene_harness_not_covered
notmrk|Point|Paper|2687|30755,NOTMRK,partial,ordinary_s57,harness_only_partial,109-s52-harness-and-standalone-proof,ADDMRK02,only remaining degraded reason is missing repository-owned harness/reference evidence,30755,2687,Point,Paper,s52_point_notmrk_paper_rcid_30755,scene_harness_not_covered
notmrk|Point|Paper|2688|30756,NOTMRK,partial,ordinary_s57,harness_only_partial,109-s52-harness-and-standalone-proof,ADDMRK01,only remaining degraded reason is missing repository-owned harness/reference evidence,30756,2688,Point,Paper,s52_point_notmrk_paper_rcid_30756,scene_harness_not_covered
notmrk|Point|Paper|2689|30757,NOTMRK,partial,ordinary_s57,harness_only_partial,109-s52-harness-and-standalone-proof,ADDMRK02,only remaining degraded reason is missing repository-owned harness/reference evidence,30757,2689,Point,Paper,s52_point_notmrk_paper_rcid_30757,scene_harness_not_covered
notmrk|Point|Paper|2690|30758,NOTMRK,partial,ordinary_s57,harness_only_partial,109-s52-harness-and-standalone-proof,NMKINF48,only remaining degraded reason is missing repository-owned harness/reference evidence,30758,2690,Point,Paper,s52_point_notmrk_paper_rcid_30758,scene_harness_not_covered
notmrk|Point|Paper|2691|30759,NOTMRK,partial,ordinary_s57,harness_only_partial,109-s52-harness-and-standalone-proof,NMKINF49,only remaining degraded reason is missing repository-owned harness/reference evidence,30759,2691,Point,Paper,s52_point_notmrk_paper_rcid_30759,scene_harness_not_covered
notmrk|Point|Paper|2692|30760,NOTMRK,partial,ordinary_s57,harness_only_partial,109-s52-harness-and-standalone-proof,NMKINF50,only remaining degraded reason is missing repository-owned harness/reference evidence,30760,2692,Point,Paper,s52_point_notmrk_paper_rcid_30760,scene_harness_not_covered
notmrk|Point|Paper|2693|30761,NOTMRK,partial,ordinary_s57,harness_only_partial,109-s52-harness-and-standalone-proof,NMKREG01,only remaining degraded reason is missing repository-owned harness/reference evidence,30761,2693,Point,Paper,s52_point_notmrk_paper_rcid_30761,scene_harness_not_covered
notmrk|Point|Paper|2694|30762,NOTMRK,partial,ordinary_s57,harness_only_partial,109-s52-harness-and-standalone-proof,NMKREG01,only remaining degraded reason is missing repository-owned harness/reference evidence,30762,2694,Point,Paper,s52_point_notmrk_paper_rcid_30762,scene_harness_not_covered
notmrk|Point|Paper|2695|30763,NOTMRK,partial,ordinary_s57,harness_only_partial,109-s52-harness-and-standalone-proof,NMKPRH10,only remaining degraded reason is missing repository-owned harness/reference evidence,30763,2695,Point,Paper,s52_point_notmrk_paper_rcid_30763,scene_harness_not_covered
notmrk|Point|Paper|2696|30764,NOTMRK,partial,ordinary_s57,harness_only_partial,109-s52-harness-and-standalone-proof,NMKPRH11,only remaining degraded reason is missing repository-owned harness/reference evidence,30764,2696,Point,Paper,s52_point_notmrk_paper_rcid_30764,scene_harness_not_covered
notmrk|Point|Paper|2697|30765,NOTMRK,partial,ordinary_s57,harness_only_partial,109-s52-harness-and-standalone-proof,NMKPRH12,only remaining degraded reason is missing repository-owned harness/reference evidence,30765,2697,Point,Paper,s52_point_notmrk_paper_rcid_30765,scene_harness_not_covered
notmrk|Point|Paper|2698|30766,NOTMRK,partial,ordinary_s57,harness_only_partial,109-s52-harness-and-standalone-proof,NMKPRH13,only remaining degraded reason is missing repository-owned harness/reference evidence,30766,2698,Point,Paper,s52_point_notmrk_paper_rcid_30766,scene_harness_not_covered
notmrk|Point|Paper|2699|30767,NOTMRK,partial,ordinary_s57,harness_only_partial,109-s52-harness-and-standalone-proof,NMKREG02,only remaining degraded reason is missing repository-owned harness/reference evidence,30767,2699,Point,Paper,s52_point_notmrk_paper_rcid_30767,scene_harness_not_covered
notmrk|Point|Paper|2700|30768,NOTMRK,partial,ordinary_s57,harness_only_partial,109-s52-harness-and-standalone-proof,NMKREG03,only remaining degraded reason is missing repository-owned harness/reference evidence,30768,2700,Point,Paper,s52_point_notmrk_paper_rcid_30768,scene_harness_not_covered
notmrk|Point|Paper|2701|30769,NOTMRK,partial,ordinary_s57,harness_only_partial,109-s52-harness-and-standalone-proof,NMKREG10,only remaining degraded reason is missing repository-owned harness/reference evidence,30769,2701,Point,Paper,s52_point_notmrk_paper_rcid_30769,scene_harness_not_covered
notmrk|Point|Paper|2702|30770,NOTMRK,partial,ordinary_s57,harness_only_partial,109-s52-harness-and-standalone-proof,ADDMRK05,only remaining degraded reason is missing repository-owned harness/reference evidence,30770,2702,Point,Paper,s52_point_notmrk_paper_rcid_30770,scene_harness_not_covered
notmrk|Point|Paper|2703|30771,NOTMRK,partial,ordinary_s57,harness_only_partial,109-s52-harness-and-standalone-proof,NMKREG11,only remaining degraded reason is missing repository-owned harness/reference evidence,30771,2703,Point,Paper,s52_point_notmrk_paper_rcid_30771,scene_harness_not_covered
notmrk|Point|Paper|2704|30772,NOTMRK,partial,ordinary_s57,harness_only_partial,109-s52-harness-and-standalone-proof,NMKREG12,only remaining degraded reason is missing repository-owned harness/reference evidence,30772,2704,Point,Paper,s52_point_notmrk_paper_rcid_30772,scene_harness_not_covered
notmrk|Point|Paper|2705|30773,NOTMRK,partial,ordinary_s57,harness_only_partial,109-s52-harness-and-standalone-proof,NMKREG13,only remaining degraded reason is missing repository-owned harness/reference evidence,30773,2705,Point,Paper,s52_point_notmrk_paper_rcid_30773,scene_harness_not_covered
notmrk|Point|Paper|2706|30774,NOTMRK,partial,ordinary_s57,harness_only_partial,109-s52-harness-and-standalone-proof,NMKREG14,only remaining degraded reason is missing repository-owned harness/reference evidence,30774,2706,Point,Paper,s52_point_notmrk_paper_rcid_30774,scene_harness_not_covered
notmrk|Point|Paper|2707|30775,NOTMRK,partial,ordinary_s57,harness_only_partial,109-s52-harness-and-standalone-proof,NMKREG15,only remaining degraded reason is missing repository-owned harness/reference evidence,30775,2707,Point,Paper,s52_point_notmrk_paper_rcid_30775,scene_harness_not_covered
notmrk|Point|Paper|2708|30776,NOTMRK,partial,ordinary_s57,harness_only_partial,109-s52-harness-and-standalone-proof,NMKREG16,only remaining degraded reason is missing repository-owned harness/reference evidence,30776,2708,Point,Paper,s52_point_notmrk_paper_rcid_30776,scene_harness_not_covered
notmrk|Point|Paper|2709|30777,NOTMRK,partial,ordinary_s57,harness_only_partial,109-s52-harness-and-standalone-proof,NMKREG17,only remaining degraded reason is missing repository-owned harness/reference evidence,30777,2709,Point,Paper,s52_point_notmrk_paper_rcid_30777,scene_harness_not_covered
notmrk|Point|Paper|2710|30778,NOTMRK,partial,ordinary_s57,harness_only_partial,109-s52-harness-and-standalone-proof,ADDMRK05,only remaining degraded reason is missing repository-owned harness/reference evidence,30778,2710,Point,Paper,s52_point_notmrk_paper_rcid_30778,scene_harness_not_covered
notmrk|Point|Paper|2711|30779,NOTMRK,partial,ordinary_s57,harness_only_partial,109-s52-harness-and-standalone-proof,NMKREG19,only remaining degraded reason is missing repository-owned harness/reference evidence,30779,2711,Point,Paper,s52_point_notmrk_paper_rcid_30779,scene_harness_not_covered
notmrk|Point|Paper|2712|30780,NOTMRK,partial,ordinary_s57,harness_only_partial,109-s52-harness-and-standalone-proof,NMKREG20,only remaining degraded reason is missing repository-owned harness/reference evidence,30780,2712,Point,Paper,s52_point_notmrk_paper_rcid_30780,scene_harness_not_covered
notmrk|Point|Paper|2713|30781,NOTMRK,partial,ordinary_s57,harness_only_partial,109-s52-harness-and-standalone-proof,NMKRCD01,only remaining degraded reason is missing repository-owned harness/reference evidence,30781,2713,Point,Paper,s52_point_notmrk_paper_rcid_30781,scene_harness_not_covered
notmrk|Point|Paper|2714|30782,NOTMRK,partial,ordinary_s57,harness_only_partial,109-s52-harness-and-standalone-proof,NMKRCD02,only remaining degraded reason is missing repository-owned harness/reference evidence,30782,2714,Point,Paper,s52_point_notmrk_paper_rcid_30782,scene_harness_not_covered
notmrk|Point|Paper|2715|30783,NOTMRK,partial,ordinary_s57,harness_only_partial,109-s52-harness-and-standalone-proof,NMKRCD03,only remaining degraded reason is missing repository-owned harness/reference evidence,30783,2715,Point,Paper,s52_point_notmrk_paper_rcid_30783,scene_harness_not_covered
notmrk|Point|Paper|2716|30784,NOTMRK,partial,ordinary_s57,harness_only_partial,109-s52-harness-and-standalone-proof,NMKRCD04,only remaining degraded reason is missing repository-owned harness/reference evidence,30784,2716,Point,Paper,s52_point_notmrk_paper_rcid_30784,scene_harness_not_covered
notmrk|Point|Paper|2717|30785,NOTMRK,partial,ordinary_s57,harness_only_partial,109-s52-harness-and-standalone-proof,NMKRCD05,only remaining degraded reason is missing repository-owned harness/reference evidence,30785,2717,Point,Paper,s52_point_notmrk_paper_rcid_30785,scene_harness_not_covered
notmrk|Point|Paper|2718|30786,NOTMRK,partial,ordinary_s57,harness_only_partial,109-s52-harness-and-standalone-proof,NMKRCD06,only remaining degraded reason is missing repository-owned harness/reference evidence,30786,2718,Point,Paper,s52_point_notmrk_paper_rcid_30786,scene_harness_not_covered
notmrk|Point|Paper|2719|30787,NOTMRK,partial,ordinary_s57,harness_only_partial,109-s52-harness-and-standalone-proof,NMKINF01,only remaining degraded reason is missing repository-owned harness/reference evidence,30787,2719,Point,Paper,s52_point_notmrk_paper_rcid_30787,scene_harness_not_covered
notmrk|Point|Paper|2720|30788,NOTMRK,partial,ordinary_s57,harness_only_partial,109-s52-harness-and-standalone-proof,NMKINF02,only remaining degraded reason is missing repository-owned harness/reference evidence,30788,2720,Point,Paper,s52_point_notmrk_paper_rcid_30788,scene_harness_not_covered
notmrk|Point|Paper|2721|30789,NOTMRK,partial,ordinary_s57,harness_only_partial,109-s52-harness-and-standalone-proof,NMKINF03,only remaining degraded reason is missing repository-owned harness/reference evidence,30789,2721,Point,Paper,s52_point_notmrk_paper_rcid_30789,scene_harness_not_covered
notmrk|Point|Paper|2722|30790,NOTMRK,partial,ordinary_s57,harness_only_partial,109-s52-harness-and-standalone-proof,NMKINF04,only remaining degraded reason is missing repository-owned harness/reference evidence,30790,2722,Point,Paper,s52_point_notmrk_paper_rcid_30790,scene_harness_not_covered
notmrk|Point|Paper|2723|30791,NOTMRK,partial,ordinary_s57,harness_only_partial,109-s52-harness-and-standalone-proof,NMKINF05,only remaining degraded reason is missing repository-owned harness/reference evidence,30791,2723,Point,Paper,s52_point_notmrk_paper_rcid_30791,scene_harness_not_covered
notmrk|Point|Paper|2724|30792,NOTMRK,partial,ordinary_s57,harness_only_partial,109-s52-harness-and-standalone-proof,NMKINF06,only remaining degraded reason is missing repository-owned harness/reference evidence,30792,2724,Point,Paper,s52_point_notmrk_paper_rcid_30792,scene_harness_not_covered
notmrk|Point|Paper|2725|30793,NOTMRK,partial,ordinary_s57,harness_only_partial,109-s52-harness-and-standalone-proof,NMKINF06,only remaining degraded reason is missing repository-owned harness/reference evidence,30793,2725,Point,Paper,s52_point_notmrk_paper_rcid_30793,scene_harness_not_covered
notmrk|Point|Paper|2726|30794,NOTMRK,partial,ordinary_s57,harness_only_partial,109-s52-harness-and-standalone-proof,NMKINF53,only remaining degraded reason is missing repository-owned harness/reference evidence,30794,2726,Point,Paper,s52_point_notmrk_paper_rcid_30794,scene_harness_not_covered
notmrk|Point|Paper|2727|30795,NOTMRK,partial,ordinary_s57,harness_only_partial,109-s52-harness-and-standalone-proof,NMKINF19,only remaining degraded reason is missing repository-owned harness/reference evidence,30795,2727,Point,Paper,s52_point_notmrk_paper_rcid_30795,scene_harness_not_covered
notmrk|Point|Paper|2728|30796,NOTMRK,partial,ordinary_s57,harness_only_partial,109-s52-harness-and-standalone-proof,NMKINF20,only remaining degraded reason is missing repository-owned harness/reference evidence,30796,2728,Point,Paper,s52_point_notmrk_paper_rcid_30796,scene_harness_not_covered
notmrk|Point|Paper|2729|30797,NOTMRK,partial,ordinary_s57,harness_only_partial,109-s52-harness-and-standalone-proof,NMKINF21,only remaining degraded reason is missing repository-owned harness/reference evidence,30797,2729,Point,Paper,s52_point_notmrk_paper_rcid_30797,scene_harness_not_covered
notmrk|Point|Paper|2730|30798,NOTMRK,partial,ordinary_s57,harness_only_partial,109-s52-harness-and-standalone-proof,NMKINF22,only remaining degraded reason is missing repository-owned harness/reference evidence,30798,2730,Point,Paper,s52_point_notmrk_paper_rcid_30798,scene_harness_not_covered
notmrk|Point|Paper|2731|30799,NOTMRK,partial,ordinary_s57,harness_only_partial,109-s52-harness-and-standalone-proof,NMKINF23,only remaining degraded reason is missing repository-owned harness/reference evidence,30799,2731,Point,Paper,s52_point_notmrk_paper_rcid_30799,scene_harness_not_covered
notmrk|Point|Paper|2732|30800,NOTMRK,partial,ordinary_s57,harness_only_partial,109-s52-harness-and-standalone-proof,NMKINF24,only remaining degraded reason is missing repository-owned harness/reference evidence,30800,2732,Point,Paper,s52_point_notmrk_paper_rcid_30800,scene_harness_not_covered
notmrk|Point|Paper|2733|30801,NOTMRK,partial,ordinary_s57,harness_only_partial,109-s52-harness-and-standalone-proof,NMKINF25,only remaining degraded reason is missing repository-owned harness/reference evidence,30801,2733,Point,Paper,s52_point_notmrk_paper_rcid_30801,scene_harness_not_covered
notmrk|Point|Paper|2734|30802,NOTMRK,partial,ordinary_s57,harness_only_partial,109-s52-harness-and-standalone-proof,NMKINF26,only remaining degraded reason is missing repository-owned harness/reference evidence,30802,2734,Point,Paper,s52_point_notmrk_paper_rcid_30802,scene_harness_not_covered
notmrk|Point|Paper|2735|30803,NOTMRK,partial,ordinary_s57,harness_only_partial,109-s52-harness-and-standalone-proof,NMKINF27,only remaining degraded reason is missing repository-owned harness/reference evidence,30803,2735,Point,Paper,s52_point_notmrk_paper_rcid_30803,scene_harness_not_covered
notmrk|Point|Paper|2736|30804,NOTMRK,partial,ordinary_s57,harness_only_partial,109-s52-harness-and-standalone-proof,NMKINF28,only remaining degraded reason is missing repository-owned harness/reference evidence,30804,2736,Point,Paper,s52_point_notmrk_paper_rcid_30804,scene_harness_not_covered
notmrk|Point|Paper|2737|30805,NOTMRK,partial,ordinary_s57,harness_only_partial,109-s52-harness-and-standalone-proof,NMKINF29,only remaining degraded reason is missing repository-owned harness/reference evidence,30805,2737,Point,Paper,s52_point_notmrk_paper_rcid_30805,scene_harness_not_covered
notmrk|Point|Paper|2738|30806,NOTMRK,partial,ordinary_s57,harness_only_partial,109-s52-harness-and-standalone-proof,NMKINF38,only remaining degraded reason is missing repository-owned harness/reference evidence,30806,2738,Point,Paper,s52_point_notmrk_paper_rcid_30806,scene_harness_not_covered
notmrk|Point|Paper|2739|30807,NOTMRK,partial,ordinary_s57,harness_only_partial,109-s52-harness-and-standalone-proof,NMKINF43,only remaining degraded reason is missing repository-owned harness/reference evidence,30807,2739,Point,Paper,s52_point_notmrk_paper_rcid_30807,scene_harness_not_covered
notmrk|Point|Paper|2740|30808,NOTMRK,partial,ordinary_s57,harness_only_partial,109-s52-harness-and-standalone-proof,NMKINF44,only remaining degraded reason is missing repository-owned harness/reference evidence,30808,2740,Point,Paper,s52_point_notmrk_paper_rcid_30808,scene_harness_not_covered
notmrk|Point|Paper|2741|30809,NOTMRK,partial,ordinary_s57,harness_only_partial,109-s52-harness-and-standalone-proof,NMKINF45,only remaining degraded reason is missing repository-owned harness/reference evidence,30809,2741,Point,Paper,s52_point_notmrk_paper_rcid_30809,scene_harness_not_covered
notmrk|Point|Paper|2742|30810,NOTMRK,partial,ordinary_s57,harness_only_partial,109-s52-harness-and-standalone-proof,NMKINF46,only remaining degraded reason is missing repository-owned harness/reference evidence,30810,2742,Point,Paper,s52_point_notmrk_paper_rcid_30810,scene_harness_not_covered
notmrk|Point|Paper|2743|30811,NOTMRK,partial,ordinary_s57,harness_only_partial,109-s52-harness-and-standalone-proof,NMKINF47,only remaining degraded reason is missing repository-owned harness/reference evidence,30811,2743,Point,Paper,s52_point_notmrk_paper_rcid_30811,scene_harness_not_covered
notmrk|Point|Paper|2744|30812,NOTMRK,partial,ordinary_s57,harness_only_partial,109-s52-harness-and-standalone-proof,NMKPRH02,only remaining degraded reason is missing repository-owned harness/reference evidence,30812,2744,Point,Paper,s52_point_notmrk_paper_rcid_30812,scene_harness_not_covered
notmrk|Point|Paper|2745|30813,NOTMRK,partial,ordinary_s57,harness_only_partial,109-s52-harness-and-standalone-proof,NMKPRH06,only remaining degraded reason is missing repository-owned harness/reference evidence,30813,2745,Point,Paper,s52_point_notmrk_paper_rcid_30813,scene_harness_not_covered
notmrk|Point|Paper|2746|30814,NOTMRK,partial,ordinary_s57,harness_only_partial,109-s52-harness-and-standalone-proof,NMKPRH07,only remaining degraded reason is missing repository-owned harness/reference evidence,30814,2746,Point,Paper,s52_point_notmrk_paper_rcid_30814,scene_harness_not_covered
notmrk|Point|Paper|2747|30815,NOTMRK,partial,ordinary_s57,harness_only_partial,109-s52-harness-and-standalone-proof,NMKPRH08,only remaining degraded reason is missing repository-owned harness/reference evidence,30815,2747,Point,Paper,s52_point_notmrk_paper_rcid_30815,scene_harness_not_covered
notmrk|Point|Paper|2748|30816,NOTMRK,partial,ordinary_s57,harness_only_partial,109-s52-harness-and-standalone-proof,NMKPRH12,only remaining degraded reason is missing repository-owned harness/reference evidence,30816,2748,Point,Paper,s52_point_notmrk_paper_rcid_30816,scene_harness_not_covered
notmrk|Point|Paper|2749|30817,NOTMRK,partial,ordinary_s57,harness_only_partial,109-s52-harness-and-standalone-proof,NMKPRH13,only remaining degraded reason is missing repository-owned harness/reference evidence,30817,2749,Point,Paper,s52_point_notmrk_paper_rcid_30817,scene_harness_not_covered
notmrk|Point|Paper|2750|30818,NOTMRK,partial,ordinary_s57,harness_only_partial,109-s52-harness-and-standalone-proof,NMKPRH14,only remaining degraded reason is missing repository-owned harness/reference evidence,30818,2750,Point,Paper,s52_point_notmrk_paper_rcid_30818,scene_harness_not_covered
notmrk|Point|Paper|2751|30819,NOTMRK,partial,ordinary_s57,harness_only_partial,109-s52-harness-and-standalone-proof,NMKRCD01,only remaining degraded reason is missing repository-owned harness/reference evidence,30819,2751,Point,Paper,s52_point_notmrk_paper_rcid_30819,scene_harness_not_covered
notmrk|Point|Paper|2752|30820,NOTMRK,partial,ordinary_s57,harness_only_partial,109-s52-harness-and-standalone-proof,NMKRCD02,only remaining degraded reason is missing repository-owned harness/reference evidence,30820,2752,Point,Paper,s52_point_notmrk_paper_rcid_30820,scene_harness_not_covered
notmrk|Point|Paper|2753|30821,NOTMRK,partial,ordinary_s57,harness_only_partial,109-s52-harness-and-standalone-proof,NMKRCD03,only remaining degraded reason is missing repository-owned harness/reference evidence,30821,2753,Point,Paper,s52_point_notmrk_paper_rcid_30821,scene_harness_not_covered
notmrk|Point|Paper|2754|30822,NOTMRK,partial,ordinary_s57,harness_only_partial,109-s52-harness-and-standalone-proof,NMKRCD04,only remaining degraded reason is missing repository-owned harness/reference evidence,30822,2754,Point,Paper,s52_point_notmrk_paper_rcid_30822,scene_harness_not_covered
notmrk|Point|Paper|2755|30823,NOTMRK,partial,ordinary_s57,harness_only_partial,109-s52-harness-and-standalone-proof,NMKINF01,only remaining degraded reason is missing repository-owned harness/reference evidence,30823,2755,Point,Paper,s52_point_notmrk_paper_rcid_30823,scene_harness_not_covered
notmrk|Point|Paper|2756|30824,NOTMRK,partial,ordinary_s57,harness_only_partial,109-s52-harness-and-standalone-proof,NMKINF40,only remaining degraded reason is missing repository-owned harness/reference evidence,30824,2756,Point,Paper,s52_point_notmrk_paper_rcid_30824,scene_harness_not_covered
notmrk|Point|Paper|2757|30825,NOTMRK,partial,ordinary_s57,harness_only_partial,109-s52-harness-and-standalone-proof,NMKPRH02,only remaining degraded reason is missing repository-owned harness/reference evidence,30825,2757,Point,Paper,s52_point_notmrk_paper_rcid_30825,scene_harness_not_covered
notmrk|Point|Paper|2758|30826,NOTMRK,partial,ordinary_s57,harness_only_partial,109-s52-harness-and-standalone-proof,NOTMRK01,only remaining degraded reason is missing repository-owned harness/reference evidence,30826,2758,Point,Paper,s52_point_notmrk_paper_rcid_30826,scene_harness_not_covered
notmrk|Point|Paper|2759|30827,NOTMRK,partial,ordinary_s57,harness_only_partial,109-s52-harness-and-standalone-proof,NOTMRK02,only remaining degraded reason is missing repository-owned harness/reference evidence,30827,2759,Point,Paper,s52_point_notmrk_paper_rcid_30827,scene_harness_not_covered
notmrk|Point|Paper|2760|30828,NOTMRK,partial,ordinary_s57,harness_only_partial,109-s52-harness-and-standalone-proof,NOTMRK03,only remaining degraded reason is missing repository-owned harness/reference evidence,30828,2760,Point,Paper,s52_point_notmrk_paper_rcid_30828,scene_harness_not_covered
notmrk|Point|Paper|2761|30829,NOTMRK,partial,ordinary_s57,harness_only_partial,109-s52-harness-and-standalone-proof,NOTMRK02,only remaining degraded reason is missing repository-owned harness/reference evidence,30829,2761,Point,Paper,s52_point_notmrk_paper_rcid_30829,scene_harness_not_covered
notmrk|Point|Simplified|1428|31480,NOTMRK,partial,ordinary_s57,harness_only_partial,109-s52-harness-and-standalone-proof,ADDMRK01,only remaining degraded reason is missing repository-owned harness/reference evidence,31480,1428,Point,Simplified,s52_point_notmrk_simplified_rcid_31480,scene_harness_not_covered
notmrk|Point|Simplified|1429|31481,NOTMRK,partial,ordinary_s57,harness_only_partial,109-s52-harness-and-standalone-proof,ADDMRK01,only remaining degraded reason is missing repository-owned harness/reference evidence,31481,1429,Point,Simplified,s52_point_notmrk_simplified_rcid_31481,scene_harness_not_covered
notmrk|Point|Simplified|1430|31482,NOTMRK,partial,ordinary_s57,harness_only_partial,109-s52-harness-and-standalone-proof,ADDMRK01,only remaining degraded reason is missing repository-owned harness/reference evidence,31482,1430,Point,Simplified,s52_point_notmrk_simplified_rcid_31482,scene_harness_not_covered
notmrk|Point|Simplified|1431|31483,NOTMRK,partial,ordinary_s57,harness_only_partial,109-s52-harness-and-standalone-proof,ADDMRK02,only remaining degraded reason is missing repository-owned harness/reference evidence,31483,1431,Point,Simplified,s52_point_notmrk_simplified_rcid_31483,scene_harness_not_covered
notmrk|Point|Simplified|1432|31484,NOTMRK,partial,ordinary_s57,harness_only_partial,109-s52-harness-and-standalone-proof,ADDMRK01,only remaining degraded reason is missing repository-owned harness/reference evidence,31484,1432,Point,Simplified,s52_point_notmrk_simplified_rcid_31484,scene_harness_not_covered
notmrk|Point|Simplified|1433|31485,NOTMRK,partial,ordinary_s57,harness_only_partial,109-s52-harness-and-standalone-proof,ADDMRK02,only remaining degraded reason is missing repository-owned harness/reference evidence,31485,1433,Point,Simplified,s52_point_notmrk_simplified_rcid_31485,scene_harness_not_covered
notmrk|Point|Simplified|1434|31486,NOTMRK,partial,ordinary_s57,harness_only_partial,109-s52-harness-and-standalone-proof,ADDMRK01,only remaining degraded reason is missing repository-owned harness/reference evidence,31486,1434,Point,Simplified,s52_point_notmrk_simplified_rcid_31486,scene_harness_not_covered
notmrk|Point|Simplified|1435|31487,NOTMRK,partial,ordinary_s57,harness_only_partial,109-s52-harness-and-standalone-proof,ADDMRK02,only remaining degraded reason is missing repository-owned harness/reference evidence,31487,1435,Point,Simplified,s52_point_notmrk_simplified_rcid_31487,scene_harness_not_covered
notmrk|Point|Simplified|1436|31488,NOTMRK,partial,ordinary_s57,harness_only_partial,109-s52-harness-and-standalone-proof,ADDMRK01,only remaining degraded reason is missing repository-owned harness/reference evidence,31488,1436,Point,Simplified,s52_point_notmrk_simplified_rcid_31488,scene_harness_not_covered
notmrk|Point|Simplified|1437|31489,NOTMRK,partial,ordinary_s57,harness_only_partial,109-s52-harness-and-standalone-proof,ADDMRK02,only remaining degraded reason is missing repository-owned harness/reference evidence,31489,1437,Point,Simplified,s52_point_notmrk_simplified_rcid_31489,scene_harness_not_covered
notmrk|Point|Simplified|1438|31490,NOTMRK,partial,ordinary_s57,harness_only_partial,109-s52-harness-and-standalone-proof,ADDMRK01,only remaining degraded reason is missing repository-owned harness/reference evidence,31490,1438,Point,Simplified,s52_point_notmrk_simplified_rcid_31490,scene_harness_not_covered
notmrk|Point|Simplified|1439|31491,NOTMRK,partial,ordinary_s57,harness_only_partial,109-s52-harness-and-standalone-proof,ADDMRK01,only remaining degraded reason is missing repository-owned harness/reference evidence,31491,1439,Point,Simplified,s52_point_notmrk_simplified_rcid_31491,scene_harness_not_covered
notmrk|Point|Simplified|1440|31492,NOTMRK,partial,ordinary_s57,harness_only_partial,109-s52-harness-and-standalone-proof,ADDMRK01,only remaining degraded reason is missing repository-owned harness/reference evidence,31492,1440,Point,Simplified,s52_point_notmrk_simplified_rcid_31492,scene_harness_not_covered
notmrk|Point|Simplified|1441|31493,NOTMRK,partial,ordinary_s57,harness_only_partial,109-s52-harness-and-standalone-proof,ADDMRK02,only remaining degraded reason is missing repository-owned harness/reference evidence,31493,1441,Point,Simplified,s52_point_notmrk_simplified_rcid_31493,scene_harness_not_covered
notmrk|Point|Simplified|1442|31494,NOTMRK,partial,ordinary_s57,harness_only_partial,109-s52-harness-and-standalone-proof,ADDMRK05,only remaining degraded reason is missing repository-owned harness/reference evidence,31494,1442,Point,Simplified,s52_point_notmrk_simplified_rcid_31494,scene_harness_not_covered
notmrk|Point|Simplified|1443|31495,NOTMRK,partial,ordinary_s57,harness_only_partial,109-s52-harness-and-standalone-proof,ADDMRK05,only remaining degraded reason is missing repository-owned harness/reference evidence,31495,1443,Point,Simplified,s52_point_notmrk_simplified_rcid_31495,scene_harness_not_covered
notmrk|Point|Simplified|1444|31496,NOTMRK,partial,ordinary_s57,harness_only_partial,109-s52-harness-and-standalone-proof,ADDMRK05,only remaining degraded reason is missing repository-owned harness/reference evidence,31496,1444,Point,Simplified,s52_point_notmrk_simplified_rcid_31496,scene_harness_not_covered
notmrk|Point|Simplified|1445|31497,NOTMRK,partial,ordinary_s57,harness_only_partial,109-s52-harness-and-standalone-proof,ADDMRK05,only remaining degraded reason is missing repository-owned harness/reference evidence,31497,1445,Point,Simplified,s52_point_notmrk_simplified_rcid_31497,scene_harness_not_covered
notmrk|Point|Simplified|1446|31498,NOTMRK,partial,ordinary_s57,harness_only_partial,109-s52-harness-and-standalone-proof,ADDMRK01,only remaining degraded reason is missing repository-owned harness/reference evidence,31498,1446,Point,Simplified,s52_point_notmrk_simplified_rcid_31498,scene_harness_not_covered
notmrk|Point|Simplified|1447|31499,NOTMRK,partial,ordinary_s57,harness_only_partial,109-s52-harness-and-standalone-proof,ADDMRK02,only remaining degraded reason is missing repository-owned harness/reference evidence,31499,1447,Point,Simplified,s52_point_notmrk_simplified_rcid_31499,scene_harness_not_covered
notmrk|Point|Simplified|1448|31500,NOTMRK,partial,ordinary_s57,harness_only_partial,109-s52-harness-and-standalone-proof,ADDMRK01,only remaining degraded reason is missing repository-owned harness/reference evidence,31500,1448,Point,Simplified,s52_point_notmrk_simplified_rcid_31500,scene_harness_not_covered
notmrk|Point|Simplified|1449|31501,NOTMRK,partial,ordinary_s57,harness_only_partial,109-s52-harness-and-standalone-proof,ADDMRK02,only remaining degraded reason is missing repository-owned harness/reference evidence,31501,1449,Point,Simplified,s52_point_notmrk_simplified_rcid_31501,scene_harness_not_covered
notmrk|Point|Simplified|1450|31502,NOTMRK,partial,ordinary_s57,harness_only_partial,109-s52-harness-and-standalone-proof,ADDMRK01,only remaining degraded reason is missing repository-owned harness/reference evidence,31502,1450,Point,Simplified,s52_point_notmrk_simplified_rcid_31502,scene_harness_not_covered
notmrk|Point|Simplified|1451|31503,NOTMRK,partial,ordinary_s57,harness_only_partial,109-s52-harness-and-standalone-proof,ADDMRK02,only remaining degraded reason is missing repository-owned harness/reference evidence,31503,1451,Point,Simplified,s52_point_notmrk_simplified_rcid_31503,scene_harness_not_covered
notmrk|Point|Simplified|1452|31504,NOTMRK,partial,ordinary_s57,harness_only_partial,109-s52-harness-and-standalone-proof,ADDMRK01,only remaining degraded reason is missing repository-owned harness/reference evidence,31504,1452,Point,Simplified,s52_point_notmrk_simplified_rcid_31504,scene_harness_not_covered
notmrk|Point|Simplified|1453|31505,NOTMRK,partial,ordinary_s57,harness_only_partial,109-s52-harness-and-standalone-proof,ADDMRK02,only remaining degraded reason is missing repository-owned harness/reference evidence,31505,1453,Point,Simplified,s52_point_notmrk_simplified_rcid_31505,scene_harness_not_covered
notmrk|Point|Simplified|1454|31506,NOTMRK,partial,ordinary_s57,harness_only_partial,109-s52-harness-and-standalone-proof,ADDMRK01,only remaining degraded reason is missing repository-owned harness/reference evidence,31506,1454,Point,Simplified,s52_point_notmrk_simplified_rcid_31506,scene_harness_not_covered
notmrk|Point|Simplified|1455|31507,NOTMRK,partial,ordinary_s57,harness_only_partial,109-s52-harness-and-standalone-proof,ADDMRK02,only remaining degraded reason is missing repository-owned harness/reference evidence,31507,1455,Point,Simplified,s52_point_notmrk_simplified_rcid_31507,scene_harness_not_covered
notmrk|Point|Simplified|1456|31508,NOTMRK,partial,ordinary_s57,harness_only_partial,109-s52-harness-and-standalone-proof,ADDMRK05,only remaining degraded reason is missing repository-owned harness/reference evidence,31508,1456,Point,Simplified,s52_point_notmrk_simplified_rcid_31508,scene_harness_not_covered
notmrk|Point|Simplified|1457|31509,NOTMRK,partial,ordinary_s57,harness_only_partial,109-s52-harness-and-standalone-proof,ADDMRK01,only remaining degraded reason is missing repository-owned harness/reference evidence,31509,1457,Point,Simplified,s52_point_notmrk_simplified_rcid_31509,scene_harness_not_covered
notmrk|Point|Simplified|1458|31510,NOTMRK,partial,ordinary_s57,harness_only_partial,109-s52-harness-and-standalone-proof,ADDMRK02,only remaining degraded reason is missing repository-owned harness/reference evidence,31510,1458,Point,Simplified,s52_point_notmrk_simplified_rcid_31510,scene_harness_not_covered
notmrk|Point|Simplified|1459|31511,NOTMRK,partial,ordinary_s57,harness_only_partial,109-s52-harness-and-standalone-proof,ADDMRK01,only remaining degraded reason is missing repository-owned harness/reference evidence,31511,1459,Point,Simplified,s52_point_notmrk_simplified_rcid_31511,scene_harness_not_covered
notmrk|Point|Simplified|1460|31512,NOTMRK,partial,ordinary_s57,harness_only_partial,109-s52-harness-and-standalone-proof,ADDMRK02,only remaining degraded reason is missing repository-owned harness/reference evidence,31512,1460,Point,Simplified,s52_point_notmrk_simplified_rcid_31512,scene_harness_not_covered
notmrk|Point|Simplified|1461|31513,NOTMRK,partial,ordinary_s57,harness_only_partial,109-s52-harness-and-standalone-proof,NMKINF48,only remaining degraded reason is missing repository-owned harness/reference evidence,31513,1461,Point,Simplified,s52_point_notmrk_simplified_rcid_31513,scene_harness_not_covered
notmrk|Point|Simplified|1462|31514,NOTMRK,partial,ordinary_s57,harness_only_partial,109-s52-harness-and-standalone-proof,NMKINF49,only remaining degraded reason is missing repository-owned harness/reference evidence,31514,1462,Point,Simplified,s52_point_notmrk_simplified_rcid_31514,scene_harness_not_covered
notmrk|Point|Simplified|1463|31515,NOTMRK,partial,ordinary_s57,harness_only_partial,109-s52-harness-and-standalone-proof,NMKINF50,only remaining degraded reason is missing repository-owned harness/reference evidence,31515,1463,Point,Simplified,s52_point_notmrk_simplified_rcid_31515,scene_harness_not_covered
notmrk|Point|Simplified|1464|31516,NOTMRK,partial,ordinary_s57,harness_only_partial,109-s52-harness-and-standalone-proof,NMKREG01,only remaining degraded reason is missing repository-owned harness/reference evidence,31516,1464,Point,Simplified,s52_point_notmrk_simplified_rcid_31516,scene_harness_not_covered
notmrk|Point|Simplified|1465|31517,NOTMRK,partial,ordinary_s57,harness_only_partial,109-s52-harness-and-standalone-proof,NMKREG01,only remaining degraded reason is missing repository-owned harness/reference evidence,31517,1465,Point,Simplified,s52_point_notmrk_simplified_rcid_31517,scene_harness_not_covered
notmrk|Point|Simplified|1466|31518,NOTMRK,partial,ordinary_s57,harness_only_partial,109-s52-harness-and-standalone-proof,NMKPRH10,only remaining degraded reason is missing repository-owned harness/reference evidence,31518,1466,Point,Simplified,s52_point_notmrk_simplified_rcid_31518,scene_harness_not_covered
notmrk|Point|Simplified|1467|31519,NOTMRK,partial,ordinary_s57,harness_only_partial,109-s52-harness-and-standalone-proof,NMKPRH11,only remaining degraded reason is missing repository-owned harness/reference evidence,31519,1467,Point,Simplified,s52_point_notmrk_simplified_rcid_31519,scene_harness_not_covered
notmrk|Point|Simplified|1468|31520,NOTMRK,partial,ordinary_s57,harness_only_partial,109-s52-harness-and-standalone-proof,NMKPRH12,only remaining degraded reason is missing repository-owned harness/reference evidence,31520,1468,Point,Simplified,s52_point_notmrk_simplified_rcid_31520,scene_harness_not_covered
notmrk|Point|Simplified|1469|31521,NOTMRK,partial,ordinary_s57,harness_only_partial,109-s52-harness-and-standalone-proof,NMKPRH13,only remaining degraded reason is missing repository-owned harness/reference evidence,31521,1469,Point,Simplified,s52_point_notmrk_simplified_rcid_31521,scene_harness_not_covered
notmrk|Point|Simplified|1470|31522,NOTMRK,partial,ordinary_s57,harness_only_partial,109-s52-harness-and-standalone-proof,NMKREG02,only remaining degraded reason is missing repository-owned harness/reference evidence,31522,1470,Point,Simplified,s52_point_notmrk_simplified_rcid_31522,scene_harness_not_covered
notmrk|Point|Simplified|1471|31523,NOTMRK,partial,ordinary_s57,harness_only_partial,109-s52-harness-and-standalone-proof,NMKREG10,only remaining degraded reason is missing repository-owned harness/reference evidence,31523,1471,Point,Simplified,s52_point_notmrk_simplified_rcid_31523,scene_harness_not_covered
notmrk|Point|Simplified|1472|31524,NOTMRK,partial,ordinary_s57,harness_only_partial,109-s52-harness-and-standalone-proof,ADDMRK05,only remaining degraded reason is missing repository-owned harness/reference evidence,31524,1472,Point,Simplified,s52_point_notmrk_simplified_rcid_31524,scene_harness_not_covered
notmrk|Point|Simplified|1473|31525,NOTMRK,partial,ordinary_s57,harness_only_partial,109-s52-harness-and-standalone-proof,NMKREG11,only remaining degraded reason is missing repository-owned harness/reference evidence,31525,1473,Point,Simplified,s52_point_notmrk_simplified_rcid_31525,scene_harness_not_covered
notmrk|Point|Simplified|1474|31526,NOTMRK,partial,ordinary_s57,harness_only_partial,109-s52-harness-and-standalone-proof,NMKREG12,only remaining degraded reason is missing repository-owned harness/reference evidence,31526,1474,Point,Simplified,s52_point_notmrk_simplified_rcid_31526,scene_harness_not_covered
notmrk|Point|Simplified|1475|31527,NOTMRK,partial,ordinary_s57,harness_only_partial,109-s52-harness-and-standalone-proof,NMKREG13,only remaining degraded reason is missing repository-owned harness/reference evidence,31527,1475,Point,Simplified,s52_point_notmrk_simplified_rcid_31527,scene_harness_not_covered
notmrk|Point|Simplified|1476|31528,NOTMRK,partial,ordinary_s57,harness_only_partial,109-s52-harness-and-standalone-proof,NMKREG14,only remaining degraded reason is missing repository-owned harness/reference evidence,31528,1476,Point,Simplified,s52_point_notmrk_simplified_rcid_31528,scene_harness_not_covered
notmrk|Point|Simplified|1477|31529,NOTMRK,partial,ordinary_s57,harness_only_partial,109-s52-harness-and-standalone-proof,NMKREG15,only remaining degraded reason is missing repository-owned harness/reference evidence,31529,1477,Point,Simplified,s52_point_notmrk_simplified_rcid_31529,scene_harness_not_covered
notmrk|Point|Simplified|1478|31530,NOTMRK,partial,ordinary_s57,harness_only_partial,109-s52-harness-and-standalone-proof,NMKREG16,only remaining degraded reason is missing repository-owned harness/reference evidence,31530,1478,Point,Simplified,s52_point_notmrk_simplified_rcid_31530,scene_harness_not_covered
notmrk|Point|Simplified|1479|31531,NOTMRK,partial,ordinary_s57,harness_only_partial,109-s52-harness-and-standalone-proof,NMKREG17,only remaining degraded reason is missing repository-owned harness/reference evidence,31531,1479,Point,Simplified,s52_point_notmrk_simplified_rcid_31531,scene_harness_not_covered
notmrk|Point|Simplified|1480|31532,NOTMRK,partial,ordinary_s57,harness_only_partial,109-s52-harness-and-standalone-proof,ADDMRK05,only remaining degraded reason is missing repository-owned harness/reference evidence,31532,1480,Point,Simplified,s52_point_notmrk_simplified_rcid_31532,scene_harness_not_covered
notmrk|Point|Simplified|1481|31533,NOTMRK,partial,ordinary_s57,harness_only_partial,109-s52-harness-and-standalone-proof,NMKREG19,only remaining degraded reason is missing repository-owned harness/reference evidence,31533,1481,Point,Simplified,s52_point_notmrk_simplified_rcid_31533,scene_harness_not_covered
notmrk|Point|Simplified|1482|31534,NOTMRK,partial,ordinary_s57,harness_only_partial,109-s52-harness-and-standalone-proof,NMKREG20,only remaining degraded reason is missing repository-owned harness/reference evidence,31534,1482,Point,Simplified,s52_point_notmrk_simplified_rcid_31534,scene_harness_not_covered
notmrk|Point|Simplified|1483|31535,NOTMRK,partial,ordinary_s57,harness_only_partial,109-s52-harness-and-standalone-proof,NMKRCD01,only remaining degraded reason is missing repository-owned harness/reference evidence,31535,1483,Point,Simplified,s52_point_notmrk_simplified_rcid_31535,scene_harness_not_covered
notmrk|Point|Simplified|1484|31536,NOTMRK,partial,ordinary_s57,harness_only_partial,109-s52-harness-and-standalone-proof,NMKRCD02,only remaining degraded reason is missing repository-owned harness/reference evidence,31536,1484,Point,Simplified,s52_point_notmrk_simplified_rcid_31536,scene_harness_not_covered
notmrk|Point|Simplified|1485|31537,NOTMRK,partial,ordinary_s57,harness_only_partial,109-s52-harness-and-standalone-proof,NMKRCD03,only remaining degraded reason is missing repository-owned harness/reference evidence,31537,1485,Point,Simplified,s52_point_notmrk_simplified_rcid_31537,scene_harness_not_covered
notmrk|Point|Simplified|1486|31538,NOTMRK,partial,ordinary_s57,harness_only_partial,109-s52-harness-and-standalone-proof,NMKRCD04,only remaining degraded reason is missing repository-owned harness/reference evidence,31538,1486,Point,Simplified,s52_point_notmrk_simplified_rcid_31538,scene_harness_not_covered
notmrk|Point|Simplified|1487|31539,NOTMRK,partial,ordinary_s57,harness_only_partial,109-s52-harness-and-standalone-proof,NMKRCD05,only remaining degraded reason is missing repository-owned harness/reference evidence,31539,1487,Point,Simplified,s52_point_notmrk_simplified_rcid_31539,scene_harness_not_covered
notmrk|Point|Simplified|1488|31540,NOTMRK,partial,ordinary_s57,harness_only_partial,109-s52-harness-and-standalone-proof,NMKRCD06,only remaining degraded reason is missing repository-owned harness/reference evidence,31540,1488,Point,Simplified,s52_point_notmrk_simplified_rcid_31540,scene_harness_not_covered
notmrk|Point|Simplified|1489|31541,NOTMRK,partial,ordinary_s57,harness_only_partial,109-s52-harness-and-standalone-proof,NMKINF01,only remaining degraded reason is missing repository-owned harness/reference evidence,31541,1489,Point,Simplified,s52_point_notmrk_simplified_rcid_31541,scene_harness_not_covered
notmrk|Point|Simplified|1490|31542,NOTMRK,partial,ordinary_s57,harness_only_partial,109-s52-harness-and-standalone-proof,NMKINF02,only remaining degraded reason is missing repository-owned harness/reference evidence,31542,1490,Point,Simplified,s52_point_notmrk_simplified_rcid_31542,scene_harness_not_covered
notmrk|Point|Simplified|1491|31543,NOTMRK,partial,ordinary_s57,harness_only_partial,109-s52-harness-and-standalone-proof,NMKINF03,only remaining degraded reason is missing repository-owned harness/reference evidence,31543,1491,Point,Simplified,s52_point_notmrk_simplified_rcid_31543,scene_harness_not_covered
notmrk|Point|Simplified|1492|31544,NOTMRK,partial,ordinary_s57,harness_only_partial,109-s52-harness-and-standalone-proof,NMKINF04,only remaining degraded reason is missing repository-owned harness/reference evidence,31544,1492,Point,Simplified,s52_point_notmrk_simplified_rcid_31544,scene_harness_not_covered
notmrk|Point|Simplified|1493|31545,NOTMRK,partial,ordinary_s57,harness_only_partial,109-s52-harness-and-standalone-proof,NMKINF05,only remaining degraded reason is missing repository-owned harness/reference evidence,31545,1493,Point,Simplified,s52_point_notmrk_simplified_rcid_31545,scene_harness_not_covered
notmrk|Point|Simplified|1494|31546,NOTMRK,partial,ordinary_s57,harness_only_partial,109-s52-harness-and-standalone-proof,NMKINF06,only remaining degraded reason is missing repository-owned harness/reference evidence,31546,1494,Point,Simplified,s52_point_notmrk_simplified_rcid_31546,scene_harness_not_covered
notmrk|Point|Simplified|1495|31547,NOTMRK,partial,ordinary_s57,harness_only_partial,109-s52-harness-and-standalone-proof,NMKINF06,only remaining degraded reason is missing repository-owned harness/reference evidence,31547,1495,Point,Simplified,s52_point_notmrk_simplified_rcid_31547,scene_harness_not_covered
notmrk|Point|Simplified|1496|31548,NOTMRK,partial,ordinary_s57,harness_only_partial,109-s52-harness-and-standalone-proof,NMKINF19,only remaining degraded reason is missing repository-owned harness/reference evidence,31548,1496,Point,Simplified,s52_point_notmrk_simplified_rcid_31548,scene_harness_not_covered
notmrk|Point|Simplified|1497|31549,NOTMRK,partial,ordinary_s57,harness_only_partial,109-s52-harness-and-standalone-proof,NMKINF20,only remaining degraded reason is missing repository-owned harness/reference evidence,31549,1497,Point,Simplified,s52_point_notmrk_simplified_rcid_31549,scene_harness_not_covered
notmrk|Point|Simplified|1498|31550,NOTMRK,partial,ordinary_s57,harness_only_partial,109-s52-harness-and-standalone-proof,NMKINF21,only remaining degraded reason is missing repository-owned harness/reference evidence,31550,1498,Point,Simplified,s52_point_notmrk_simplified_rcid_31550,scene_harness_not_covered
notmrk|Point|Simplified|1499|31551,NOTMRK,partial,ordinary_s57,harness_only_partial,109-s52-harness-and-standalone-proof,NMKINF22,only remaining degraded reason is missing repository-owned harness/reference evidence,31551,1499,Point,Simplified,s52_point_notmrk_simplified_rcid_31551,scene_harness_not_covered
notmrk|Point|Simplified|1500|31552,NOTMRK,partial,ordinary_s57,harness_only_partial,109-s52-harness-and-standalone-proof,NMKINF23,only remaining degraded reason is missing repository-owned harness/reference evidence,31552,1500,Point,Simplified,s52_point_notmrk_simplified_rcid_31552,scene_harness_not_covered
notmrk|Point|Simplified|1501|31553,NOTMRK,partial,ordinary_s57,harness_only_partial,109-s52-harness-and-standalone-proof,NMKINF24,only remaining degraded reason is missing repository-owned harness/reference evidence,31553,1501,Point,Simplified,s52_point_notmrk_simplified_rcid_31553,scene_harness_not_covered
notmrk|Point|Simplified|1502|31554,NOTMRK,partial,ordinary_s57,harness_only_partial,109-s52-harness-and-standalone-proof,NMKINF25,only remaining degraded reason is missing repository-owned harness/reference evidence,31554,1502,Point,Simplified,s52_point_notmrk_simplified_rcid_31554,scene_harness_not_covered
notmrk|Point|Simplified|1503|31555,NOTMRK,partial,ordinary_s57,harness_only_partial,109-s52-harness-and-standalone-proof,NMKINF26,only remaining degraded reason is missing repository-owned harness/reference evidence,31555,1503,Point,Simplified,s52_point_notmrk_simplified_rcid_31555,scene_harness_not_covered
notmrk|Point|Simplified|1504|31556,NOTMRK,partial,ordinary_s57,harness_only_partial,109-s52-harness-and-standalone-proof,NMKINF27,only remaining degraded reason is missing repository-owned harness/reference evidence,31556,1504,Point,Simplified,s52_point_notmrk_simplified_rcid_31556,scene_harness_not_covered
notmrk|Point|Simplified|1505|31557,NOTMRK,partial,ordinary_s57,harness_only_partial,109-s52-harness-and-standalone-proof,NMKINF28,only remaining degraded reason is missing repository-owned harness/reference evidence,31557,1505,Point,Simplified,s52_point_notmrk_simplified_rcid_31557,scene_harness_not_covered
notmrk|Point|Simplified|1506|31558,NOTMRK,partial,ordinary_s57,harness_only_partial,109-s52-harness-and-standalone-proof,NMKINF29,only remaining degraded reason is missing repository-owned harness/reference evidence,31558,1506,Point,Simplified,s52_point_notmrk_simplified_rcid_31558,scene_harness_not_covered
notmrk|Point|Simplified|1507|31559,NOTMRK,partial,ordinary_s57,harness_only_partial,109-s52-harness-and-standalone-proof,NMKINF38,only remaining degraded reason is missing repository-owned harness/reference evidence,31559,1507,Point,Simplified,s52_point_notmrk_simplified_rcid_31559,scene_harness_not_covered
notmrk|Point|Simplified|1508|31560,NOTMRK,partial,ordinary_s57,harness_only_partial,109-s52-harness-and-standalone-proof,NMKINF43,only remaining degraded reason is missing repository-owned harness/reference evidence,31560,1508,Point,Simplified,s52_point_notmrk_simplified_rcid_31560,scene_harness_not_covered
notmrk|Point|Simplified|1509|31561,NOTMRK,partial,ordinary_s57,harness_only_partial,109-s52-harness-and-standalone-proof,NMKINF44,only remaining degraded reason is missing repository-owned harness/reference evidence,31561,1509,Point,Simplified,s52_point_notmrk_simplified_rcid_31561,scene_harness_not_covered
notmrk|Point|Simplified|1510|31562,NOTMRK,partial,ordinary_s57,harness_only_partial,109-s52-harness-and-standalone-proof,NMKINF45,only remaining degraded reason is missing repository-owned harness/reference evidence,31562,1510,Point,Simplified,s52_point_notmrk_simplified_rcid_31562,scene_harness_not_covered
notmrk|Point|Simplified|1511|31563,NOTMRK,partial,ordinary_s57,harness_only_partial,109-s52-harness-and-standalone-proof,NMKINF46,only remaining degraded reason is missing repository-owned harness/reference evidence,31563,1511,Point,Simplified,s52_point_notmrk_simplified_rcid_31563,scene_harness_not_covered
notmrk|Point|Simplified|1512|31564,NOTMRK,partial,ordinary_s57,harness_only_partial,109-s52-harness-and-standalone-proof,NMKINF47,only remaining degraded reason is missing repository-owned harness/reference evidence,31564,1512,Point,Simplified,s52_point_notmrk_simplified_rcid_31564,scene_harness_not_covered
notmrk|Point|Simplified|1513|31565,NOTMRK,partial,ordinary_s57,harness_only_partial,109-s52-harness-and-standalone-proof,NMKPRH02,only remaining degraded reason is missing repository-owned harness/reference evidence,31565,1513,Point,Simplified,s52_point_notmrk_simplified_rcid_31565,scene_harness_not_covered
notmrk|Point|Simplified|1514|31566,NOTMRK,partial,ordinary_s57,harness_only_partial,109-s52-harness-and-standalone-proof,NMKPRH06,only remaining degraded reason is missing repository-owned harness/reference evidence,31566,1514,Point,Simplified,s52_point_notmrk_simplified_rcid_31566,scene_harness_not_covered
notmrk|Point|Simplified|1516|31568,NOTMRK,partial,ordinary_s57,harness_only_partial,109-s52-harness-and-standalone-proof,NMKPRH08,only remaining degraded reason is missing repository-owned harness/reference evidence,31568,1516,Point,Simplified,s52_point_notmrk_simplified_rcid_31568,scene_harness_not_covered
notmrk|Point|Simplified|1517|31569,NOTMRK,partial,ordinary_s57,harness_only_partial,109-s52-harness-and-standalone-proof,NMKPRH12,only remaining degraded reason is missing repository-owned harness/reference evidence,31569,1517,Point,Simplified,s52_point_notmrk_simplified_rcid_31569,scene_harness_not_covered
notmrk|Point|Simplified|1518|31570,NOTMRK,partial,ordinary_s57,harness_only_partial,109-s52-harness-and-standalone-proof,NMKPRH13,only remaining degraded reason is missing repository-owned harness/reference evidence,31570,1518,Point,Simplified,s52_point_notmrk_simplified_rcid_31570,scene_harness_not_covered
notmrk|Point|Simplified|1519|31571,NOTMRK,partial,ordinary_s57,harness_only_partial,109-s52-harness-and-standalone-proof,NMKRCD01,only remaining degraded reason is missing repository-owned harness/reference evidence,31571,1519,Point,Simplified,s52_point_notmrk_simplified_rcid_31571,scene_harness_not_covered
notmrk|Point|Simplified|1520|31572,NOTMRK,partial,ordinary_s57,harness_only_partial,109-s52-harness-and-standalone-proof,NMKRCD02,only remaining degraded reason is missing repository-owned harness/reference evidence,31572,1520,Point,Simplified,s52_point_notmrk_simplified_rcid_31572,scene_harness_not_covered
notmrk|Point|Simplified|1521|31573,NOTMRK,partial,ordinary_s57,harness_only_partial,109-s52-harness-and-standalone-proof,NMKRCD03,only remaining degraded reason is missing repository-owned harness/reference evidence,31573,1521,Point,Simplified,s52_point_notmrk_simplified_rcid_31573,scene_harness_not_covered
notmrk|Point|Simplified|1522|31574,NOTMRK,partial,ordinary_s57,harness_only_partial,109-s52-harness-and-standalone-proof,NMKRCD04,only remaining degraded reason is missing repository-owned harness/reference evidence,31574,1522,Point,Simplified,s52_point_notmrk_simplified_rcid_31574,scene_harness_not_covered
notmrk|Point|Simplified|1523|31575,NOTMRK,partial,ordinary_s57,harness_only_partial,109-s52-harness-and-standalone-proof,NMKINF01,only remaining degraded reason is missing repository-owned harness/reference evidence,31575,1523,Point,Simplified,s52_point_notmrk_simplified_rcid_31575,scene_harness_not_covered
notmrk|Point|Simplified|1524|31576,NOTMRK,partial,ordinary_s57,harness_only_partial,109-s52-harness-and-standalone-proof,NMKPRH02,only remaining degraded reason is missing repository-owned harness/reference evidence,31576,1524,Point,Simplified,s52_point_notmrk_simplified_rcid_31576,scene_harness_not_covered
notmrk|Point|Simplified|1525|31577,NOTMRK,partial,ordinary_s57,harness_only_partial,109-s52-harness-and-standalone-proof,NOTMRK01,only remaining degraded reason is missing repository-owned harness/reference evidence,31577,1525,Point,Simplified,s52_point_notmrk_simplified_rcid_31577,scene_harness_not_covered
notmrk|Point|Simplified|1526|31578,NOTMRK,partial,ordinary_s57,harness_only_partial,109-s52-harness-and-standalone-proof,NOTMRK03,only remaining degraded reason is missing repository-owned harness/reference evidence,31578,1526,Point,Simplified,s52_point_notmrk_simplified_rcid_31578,scene_harness_not_covered
notmrk|Point|Simplified|1527|31579,NOTMRK,partial,ordinary_s57,harness_only_partial,109-s52-harness-and-standalone-proof,NOTMRK03,only remaining degraded reason is missing repository-owned harness/reference evidence,31579,1527,Point,Simplified,s52_point_notmrk_simplified_rcid_31579,scene_harness_not_covered
notmrk|Point|Simplified|1528|31580,NOTMRK,partial,ordinary_s57,harness_only_partial,109-s52-harness-and-standalone-proof,NOTMRK02,only remaining degraded reason is missing repository-owned harness/reference evidence,31580,1528,Point,Simplified,s52_point_notmrk_simplified_rcid_31580,scene_harness_not_covered
ownshp|Point|Paper|2762|30830,OWNSHP,partial,ordinary_s57,harness_only_partial,109-s52-harness-and-standalone-proof,OWNSHP02,only remaining degraded reason is missing repository-owned harness/reference evidence,30830,2762,Point,Paper,s52_point_ownshp_paper_rcid_30830,scene_harness_not_covered
ownshp|Point|Simplified|1529|31581,OWNSHP,partial,ordinary_s57,harness_only_partial,109-s52-harness-and-standalone-proof,OWNSHP02,only remaining degraded reason is missing repository-owned harness/reference evidence,31581,1529,Point,Simplified,s52_point_ownshp_simplified_rcid_31581,scene_harness_not_covered
pastrk|Line|Lines|889|31965,PASTRK,partial,ordinary_s57,harness_only_partial,109-s52-harness-and-standalone-proof,PASTRK01,only remaining degraded reason is missing repository-owned harness/reference evidence,31965,889,Line,Lines,s52_line_pastrk_lines_rcid_31965,scene_harness_not_covered
pipohd|Line|Lines|890|31966,PIPOHD,partial,ordinary_s57,harness_only_partial,109-s52-harness-and-standalone-proof,RACNSP01,only remaining degraded reason is missing repository-owned harness/reference evidence,31966,890,Line,Lines,s52_line_pipohd_lines_rcid_31966,scene_harness_not_covered
pipohd|Line|Lines|891|31967,PIPOHD,partial,ordinary_s57,harness_only_partial,109-s52-harness-and-standalone-proof,RACNSP01,only remaining degraded reason is missing repository-owned harness/reference evidence,31967,891,Line,Lines,s52_line_pipohd_lines_rcid_31967,scene_harness_not_covered
pipohd|Line|Lines|892|31968,PIPOHD,partial,ordinary_s57,harness_only_partial,109-s52-harness-and-standalone-proof,LS_SOLD_2_CHGRD,only remaining degraded reason is missing repository-owned harness/reference evidence,31968,892,Line,Lines,s52_line_pipohd_lines_rcid_31968,scene_harness_not_covered
plnpos|Point|Paper|2763|30831,PLNPOS,partial,ordinary_s57,harness_only_partial,109-s52-harness-and-standalone-proof,PLNPOS01,only remaining degraded reason is missing repository-owned harness/reference evidence,30831,2763,Point,Paper,s52_point_plnpos_paper_rcid_30831,scene_harness_not_covered
plnpos|Point|Simplified|1530|31582,PLNPOS,partial,ordinary_s57,harness_only_partial,109-s52-harness-and-standalone-proof,PLNPOS01,only remaining degraded reason is missing repository-owned harness/reference evidence,31582,1530,Point,Simplified,s52_point_plnpos_simplified_rcid_31582,scene_harness_not_covered
ponton|Area|Plain|278|32313,PONTON,partial,ordinary_s57,harness_only_partial,109-s52-harness-and-standalone-proof,LS_SOLD_2_CSTLN,only remaining degraded reason is missing repository-owned harness/reference evidence,32313,278,Area,Plain,s52_area_ponton_plain_rcid_32313,scene_harness_not_covered
ponton|Area|Symbolized|625|32660,PONTON,partial,ordinary_s57,harness_only_partial,109-s52-harness-and-standalone-proof,LS_SOLD_2_CSTLN,only remaining degraded reason is missing repository-owned harness/reference evidence,32660,625,Area,Symbolized,s52_area_ponton_symbolized_rcid_32660,scene_harness_not_covered
ponton|Line|Lines|893|31969,PONTON,partial,ordinary_s57,harness_only_partial,109-s52-harness-and-standalone-proof,LS_SOLD_2_CSTLN,only remaining degraded reason is missing repository-owned harness/reference evidence,31969,893,Line,Lines,s52_line_ponton_lines_rcid_31969,scene_harness_not_covered
positn|Point|Paper|2764|30832,POSITN,partial,ordinary_s57,harness_only_partial,109-s52-harness-and-standalone-proof,POSITN02,only remaining degraded reason is missing repository-owned harness/reference evidence,30832,2764,Point,Paper,s52_point_positn_paper_rcid_30832,scene_harness_not_covered
positn|Point|Paper|2765|30833,POSITN,partial,ordinary_s57,harness_only_partial,109-s52-harness-and-standalone-proof,POSITN02,only remaining degraded reason is missing repository-owned harness/reference evidence,30833,2765,Point,Paper,s52_point_positn_paper_rcid_30833,scene_harness_not_covered
positn|Point|Paper|2766|30834,POSITN,partial,ordinary_s57,harness_only_partial,109-s52-harness-and-standalone-proof,POSITN02,only remaining degraded reason is missing repository-owned harness/reference evidence,30834,2766,Point,Paper,s52_point_positn_paper_rcid_30834,scene_harness_not_covered
positn|Point|Paper|2767|30835,POSITN,partial,ordinary_s57,harness_only_partial,109-s52-harness-and-standalone-proof,POSITN02,only remaining degraded reason is missing repository-owned harness/reference evidence,30835,2767,Point,Paper,s52_point_positn_paper_rcid_30835,scene_harness_not_covered
positn|Point|Paper|2768|30836,POSITN,partial,ordinary_s57,harness_only_partial,109-s52-harness-and-standalone-proof,POSITN02,only remaining degraded reason is missing repository-owned harness/reference evidence,30836,2768,Point,Paper,s52_point_positn_paper_rcid_30836,scene_harness_not_covered
positn|Point|Paper|2769|30837,POSITN,partial,ordinary_s57,harness_only_partial,109-s52-harness-and-standalone-proof,POSITN02,only remaining degraded reason is missing repository-owned harness/reference evidence,30837,2769,Point,Paper,s52_point_positn_paper_rcid_30837,scene_harness_not_covered
positn|Point|Paper|2770|30838,POSITN,partial,ordinary_s57,harness_only_partial,109-s52-harness-and-standalone-proof,POSITN02,only remaining degraded reason is missing repository-owned harness/reference evidence,30838,2770,Point,Paper,s52_point_positn_paper_rcid_30838,scene_harness_not_covered
positn|Point|Paper|2771|30839,POSITN,partial,ordinary_s57,harness_only_partial,109-s52-harness-and-standalone-proof,POSITN02,only remaining degraded reason is missing repository-owned harness/reference evidence,30839,2771,Point,Paper,s52_point_positn_paper_rcid_30839,scene_harness_not_covered
positn|Point|Paper|2772|30840,POSITN,partial,ordinary_s57,harness_only_partial,109-s52-harness-and-standalone-proof,POSITN02,only remaining degraded reason is missing repository-owned harness/reference evidence,30840,2772,Point,Paper,s52_point_positn_paper_rcid_30840,scene_harness_not_covered
positn|Point|Paper|2773|30841,POSITN,partial,ordinary_s57,harness_only_partial,109-s52-harness-and-standalone-proof,POSITN02,only remaining degraded reason is missing repository-owned harness/reference evidence,30841,2773,Point,Paper,s52_point_positn_paper_rcid_30841,scene_harness_not_covered
positn|Point|Paper|2774|30842,POSITN,partial,ordinary_s57,harness_only_partial,109-s52-harness-and-standalone-proof,POSITN02,only remaining degraded reason is missing repository-owned harness/reference evidence,30842,2774,Point,Paper,s52_point_positn_paper_rcid_30842,scene_harness_not_covered
positn|Point|Paper|2775|30843,POSITN,partial,ordinary_s57,harness_only_partial,109-s52-harness-and-standalone-proof,POSITN02,only remaining degraded reason is missing repository-owned harness/reference evidence,30843,2775,Point,Paper,s52_point_positn_paper_rcid_30843,scene_harness_not_covered
positn|Point|Paper|2776|30844,POSITN,partial,ordinary_s57,harness_only_partial,109-s52-harness-and-standalone-proof,POSITN02,only remaining degraded reason is missing repository-owned harness/reference evidence,30844,2776,Point,Paper,s52_point_positn_paper_rcid_30844,scene_harness_not_covered
positn|Point|Paper|2777|30845,POSITN,partial,ordinary_s57,harness_only_partial,109-s52-harness-and-standalone-proof,POSITN02,only remaining degraded reason is missing repository-owned harness/reference evidence,30845,2777,Point,Paper,s52_point_positn_paper_rcid_30845,scene_harness_not_covered
positn|Point|Paper|2778|30846,POSITN,partial,ordinary_s57,harness_only_partial,109-s52-harness-and-standalone-proof,POSITN02,only remaining degraded reason is missing repository-owned harness/reference evidence,30846,2778,Point,Paper,s52_point_positn_paper_rcid_30846,scene_harness_not_covered
positn|Point|Paper|2779|30847,POSITN,partial,ordinary_s57,harness_only_partial,109-s52-harness-and-standalone-proof,POSITN02,only remaining degraded reason is missing repository-owned harness/reference evidence,30847,2779,Point,Paper,s52_point_positn_paper_rcid_30847,scene_harness_not_covered
positn|Point|Simplified|1532|31584,POSITN,partial,ordinary_s57,harness_only_partial,109-s52-harness-and-standalone-proof,POSITN02,only remaining degraded reason is missing repository-owned harness/reference evidence,31584,1532,Point,Simplified,s52_point_positn_simplified_rcid_31584,scene_harness_not_covered
positn|Point|Simplified|1533|31585,POSITN,partial,ordinary_s57,harness_only_partial,109-s52-harness-and-standalone-proof,POSITN02,only remaining degraded reason is missing repository-owned harness/reference evidence,31585,1533,Point,Simplified,s52_point_positn_simplified_rcid_31585,scene_harness_not_covered
positn|Point|Simplified|1534|31586,POSITN,partial,ordinary_s57,harness_only_partial,109-s52-harness-and-standalone-proof,POSITN02,only remaining degraded reason is missing repository-owned harness/reference evidence,31586,1534,Point,Simplified,s52_point_positn_simplified_rcid_31586,scene_harness_not_covered
positn|Point|Simplified|1535|31587,POSITN,partial,ordinary_s57,harness_only_partial,109-s52-harness-and-standalone-proof,POSITN02,only remaining degraded reason is missing repository-owned harness/reference evidence,31587,1535,Point,Simplified,s52_point_positn_simplified_rcid_31587,scene_harness_not_covered
positn|Point|Simplified|1536|31588,POSITN,partial,ordinary_s57,harness_only_partial,109-s52-harness-and-standalone-proof,POSITN02,only remaining degraded reason is missing repository-owned harness/reference evidence,31588,1536,Point,Simplified,s52_point_positn_simplified_rcid_31588,scene_harness_not_covered
positn|Point|Simplified|1537|31589,POSITN,partial,ordinary_s57,harness_only_partial,109-s52-harness-and-standalone-proof,POSITN02,only remaining degraded reason is missing repository-owned harness/reference evidence,31589,1537,Point,Simplified,s52_point_positn_simplified_rcid_31589,scene_harness_not_covered
positn|Point|Simplified|1538|31590,POSITN,partial,ordinary_s57,harness_only_partial,109-s52-harness-and-standalone-proof,POSITN02,only remaining degraded reason is missing repository-owned harness/reference evidence,31590,1538,Point,Simplified,s52_point_positn_simplified_rcid_31590,scene_harness_not_covered
positn|Point|Simplified|1539|31591,POSITN,partial,ordinary_s57,harness_only_partial,109-s52-harness-and-standalone-proof,POSITN02,only remaining degraded reason is missing repository-owned harness/reference evidence,31591,1539,Point,Simplified,s52_point_positn_simplified_rcid_31591,scene_harness_not_covered
positn|Point|Simplified|1540|31592,POSITN,partial,ordinary_s57,harness_only_partial,109-s52-harness-and-standalone-proof,POSITN02,only remaining degraded reason is missing repository-owned harness/reference evidence,31592,1540,Point,Simplified,s52_point_positn_simplified_rcid_31592,scene_harness_not_covered
positn|Point|Simplified|1541|31593,POSITN,partial,ordinary_s57,harness_only_partial,109-s52-harness-and-standalone-proof,POSITN02,only remaining degraded reason is missing repository-owned harness/reference evidence,31593,1541,Point,Simplified,s52_point_positn_simplified_rcid_31593,scene_harness_not_covered
positn|Point|Simplified|1542|31594,POSITN,partial,ordinary_s57,harness_only_partial,109-s52-harness-and-standalone-proof,POSITN02,only remaining degraded reason is missing repository-owned harness/reference evidence,31594,1542,Point,Simplified,s52_point_positn_simplified_rcid_31594,scene_harness_not_covered
positn|Point|Simplified|1543|31595,POSITN,partial,ordinary_s57,harness_only_partial,109-s52-harness-and-standalone-proof,POSITN02,only remaining degraded reason is missing repository-owned harness/reference evidence,31595,1543,Point,Simplified,s52_point_positn_simplified_rcid_31595,scene_harness_not_covered
positn|Point|Simplified|1544|31596,POSITN,partial,ordinary_s57,harness_only_partial,109-s52-harness-and-standalone-proof,POSITN02,only remaining degraded reason is missing repository-owned harness/reference evidence,31596,1544,Point,Simplified,s52_point_positn_simplified_rcid_31596,scene_harness_not_covered
positn|Point|Simplified|1545|31597,POSITN,partial,ordinary_s57,harness_only_partial,109-s52-harness-and-standalone-proof,POSITN02,only remaining degraded reason is missing repository-owned harness/reference evidence,31597,1545,Point,Simplified,s52_point_positn_simplified_rcid_31597,scene_harness_not_covered
positn|Point|Simplified|1546|31598,POSITN,partial,ordinary_s57,harness_only_partial,109-s52-harness-and-standalone-proof,POSITN02,only remaining degraded reason is missing repository-owned harness/reference evidence,31598,1546,Point,Simplified,s52_point_positn_simplified_rcid_31598,scene_harness_not_covered
poslin|Line|Lines|894|31970,POSLIN,partial,ordinary_s57,harness_only_partial,109-s52-harness-and-standalone-proof,LS_SOLD_1_NINFO,only remaining degraded reason is missing repository-owned harness/reference evidence,31970,894,Line,Lines,s52_line_poslin_lines_rcid_31970,scene_harness_not_covered
poslin|Line|Lines|895|31971,POSLIN,partial,ordinary_s57,harness_only_partial,109-s52-harness-and-standalone-proof,LS_SOLD_1_NINFO,only remaining degraded reason is missing repository-owned harness/reference evidence,31971,895,Line,Lines,s52_line_poslin_lines_rcid_31971,scene_harness_not_covered
rdocal|Line|Lines|896|31972,RDOCAL,partial,ordinary_s57,harness_only_partial,109-s52-harness-and-standalone-proof,RDOCAL02,only remaining degraded reason is missing repository-owned harness/reference evidence,31972,896,Line,Lines,s52_line_rdocal_lines_rcid_31972,scene_harness_not_covered
rdocal|Line|Lines|897|31973,RDOCAL,partial,ordinary_s57,harness_only_partial,109-s52-harness-and-standalone-proof,RDOCAL02,only remaining degraded reason is missing repository-owned harness/reference evidence,31973,897,Line,Lines,s52_line_rdocal_lines_rcid_31973,scene_harness_not_covered
rdocal|Line|Lines|898|31974,RDOCAL,partial,ordinary_s57,harness_only_partial,109-s52-harness-and-standalone-proof,RDOCAL02,only remaining degraded reason is missing repository-owned harness/reference evidence,31974,898,Line,Lines,s52_line_rdocal_lines_rcid_31974,scene_harness_not_covered
rdocal|Line|Lines|899|31975,RDOCAL,partial,ordinary_s57,harness_only_partial,109-s52-harness-and-standalone-proof,RDOCAL03,only remaining degraded reason is missing repository-owned harness/reference evidence,31975,899,Line,Lines,s52_line_rdocal_lines_rcid_31975,scene_harness_not_covered
rdocal|Line|Lines|900|31976,RDOCAL,partial,ordinary_s57,harness_only_partial,109-s52-harness-and-standalone-proof,RCLDEF01,only remaining degraded reason is missing repository-owned harness/reference evidence,31976,900,Line,Lines,s52_line_rdocal_lines_rcid_31976,scene_harness_not_covered
rdocal|Point|Simplified|1547|31599,RDOCAL,partial,ordinary_s57,harness_only_partial,109-s52-harness-and-standalone-proof,RDOCAL02,only remaining degraded reason is missing repository-owned harness/reference evidence,31599,1547,Point,Simplified,s52_point_rdocal_simplified_rcid_31599,scene_harness_not_covered
rdocal|Point|Simplified|1548|31600,RDOCAL,partial,ordinary_s57,harness_only_partial,109-s52-harness-and-standalone-proof,RDOCAL02,only remaining degraded reason is missing repository-owned harness/reference evidence,31600,1548,Point,Simplified,s52_point_rdocal_simplified_rcid_31600,scene_harness_not_covered
rdocal|Point|Simplified|1549|31601,RDOCAL,partial,ordinary_s57,harness_only_partial,109-s52-harness-and-standalone-proof,RDOCAL02,only remaining degraded reason is missing repository-owned harness/reference evidence,31601,1549,Point,Simplified,s52_point_rdocal_simplified_rcid_31601,scene_harness_not_covered
rdocal|Point|Simplified|1550|31602,RDOCAL,partial,ordinary_s57,harness_only_partial,109-s52-harness-and-standalone-proof,RDOCAL03,only remaining degraded reason is missing repository-owned harness/reference evidence,31602,1550,Point,Simplified,s52_point_rdocal_simplified_rcid_31602,scene_harness_not_covered
rdocal|Point|Simplified|1551|31603,RDOCAL,partial,ordinary_s57,harness_only_partial,109-s52-harness-and-standalone-proof,RCLDEF01,only remaining degraded reason is missing repository-owned harness/reference evidence,31603,1551,Point,Simplified,s52_point_rdocal_simplified_rcid_31603,scene_harness_not_covered
refdmp|Point|Paper|2785|30853,REFDMP,partial,ordinary_s57,harness_only_partial,109-s52-harness-and-standalone-proof,REFDMP01,only remaining degraded reason is missing repository-owned harness/reference evidence,30853,2785,Point,Paper,s52_point_refdmp_paper_rcid_30853,scene_harness_not_covered
refdmp|Point|Simplified|1552|31604,REFDMP,partial,ordinary_s57,harness_only_partial,109-s52-harness-and-standalone-proof,REFDMP01,only remaining degraded reason is missing repository-owned harness/reference evidence,31604,1552,Point,Simplified,s52_point_refdmp_simplified_rcid_31604,scene_harness_not_covered
refpnt|Point|Paper|2786|30854,REFPNT,partial,ordinary_s57,harness_only_partial,109-s52-harness-and-standalone-proof,REFPNT02,only remaining degraded reason is missing repository-owned harness/reference evidence,30854,2786,Point,Paper,s52_point_refpnt_paper_rcid_30854,scene_harness_not_covered
refpnt|Point|Simplified|1553|31605,REFPNT,partial,ordinary_s57,harness_only_partial,109-s52-harness-and-standalone-proof,REFPNT02,only remaining degraded reason is missing repository-owned harness/reference evidence,31605,1553,Point,Simplified,s52_point_refpnt_simplified_rcid_31605,scene_harness_not_covered
resare|Area|Plain|279|32314,RESARE,partial,ordinary_s57,harness_only_partial,109-s52-harness-and-standalone-proof,RESARE02,only remaining degraded reason is missing repository-owned harness/reference evidence,32314,279,Area,Plain,s52_area_resare_plain_rcid_32314,scene_harness_not_covered
rivbnk|Line|Lines|901|31977,RIVBNK,partial,ordinary_s57,harness_only_partial,109-s52-harness-and-standalone-proof,LS_DOTT_2_CSTLN,only remaining degraded reason is missing repository-owned harness/reference evidence,31977,901,Line,Lines,s52_line_rivbnk_lines_rcid_31977,scene_harness_not_covered
rivbnk|Line|Lines|902|31978,RIVBNK,partial,ordinary_s57,harness_only_partial,109-s52-harness-and-standalone-proof,LS_DOTT_2_CSTLN,only remaining degraded reason is missing repository-owned harness/reference evidence,31978,902,Line,Lines,s52_line_rivbnk_lines_rcid_31978,scene_harness_not_covered
rivbnk|Line|Lines|903|31979,RIVBNK,partial,ordinary_s57,harness_only_partial,109-s52-harness-and-standalone-proof,LS_SOLD_2_CSTLN,only remaining degraded reason is missing repository-owned harness/reference evidence,31979,903,Line,Lines,s52_line_rivbnk_lines_rcid_31979,scene_harness_not_covered
rivbnk|Line|Lines|904|31980,RIVBNK,partial,ordinary_s57,harness_only_partial,109-s52-harness-and-standalone-proof,LS_SOLD_1_CSTLN,only remaining degraded reason is missing repository-owned harness/reference evidence,31980,904,Line,Lines,s52_line_rivbnk_lines_rcid_31980,scene_harness_not_covered
rngrng|Line|Lines|905|31981,RNGRNG,partial,ordinary_s57,harness_only_partial,109-s52-harness-and-standalone-proof,LS_SOLD_1_CURSR,only remaining degraded reason is missing repository-owned harness/reference evidence,31981,905,Line,Lines,s52_line_rngrng_lines_rcid_31981,scene_harness_not_covered
sistat|Point|Paper|2787|30855,SISTAT,partial,ordinary_s57,harness_only_partial,109-s52-harness-and-standalone-proof,SSWARS01,only remaining degraded reason is missing repository-owned harness/reference evidence,30855,2787,Point,Paper,s52_point_sistat_paper_rcid_30855,scene_harness_not_covered
sistat|Point|Paper|2788|30856,SISTAT,partial,ordinary_s57,harness_only_partial,109-s52-harness-and-standalone-proof,SSENTR01,only remaining degraded reason is missing repository-owned harness/reference evidence,30856,2788,Point,Paper,s52_point_sistat_paper_rcid_30856,scene_harness_not_covered
sistat|Point|Paper|2789|30857,SISTAT,partial,ordinary_s57,harness_only_partial,109-s52-harness-and-standalone-proof,SSLOCK01,only remaining degraded reason is missing repository-owned harness/reference evidence,30857,2789,Point,Paper,s52_point_sistat_paper_rcid_30857,scene_harness_not_covered
sistat|Point|Paper|2790|30858,SISTAT,partial,ordinary_s57,harness_only_partial,109-s52-harness-and-standalone-proof,SISTAT02,only remaining degraded reason is missing repository-owned harness/reference evidence,30858,2790,Point,Paper,s52_point_sistat_paper_rcid_30858,scene_harness_not_covered
sistat|Point|Simplified|1554|31606,SISTAT,partial,ordinary_s57,harness_only_partial,109-s52-harness-and-standalone-proof,SSWARS01,only remaining degraded reason is missing repository-owned harness/reference evidence,31606,1554,Point,Simplified,s52_point_sistat_simplified_rcid_31606,scene_harness_not_covered
sistat|Point|Simplified|1555|31607,SISTAT,partial,ordinary_s57,harness_only_partial,109-s52-harness-and-standalone-proof,SSENTR01,only remaining degraded reason is missing repository-owned harness/reference evidence,31607,1555,Point,Simplified,s52_point_sistat_simplified_rcid_31607,scene_harness_not_covered
sistat|Point|Simplified|1556|31608,SISTAT,partial,ordinary_s57,harness_only_partial,109-s52-harness-and-standalone-proof,SSLOCK01,only remaining degraded reason is missing repository-owned harness/reference evidence,31608,1556,Point,Simplified,s52_point_sistat_simplified_rcid_31608,scene_harness_not_covered
sistat|Point|Simplified|1557|31609,SISTAT,partial,ordinary_s57,harness_only_partial,109-s52-harness-and-standalone-proof,SISTAT02,only remaining degraded reason is missing repository-owned harness/reference evidence,31609,1557,Point,Simplified,s52_point_sistat_simplified_rcid_31609,scene_harness_not_covered
sistaw|Point|Paper|2791|30859,SISTAW,partial,ordinary_s57,harness_only_partial,109-s52-harness-and-standalone-proof,WTLVGG02,only remaining degraded reason is missing repository-owned harness/reference evidence,30859,2791,Point,Paper,s52_point_sistaw_paper_rcid_30859,scene_harness_not_covered
sistaw|Point|Paper|2792|30860,SISTAW,partial,ordinary_s57,harness_only_partial,109-s52-harness-and-standalone-proof,WTLVGG01,only remaining degraded reason is missing repository-owned harness/reference evidence,30860,2792,Point,Paper,s52_point_sistaw_paper_rcid_30860,scene_harness_not_covered
sistaw|Point|Paper|2793|30861,SISTAW,partial,ordinary_s57,harness_only_partial,109-s52-harness-and-standalone-proof,HGWTMK01,only remaining degraded reason is missing repository-owned harness/reference evidence,30861,2793,Point,Paper,s52_point_sistaw_paper_rcid_30861,scene_harness_not_covered
sistaw|Point|Paper|2794|30862,SISTAW,partial,ordinary_s57,harness_only_partial,109-s52-harness-and-standalone-proof,VTCLMK01,only remaining degraded reason is missing repository-owned harness/reference evidence,30862,2794,Point,Paper,s52_point_sistaw_paper_rcid_30862,scene_harness_not_covered
sistaw|Point|Paper|2795|30863,SISTAW,partial,ordinary_s57,harness_only_partial,109-s52-harness-and-standalone-proof,VTCLMK01,only remaining degraded reason is missing repository-owned harness/reference evidence,30863,2795,Point,Paper,s52_point_sistaw_paper_rcid_30863,scene_harness_not_covered
sistaw|Point|Paper|2796|30864,SISTAW,partial,ordinary_s57,harness_only_partial,109-s52-harness-and-standalone-proof,SISTAT02,only remaining degraded reason is missing repository-owned harness/reference evidence,30864,2796,Point,Paper,s52_point_sistaw_paper_rcid_30864,scene_harness_not_covered
sistaw|Point|Simplified|1558|31610,SISTAW,partial,ordinary_s57,harness_only_partial,109-s52-harness-and-standalone-proof,WTLVGG02,only remaining degraded reason is missing repository-owned harness/reference evidence,31610,1558,Point,Simplified,s52_point_sistaw_simplified_rcid_31610,scene_harness_not_covered
sistaw|Point|Simplified|1559|31611,SISTAW,partial,ordinary_s57,harness_only_partial,109-s52-harness-and-standalone-proof,WTLVGG01,only remaining degraded reason is missing repository-owned harness/reference evidence,31611,1559,Point,Simplified,s52_point_sistaw_simplified_rcid_31611,scene_harness_not_covered
sistaw|Point|Simplified|1560|31612,SISTAW,partial,ordinary_s57,harness_only_partial,109-s52-harness-and-standalone-proof,HGWTMK01,only remaining degraded reason is missing repository-owned harness/reference evidence,31612,1560,Point,Simplified,s52_point_sistaw_simplified_rcid_31612,scene_harness_not_covered
sistaw|Point|Simplified|1561|31613,SISTAW,partial,ordinary_s57,harness_only_partial,109-s52-harness-and-standalone-proof,VTCLMK01,only remaining degraded reason is missing repository-owned harness/reference evidence,31613,1561,Point,Simplified,s52_point_sistaw_simplified_rcid_31613,scene_harness_not_covered
sistaw|Point|Simplified|1562|31614,SISTAW,partial,ordinary_s57,harness_only_partial,109-s52-harness-and-standalone-proof,VTCLMK01,only remaining degraded reason is missing repository-owned harness/reference evidence,31614,1562,Point,Simplified,s52_point_sistaw_simplified_rcid_31614,scene_harness_not_covered
sistaw|Point|Simplified|1563|31615,SISTAW,partial,ordinary_s57,harness_only_partial,109-s52-harness-and-standalone-proof,SISTAT02,only remaining degraded reason is missing repository-owned harness/reference evidence,31615,1563,Point,Simplified,s52_point_sistaw_simplified_rcid_31615,scene_harness_not_covered
slcons|Area|Plain|280|32315,SLCONS,partial,ordinary_s57,harness_only_partial,109-s52-harness-and-standalone-proof,SLCONS03,only remaining degraded reason is missing repository-owned harness/reference evidence,32315,280,Area,Plain,s52_area_slcons_plain_rcid_32315,scene_harness_not_covered
slcons|Area|Symbolized|627|32662,SLCONS,partial,ordinary_s57,harness_only_partial,109-s52-harness-and-standalone-proof,SLCONS03,only remaining degraded reason is missing repository-owned harness/reference evidence,32662,627,Area,Symbolized,s52_area_slcons_symbolized_rcid_32662,scene_harness_not_covered
slcons|Line|Lines|906|31982,SLCONS,partial,ordinary_s57,harness_only_partial,109-s52-harness-and-standalone-proof,SLCONS03,only remaining degraded reason is missing repository-owned harness/reference evidence,31982,906,Line,Lines,s52_line_slcons_lines_rcid_31982,scene_harness_not_covered
slcons|Point|Paper|2797|30865,SLCONS,partial,ordinary_s57,harness_only_partial,109-s52-harness-and-standalone-proof,PIER0001,only remaining degraded reason is missing repository-owned harness/reference evidence,30865,2797,Point,Paper,s52_point_slcons_paper_rcid_30865,scene_harness_not_covered
slcons|Point|Paper|2798|30866,SLCONS,partial,ordinary_s57,harness_only_partial,109-s52-harness-and-standalone-proof,MORFAC03,only remaining degraded reason is missing repository-owned harness/reference evidence,30866,2798,Point,Paper,s52_point_slcons_paper_rcid_30866,scene_harness_not_covered
slcons|Point|Simplified|1564|31616,SLCONS,partial,ordinary_s57,harness_only_partial,109-s52-harness-and-standalone-proof,PIER0001,only remaining degraded reason is missing repository-owned harness/reference evidence,31616,1564,Point,Simplified,s52_point_slcons_simplified_rcid_31616,scene_harness_not_covered
slcons|Point|Simplified|1565|31617,SLCONS,partial,ordinary_s57,harness_only_partial,109-s52-harness-and-standalone-proof,MORFAC03,only remaining degraded reason is missing repository-owned harness/reference evidence,31617,1565,Point,Simplified,s52_point_slcons_simplified_rcid_31617,scene_harness_not_covered
termnl|Area|Plain|281|32316,TERMNL,partial,ordinary_s57,harness_only_partial,109-s52-harness-and-standalone-proof,TERMNL12,only remaining degraded reason is missing repository-owned harness/reference evidence,32316,281,Area,Plain,s52_area_termnl_plain_rcid_32316,scene_harness_not_covered
termnl|Area|Plain|282|32317,TERMNL,partial,ordinary_s57,harness_only_partial,109-s52-harness-and-standalone-proof,TERMNL03,only remaining degraded reason is missing repository-owned harness/reference evidence,32317,282,Area,Plain,s52_area_termnl_plain_rcid_32317,scene_harness_not_covered
termnl|Area|Plain|283|32318,TERMNL,partial,ordinary_s57,harness_only_partial,109-s52-harness-and-standalone-proof,TERMNL04,only remaining degraded reason is missing repository-owned harness/reference evidence,32318,283,Area,Plain,s52_area_termnl_plain_rcid_32318,scene_harness_not_covered
termnl|Area|Plain|284|32319,TERMNL,partial,ordinary_s57,harness_only_partial,109-s52-harness-and-standalone-proof,TERMNL05,only remaining degraded reason is missing repository-owned harness/reference evidence,32319,284,Area,Plain,s52_area_termnl_plain_rcid_32319,scene_harness_not_covered
termnl|Area|Plain|285|32320,TERMNL,partial,ordinary_s57,harness_only_partial,109-s52-harness-and-standalone-proof,TERMNL06,only remaining degraded reason is missing repository-owned harness/reference evidence,32320,285,Area,Plain,s52_area_termnl_plain_rcid_32320,scene_harness_not_covered
termnl|Area|Plain|286|32321,TERMNL,partial,ordinary_s57,harness_only_partial,109-s52-harness-and-standalone-proof,TERMNL07,only remaining degraded reason is missing repository-owned harness/reference evidence,32321,286,Area,Plain,s52_area_termnl_plain_rcid_32321,scene_harness_not_covered
termnl|Area|Plain|287|32322,TERMNL,partial,ordinary_s57,harness_only_partial,109-s52-harness-and-standalone-proof,TERMNL08,only remaining degraded reason is missing repository-owned harness/reference evidence,32322,287,Area,Plain,s52_area_termnl_plain_rcid_32322,scene_harness_not_covered
termnl|Area|Plain|288|32323,TERMNL,partial,ordinary_s57,harness_only_partial,109-s52-harness-and-standalone-proof,TERMNL09,only remaining degraded reason is missing repository-owned harness/reference evidence,32323,288,Area,Plain,s52_area_termnl_plain_rcid_32323,scene_harness_not_covered
termnl|Area|Plain|289|32324,TERMNL,partial,ordinary_s57,harness_only_partial,109-s52-harness-and-standalone-proof,TERMNL10,only remaining degraded reason is missing repository-owned harness/reference evidence,32324,289,Area,Plain,s52_area_termnl_plain_rcid_32324,scene_harness_not_covered
termnl|Area|Plain|290|32325,TERMNL,partial,ordinary_s57,harness_only_partial,109-s52-harness-and-standalone-proof,TERMNL11,only remaining degraded reason is missing repository-owned harness/reference evidence,32325,290,Area,Plain,s52_area_termnl_plain_rcid_32325,scene_harness_not_covered
termnl|Area|Plain|291|32326,TERMNL,partial,ordinary_s57,harness_only_partial,109-s52-harness-and-standalone-proof,TERMNL03,only remaining degraded reason is missing repository-owned harness/reference evidence,32326,291,Area,Plain,s52_area_termnl_plain_rcid_32326,scene_harness_not_covered
termnl|Area|Plain|292|32327,TERMNL,partial,ordinary_s57,harness_only_partial,109-s52-harness-and-standalone-proof,TERMNL04,only remaining degraded reason is missing repository-owned harness/reference evidence,32327,292,Area,Plain,s52_area_termnl_plain_rcid_32327,scene_harness_not_covered
termnl|Area|Plain|293|32328,TERMNL,partial,ordinary_s57,harness_only_partial,109-s52-harness-and-standalone-proof,TERMNL13,only remaining degraded reason is missing repository-owned harness/reference evidence,32328,293,Area,Plain,s52_area_termnl_plain_rcid_32328,scene_harness_not_covered
termnl|Area|Plain|294|32329,TERMNL,partial,ordinary_s57,harness_only_partial,109-s52-harness-and-standalone-proof,TERMNL02,only remaining degraded reason is missing repository-owned harness/reference evidence,32329,294,Area,Plain,s52_area_termnl_plain_rcid_32329,scene_harness_not_covered
termnl|Area|Plain|295|32330,TERMNL,partial,ordinary_s57,harness_only_partial,109-s52-harness-and-standalone-proof,TERMNL02,only remaining degraded reason is missing repository-owned harness/reference evidence,32330,295,Area,Plain,s52_area_termnl_plain_rcid_32330,scene_harness_not_covered
termnl|Area|Plain|296|32331,TERMNL,partial,ordinary_s57,harness_only_partial,109-s52-harness-and-standalone-proof,TERMNL01,only remaining degraded reason is missing repository-owned harness/reference evidence,32331,296,Area,Plain,s52_area_termnl_plain_rcid_32331,scene_harness_not_covered
termnl|Area|Plain|297|32332,TERMNL,partial,ordinary_s57,harness_only_partial,109-s52-harness-and-standalone-proof,TERMNL01,only remaining degraded reason is missing repository-owned harness/reference evidence,32332,297,Area,Plain,s52_area_termnl_plain_rcid_32332,scene_harness_not_covered
termnl|Area|Plain|298|32333,TERMNL,partial,ordinary_s57,harness_only_partial,109-s52-harness-and-standalone-proof,TERMNL02,only remaining degraded reason is missing repository-owned harness/reference evidence,32333,298,Area,Plain,s52_area_termnl_plain_rcid_32333,scene_harness_not_covered
termnl|Area|Plain|299|32334,TERMNL,partial,ordinary_s57,harness_only_partial,109-s52-harness-and-standalone-proof,TERMNL12,only remaining degraded reason is missing repository-owned harness/reference evidence,32334,299,Area,Plain,s52_area_termnl_plain_rcid_32334,scene_harness_not_covered
termnl|Area|Plain|300|32335,TERMNL,partial,ordinary_s57,harness_only_partial,109-s52-harness-and-standalone-proof,TERMNL03,only remaining degraded reason is missing repository-owned harness/reference evidence,32335,300,Area,Plain,s52_area_termnl_plain_rcid_32335,scene_harness_not_covered
termnl|Area|Plain|301|32336,TERMNL,partial,ordinary_s57,harness_only_partial,109-s52-harness-and-standalone-proof,TERMNL04,only remaining degraded reason is missing repository-owned harness/reference evidence,32336,301,Area,Plain,s52_area_termnl_plain_rcid_32336,scene_harness_not_covered
termnl|Area|Plain|302|32337,TERMNL,partial,ordinary_s57,harness_only_partial,109-s52-harness-and-standalone-proof,TERMNL05,only remaining degraded reason is missing repository-owned harness/reference evidence,32337,302,Area,Plain,s52_area_termnl_plain_rcid_32337,scene_harness_not_covered
termnl|Area|Plain|303|32338,TERMNL,partial,ordinary_s57,harness_only_partial,109-s52-harness-and-standalone-proof,TERMNL06,only remaining degraded reason is missing repository-owned harness/reference evidence,32338,303,Area,Plain,s52_area_termnl_plain_rcid_32338,scene_harness_not_covered
termnl|Area|Plain|304|32339,TERMNL,partial,ordinary_s57,harness_only_partial,109-s52-harness-and-standalone-proof,TERMNL07,only remaining degraded reason is missing repository-owned harness/reference evidence,32339,304,Area,Plain,s52_area_termnl_plain_rcid_32339,scene_harness_not_covered
termnl|Area|Plain|305|32340,TERMNL,partial,ordinary_s57,harness_only_partial,109-s52-harness-and-standalone-proof,TERMNL08,only remaining degraded reason is missing repository-owned harness/reference evidence,32340,305,Area,Plain,s52_area_termnl_plain_rcid_32340,scene_harness_not_covered
termnl|Area|Plain|306|32341,TERMNL,partial,ordinary_s57,harness_only_partial,109-s52-harness-and-standalone-proof,TERMNL09,only remaining degraded reason is missing repository-owned harness/reference evidence,32341,306,Area,Plain,s52_area_termnl_plain_rcid_32341,scene_harness_not_covered
termnl|Area|Plain|307|32342,TERMNL,partial,ordinary_s57,harness_only_partial,109-s52-harness-and-standalone-proof,TERMNL10,only remaining degraded reason is missing repository-owned harness/reference evidence,32342,307,Area,Plain,s52_area_termnl_plain_rcid_32342,scene_harness_not_covered
termnl|Area|Plain|308|32343,TERMNL,partial,ordinary_s57,harness_only_partial,109-s52-harness-and-standalone-proof,TERMNL11,only remaining degraded reason is missing repository-owned harness/reference evidence,32343,308,Area,Plain,s52_area_termnl_plain_rcid_32343,scene_harness_not_covered
termnl|Area|Plain|309|32344,TERMNL,partial,ordinary_s57,harness_only_partial,109-s52-harness-and-standalone-proof,TERMNL12,only remaining degraded reason is missing repository-owned harness/reference evidence,32344,309,Area,Plain,s52_area_termnl_plain_rcid_32344,scene_harness_not_covered
termnl|Area|Symbolized|629|32664,TERMNL,partial,ordinary_s57,harness_only_partial,109-s52-harness-and-standalone-proof,TERMNL03,only remaining degraded reason is missing repository-owned harness/reference evidence,32664,629,Area,Symbolized,s52_area_termnl_symbolized_rcid_32664,scene_harness_not_covered
termnl|Area|Symbolized|630|32665,TERMNL,partial,ordinary_s57,harness_only_partial,109-s52-harness-and-standalone-proof,TERMNL04,only remaining degraded reason is missing repository-owned harness/reference evidence,32665,630,Area,Symbolized,s52_area_termnl_symbolized_rcid_32665,scene_harness_not_covered
termnl|Area|Symbolized|631|32666,TERMNL,partial,ordinary_s57,harness_only_partial,109-s52-harness-and-standalone-proof,TERMNL05,only remaining degraded reason is missing repository-owned harness/reference evidence,32666,631,Area,Symbolized,s52_area_termnl_symbolized_rcid_32666,scene_harness_not_covered
termnl|Area|Symbolized|632|32667,TERMNL,partial,ordinary_s57,harness_only_partial,109-s52-harness-and-standalone-proof,TERMNL06,only remaining degraded reason is missing repository-owned harness/reference evidence,32667,632,Area,Symbolized,s52_area_termnl_symbolized_rcid_32667,scene_harness_not_covered
termnl|Area|Symbolized|633|32668,TERMNL,partial,ordinary_s57,harness_only_partial,109-s52-harness-and-standalone-proof,TERMNL07,only remaining degraded reason is missing repository-owned harness/reference evidence,32668,633,Area,Symbolized,s52_area_termnl_symbolized_rcid_32668,scene_harness_not_covered
termnl|Area|Symbolized|634|32669,TERMNL,partial,ordinary_s57,harness_only_partial,109-s52-harness-and-standalone-proof,TERMNL08,only remaining degraded reason is missing repository-owned harness/reference evidence,32669,634,Area,Symbolized,s52_area_termnl_symbolized_rcid_32669,scene_harness_not_covered
termnl|Area|Symbolized|635|32670,TERMNL,partial,ordinary_s57,harness_only_partial,109-s52-harness-and-standalone-proof,TERMNL09,only remaining degraded reason is missing repository-owned harness/reference evidence,32670,635,Area,Symbolized,s52_area_termnl_symbolized_rcid_32670,scene_harness_not_covered
termnl|Area|Symbolized|636|32671,TERMNL,partial,ordinary_s57,harness_only_partial,109-s52-harness-and-standalone-proof,TERMNL10,only remaining degraded reason is missing repository-owned harness/reference evidence,32671,636,Area,Symbolized,s52_area_termnl_symbolized_rcid_32671,scene_harness_not_covered
termnl|Area|Symbolized|637|32672,TERMNL,partial,ordinary_s57,harness_only_partial,109-s52-harness-and-standalone-proof,TERMNL11,only remaining degraded reason is missing repository-owned harness/reference evidence,32672,637,Area,Symbolized,s52_area_termnl_symbolized_rcid_32672,scene_harness_not_covered
termnl|Area|Symbolized|638|32673,TERMNL,partial,ordinary_s57,harness_only_partial,109-s52-harness-and-standalone-proof,TERMNL03,only remaining degraded reason is missing repository-owned harness/reference evidence,32673,638,Area,Symbolized,s52_area_termnl_symbolized_rcid_32673,scene_harness_not_covered
termnl|Area|Symbolized|639|32674,TERMNL,partial,ordinary_s57,harness_only_partial,109-s52-harness-and-standalone-proof,TERMNL04,only remaining degraded reason is missing repository-owned harness/reference evidence,32674,639,Area,Symbolized,s52_area_termnl_symbolized_rcid_32674,scene_harness_not_covered
termnl|Area|Symbolized|640|32675,TERMNL,partial,ordinary_s57,harness_only_partial,109-s52-harness-and-standalone-proof,TERMNL13,only remaining degraded reason is missing repository-owned harness/reference evidence,32675,640,Area,Symbolized,s52_area_termnl_symbolized_rcid_32675,scene_harness_not_covered
termnl|Area|Symbolized|641|32676,TERMNL,partial,ordinary_s57,harness_only_partial,109-s52-harness-and-standalone-proof,TERMNL02,only remaining degraded reason is missing repository-owned harness/reference evidence,32676,641,Area,Symbolized,s52_area_termnl_symbolized_rcid_32676,scene_harness_not_covered
termnl|Area|Symbolized|642|32677,TERMNL,partial,ordinary_s57,harness_only_partial,109-s52-harness-and-standalone-proof,TERMNL02,only remaining degraded reason is missing repository-owned harness/reference evidence,32677,642,Area,Symbolized,s52_area_termnl_symbolized_rcid_32677,scene_harness_not_covered
termnl|Area|Symbolized|643|32678,TERMNL,partial,ordinary_s57,harness_only_partial,109-s52-harness-and-standalone-proof,TERMNL01,only remaining degraded reason is missing repository-owned harness/reference evidence,32678,643,Area,Symbolized,s52_area_termnl_symbolized_rcid_32678,scene_harness_not_covered
termnl|Area|Symbolized|644|32679,TERMNL,partial,ordinary_s57,harness_only_partial,109-s52-harness-and-standalone-proof,TERMNL01,only remaining degraded reason is missing repository-owned harness/reference evidence,32679,644,Area,Symbolized,s52_area_termnl_symbolized_rcid_32679,scene_harness_not_covered
termnl|Area|Symbolized|645|32680,TERMNL,partial,ordinary_s57,harness_only_partial,109-s52-harness-and-standalone-proof,TERMNL02,only remaining degraded reason is missing repository-owned harness/reference evidence,32680,645,Area,Symbolized,s52_area_termnl_symbolized_rcid_32680,scene_harness_not_covered
termnl|Area|Symbolized|646|32681,TERMNL,partial,ordinary_s57,harness_only_partial,109-s52-harness-and-standalone-proof,TERMNL12,only remaining degraded reason is missing repository-owned harness/reference evidence,32681,646,Area,Symbolized,s52_area_termnl_symbolized_rcid_32681,scene_harness_not_covered
termnl|Area|Symbolized|647|32682,TERMNL,partial,ordinary_s57,harness_only_partial,109-s52-harness-and-standalone-proof,TERMNL03,only remaining degraded reason is missing repository-owned harness/reference evidence,32682,647,Area,Symbolized,s52_area_termnl_symbolized_rcid_32682,scene_harness_not_covered
termnl|Area|Symbolized|648|32683,TERMNL,partial,ordinary_s57,harness_only_partial,109-s52-harness-and-standalone-proof,TERMNL04,only remaining degraded reason is missing repository-owned harness/reference evidence,32683,648,Area,Symbolized,s52_area_termnl_symbolized_rcid_32683,scene_harness_not_covered
termnl|Area|Symbolized|649|32684,TERMNL,partial,ordinary_s57,harness_only_partial,109-s52-harness-and-standalone-proof,TERMNL05,only remaining degraded reason is missing repository-owned harness/reference evidence,32684,649,Area,Symbolized,s52_area_termnl_symbolized_rcid_32684,scene_harness_not_covered
termnl|Area|Symbolized|650|32685,TERMNL,partial,ordinary_s57,harness_only_partial,109-s52-harness-and-standalone-proof,TERMNL06,only remaining degraded reason is missing repository-owned harness/reference evidence,32685,650,Area,Symbolized,s52_area_termnl_symbolized_rcid_32685,scene_harness_not_covered
termnl|Area|Symbolized|651|32686,TERMNL,partial,ordinary_s57,harness_only_partial,109-s52-harness-and-standalone-proof,TERMNL07,only remaining degraded reason is missing repository-owned harness/reference evidence,32686,651,Area,Symbolized,s52_area_termnl_symbolized_rcid_32686,scene_harness_not_covered
termnl|Area|Symbolized|652|32687,TERMNL,partial,ordinary_s57,harness_only_partial,109-s52-harness-and-standalone-proof,TERMNL08,only remaining degraded reason is missing repository-owned harness/reference evidence,32687,652,Area,Symbolized,s52_area_termnl_symbolized_rcid_32687,scene_harness_not_covered
termnl|Area|Symbolized|653|32688,TERMNL,partial,ordinary_s57,harness_only_partial,109-s52-harness-and-standalone-proof,TERMNL09,only remaining degraded reason is missing repository-owned harness/reference evidence,32688,653,Area,Symbolized,s52_area_termnl_symbolized_rcid_32688,scene_harness_not_covered
termnl|Area|Symbolized|654|32689,TERMNL,partial,ordinary_s57,harness_only_partial,109-s52-harness-and-standalone-proof,TERMNL10,only remaining degraded reason is missing repository-owned harness/reference evidence,32689,654,Area,Symbolized,s52_area_termnl_symbolized_rcid_32689,scene_harness_not_covered
termnl|Area|Symbolized|655|32690,TERMNL,partial,ordinary_s57,harness_only_partial,109-s52-harness-and-standalone-proof,TERMNL11,only remaining degraded reason is missing repository-owned harness/reference evidence,32690,655,Area,Symbolized,s52_area_termnl_symbolized_rcid_32690,scene_harness_not_covered
termnl|Area|Symbolized|656|32691,TERMNL,partial,ordinary_s57,harness_only_partial,109-s52-harness-and-standalone-proof,TERMNL12,only remaining degraded reason is missing repository-owned harness/reference evidence,32691,656,Area,Symbolized,s52_area_termnl_symbolized_rcid_32691,scene_harness_not_covered
termnl|Point|Paper|2799|30867,TERMNL,partial,ordinary_s57,harness_only_partial,109-s52-harness-and-standalone-proof,TERMNL12,only remaining degraded reason is missing repository-owned harness/reference evidence,30867,2799,Point,Paper,s52_point_termnl_paper_rcid_30867,scene_harness_not_covered
termnl|Point|Paper|2800|30868,TERMNL,partial,ordinary_s57,harness_only_partial,109-s52-harness-and-standalone-proof,TERMNL03,only remaining degraded reason is missing repository-owned harness/reference evidence,30868,2800,Point,Paper,s52_point_termnl_paper_rcid_30868,scene_harness_not_covered
termnl|Point|Paper|2801|30869,TERMNL,partial,ordinary_s57,harness_only_partial,109-s52-harness-and-standalone-proof,TERMNL04,only remaining degraded reason is missing repository-owned harness/reference evidence,30869,2801,Point,Paper,s52_point_termnl_paper_rcid_30869,scene_harness_not_covered
termnl|Point|Paper|2802|30870,TERMNL,partial,ordinary_s57,harness_only_partial,109-s52-harness-and-standalone-proof,TERMNL05,only remaining degraded reason is missing repository-owned harness/reference evidence,30870,2802,Point,Paper,s52_point_termnl_paper_rcid_30870,scene_harness_not_covered
termnl|Point|Paper|2803|30871,TERMNL,partial,ordinary_s57,harness_only_partial,109-s52-harness-and-standalone-proof,TERMNL06,only remaining degraded reason is missing repository-owned harness/reference evidence,30871,2803,Point,Paper,s52_point_termnl_paper_rcid_30871,scene_harness_not_covered
termnl|Point|Paper|2804|30872,TERMNL,partial,ordinary_s57,harness_only_partial,109-s52-harness-and-standalone-proof,TERMNL07,only remaining degraded reason is missing repository-owned harness/reference evidence,30872,2804,Point,Paper,s52_point_termnl_paper_rcid_30872,scene_harness_not_covered
termnl|Point|Paper|2805|30873,TERMNL,partial,ordinary_s57,harness_only_partial,109-s52-harness-and-standalone-proof,TERMNL08,only remaining degraded reason is missing repository-owned harness/reference evidence,30873,2805,Point,Paper,s52_point_termnl_paper_rcid_30873,scene_harness_not_covered
termnl|Point|Paper|2806|30874,TERMNL,partial,ordinary_s57,harness_only_partial,109-s52-harness-and-standalone-proof,TERMNL09,only remaining degraded reason is missing repository-owned harness/reference evidence,30874,2806,Point,Paper,s52_point_termnl_paper_rcid_30874,scene_harness_not_covered
termnl|Point|Paper|2807|30875,TERMNL,partial,ordinary_s57,harness_only_partial,109-s52-harness-and-standalone-proof,TERMNL10,only remaining degraded reason is missing repository-owned harness/reference evidence,30875,2807,Point,Paper,s52_point_termnl_paper_rcid_30875,scene_harness_not_covered
termnl|Point|Paper|2808|30876,TERMNL,partial,ordinary_s57,harness_only_partial,109-s52-harness-and-standalone-proof,TERMNL11,only remaining degraded reason is missing repository-owned harness/reference evidence,30876,2808,Point,Paper,s52_point_termnl_paper_rcid_30876,scene_harness_not_covered
termnl|Point|Paper|2809|30877,TERMNL,partial,ordinary_s57,harness_only_partial,109-s52-harness-and-standalone-proof,TERMNL03,only remaining degraded reason is missing repository-owned harness/reference evidence,30877,2809,Point,Paper,s52_point_termnl_paper_rcid_30877,scene_harness_not_covered
termnl|Point|Paper|2810|30878,TERMNL,partial,ordinary_s57,harness_only_partial,109-s52-harness-and-standalone-proof,TERMNL04,only remaining degraded reason is missing repository-owned harness/reference evidence,30878,2810,Point,Paper,s52_point_termnl_paper_rcid_30878,scene_harness_not_covered
termnl|Point|Paper|2811|30879,TERMNL,partial,ordinary_s57,harness_only_partial,109-s52-harness-and-standalone-proof,TERMNL13,only remaining degraded reason is missing repository-owned harness/reference evidence,30879,2811,Point,Paper,s52_point_termnl_paper_rcid_30879,scene_harness_not_covered
termnl|Point|Paper|2812|30880,TERMNL,partial,ordinary_s57,harness_only_partial,109-s52-harness-and-standalone-proof,TERMNL02,only remaining degraded reason is missing repository-owned harness/reference evidence,30880,2812,Point,Paper,s52_point_termnl_paper_rcid_30880,scene_harness_not_covered
termnl|Point|Paper|2813|30881,TERMNL,partial,ordinary_s57,harness_only_partial,109-s52-harness-and-standalone-proof,TERMNL02,only remaining degraded reason is missing repository-owned harness/reference evidence,30881,2813,Point,Paper,s52_point_termnl_paper_rcid_30881,scene_harness_not_covered
termnl|Point|Paper|2814|30882,TERMNL,partial,ordinary_s57,harness_only_partial,109-s52-harness-and-standalone-proof,TERMNL01,only remaining degraded reason is missing repository-owned harness/reference evidence,30882,2814,Point,Paper,s52_point_termnl_paper_rcid_30882,scene_harness_not_covered
termnl|Point|Paper|2815|30883,TERMNL,partial,ordinary_s57,harness_only_partial,109-s52-harness-and-standalone-proof,TERMNL01,only remaining degraded reason is missing repository-owned harness/reference evidence,30883,2815,Point,Paper,s52_point_termnl_paper_rcid_30883,scene_harness_not_covered
termnl|Point|Paper|2816|30884,TERMNL,partial,ordinary_s57,harness_only_partial,109-s52-harness-and-standalone-proof,TERMNL12,only remaining degraded reason is missing repository-owned harness/reference evidence,30884,2816,Point,Paper,s52_point_termnl_paper_rcid_30884,scene_harness_not_covered
termnl|Point|Paper|2817|30885,TERMNL,partial,ordinary_s57,harness_only_partial,109-s52-harness-and-standalone-proof,TERMNL03,only remaining degraded reason is missing repository-owned harness/reference evidence,30885,2817,Point,Paper,s52_point_termnl_paper_rcid_30885,scene_harness_not_covered
termnl|Point|Paper|2818|30886,TERMNL,partial,ordinary_s57,harness_only_partial,109-s52-harness-and-standalone-proof,TERMNL04,only remaining degraded reason is missing repository-owned harness/reference evidence,30886,2818,Point,Paper,s52_point_termnl_paper_rcid_30886,scene_harness_not_covered
termnl|Point|Paper|2819|30887,TERMNL,partial,ordinary_s57,harness_only_partial,109-s52-harness-and-standalone-proof,TERMNL05,only remaining degraded reason is missing repository-owned harness/reference evidence,30887,2819,Point,Paper,s52_point_termnl_paper_rcid_30887,scene_harness_not_covered
termnl|Point|Paper|2820|30888,TERMNL,partial,ordinary_s57,harness_only_partial,109-s52-harness-and-standalone-proof,TERMNL06,only remaining degraded reason is missing repository-owned harness/reference evidence,30888,2820,Point,Paper,s52_point_termnl_paper_rcid_30888,scene_harness_not_covered
termnl|Point|Paper|2821|30889,TERMNL,partial,ordinary_s57,harness_only_partial,109-s52-harness-and-standalone-proof,TERMNL07,only remaining degraded reason is missing repository-owned harness/reference evidence,30889,2821,Point,Paper,s52_point_termnl_paper_rcid_30889,scene_harness_not_covered
termnl|Point|Paper|2822|30890,TERMNL,partial,ordinary_s57,harness_only_partial,109-s52-harness-and-standalone-proof,TERMNL08,only remaining degraded reason is missing repository-owned harness/reference evidence,30890,2822,Point,Paper,s52_point_termnl_paper_rcid_30890,scene_harness_not_covered
termnl|Point|Paper|2823|30891,TERMNL,partial,ordinary_s57,harness_only_partial,109-s52-harness-and-standalone-proof,TERMNL09,only remaining degraded reason is missing repository-owned harness/reference evidence,30891,2823,Point,Paper,s52_point_termnl_paper_rcid_30891,scene_harness_not_covered
termnl|Point|Paper|2824|30892,TERMNL,partial,ordinary_s57,harness_only_partial,109-s52-harness-and-standalone-proof,TERMNL10,only remaining degraded reason is missing repository-owned harness/reference evidence,30892,2824,Point,Paper,s52_point_termnl_paper_rcid_30892,scene_harness_not_covered
termnl|Point|Paper|2825|30893,TERMNL,partial,ordinary_s57,harness_only_partial,109-s52-harness-and-standalone-proof,TERMNL11,only remaining degraded reason is missing repository-owned harness/reference evidence,30893,2825,Point,Paper,s52_point_termnl_paper_rcid_30893,scene_harness_not_covered
termnl|Point|Paper|2826|30894,TERMNL,partial,ordinary_s57,harness_only_partial,109-s52-harness-and-standalone-proof,TERMNL12,only remaining degraded reason is missing repository-owned harness/reference evidence,30894,2826,Point,Paper,s52_point_termnl_paper_rcid_30894,scene_harness_not_covered
termnl|Point|Simplified|1566|31618,TERMNL,partial,ordinary_s57,harness_only_partial,109-s52-harness-and-standalone-proof,TERMNL12,only remaining degraded reason is missing repository-owned harness/reference evidence,31618,1566,Point,Simplified,s52_point_termnl_simplified_rcid_31618,scene_harness_not_covered
termnl|Point|Simplified|1567|31619,TERMNL,partial,ordinary_s57,harness_only_partial,109-s52-harness-and-standalone-proof,TERMNL03,only remaining degraded reason is missing repository-owned harness/reference evidence,31619,1567,Point,Simplified,s52_point_termnl_simplified_rcid_31619,scene_harness_not_covered
termnl|Point|Simplified|1568|31620,TERMNL,partial,ordinary_s57,harness_only_partial,109-s52-harness-and-standalone-proof,TERMNL04,only remaining degraded reason is missing repository-owned harness/reference evidence,31620,1568,Point,Simplified,s52_point_termnl_simplified_rcid_31620,scene_harness_not_covered
termnl|Point|Simplified|1569|31621,TERMNL,partial,ordinary_s57,harness_only_partial,109-s52-harness-and-standalone-proof,TERMNL05,only remaining degraded reason is missing repository-owned harness/reference evidence,31621,1569,Point,Simplified,s52_point_termnl_simplified_rcid_31621,scene_harness_not_covered
termnl|Point|Simplified|1570|31622,TERMNL,partial,ordinary_s57,harness_only_partial,109-s52-harness-and-standalone-proof,TERMNL06,only remaining degraded reason is missing repository-owned harness/reference evidence,31622,1570,Point,Simplified,s52_point_termnl_simplified_rcid_31622,scene_harness_not_covered
termnl|Point|Simplified|1571|31623,TERMNL,partial,ordinary_s57,harness_only_partial,109-s52-harness-and-standalone-proof,TERMNL07,only remaining degraded reason is missing repository-owned harness/reference evidence,31623,1571,Point,Simplified,s52_point_termnl_simplified_rcid_31623,scene_harness_not_covered
termnl|Point|Simplified|1572|31624,TERMNL,partial,ordinary_s57,harness_only_partial,109-s52-harness-and-standalone-proof,TERMNL08,only remaining degraded reason is missing repository-owned harness/reference evidence,31624,1572,Point,Simplified,s52_point_termnl_simplified_rcid_31624,scene_harness_not_covered
termnl|Point|Simplified|1573|31625,TERMNL,partial,ordinary_s57,harness_only_partial,109-s52-harness-and-standalone-proof,TERMNL09,only remaining degraded reason is missing repository-owned harness/reference evidence,31625,1573,Point,Simplified,s52_point_termnl_simplified_rcid_31625,scene_harness_not_covered
termnl|Point|Simplified|1574|31626,TERMNL,partial,ordinary_s57,harness_only_partial,109-s52-harness-and-standalone-proof,TERMNL10,only remaining degraded reason is missing repository-owned harness/reference evidence,31626,1574,Point,Simplified,s52_point_termnl_simplified_rcid_31626,scene_harness_not_covered
termnl|Point|Simplified|1575|31627,TERMNL,partial,ordinary_s57,harness_only_partial,109-s52-harness-and-standalone-proof,TERMNL11,only remaining degraded reason is missing repository-owned harness/reference evidence,31627,1575,Point,Simplified,s52_point_termnl_simplified_rcid_31627,scene_harness_not_covered
termnl|Point|Simplified|1576|31628,TERMNL,partial,ordinary_s57,harness_only_partial,109-s52-harness-and-standalone-proof,TERMNL03,only remaining degraded reason is missing repository-owned harness/reference evidence,31628,1576,Point,Simplified,s52_point_termnl_simplified_rcid_31628,scene_harness_not_covered
termnl|Point|Simplified|1577|31629,TERMNL,partial,ordinary_s57,harness_only_partial,109-s52-harness-and-standalone-proof,TERMNL04,only remaining degraded reason is missing repository-owned harness/reference evidence,31629,1577,Point,Simplified,s52_point_termnl_simplified_rcid_31629,scene_harness_not_covered
termnl|Point|Simplified|1578|31630,TERMNL,partial,ordinary_s57,harness_only_partial,109-s52-harness-and-standalone-proof,TERMNL13,only remaining degraded reason is missing repository-owned harness/reference evidence,31630,1578,Point,Simplified,s52_point_termnl_simplified_rcid_31630,scene_harness_not_covered
termnl|Point|Simplified|1579|31631,TERMNL,partial,ordinary_s57,harness_only_partial,109-s52-harness-and-standalone-proof,TERMNL02,only remaining degraded reason is missing repository-owned harness/reference evidence,31631,1579,Point,Simplified,s52_point_termnl_simplified_rcid_31631,scene_harness_not_covered
termnl|Point|Simplified|1580|31632,TERMNL,partial,ordinary_s57,harness_only_partial,109-s52-harness-and-standalone-proof,TERMNL02,only remaining degraded reason is missing repository-owned harness/reference evidence,31632,1580,Point,Simplified,s52_point_termnl_simplified_rcid_31632,scene_harness_not_covered
termnl|Point|Simplified|1581|31633,TERMNL,partial,ordinary_s57,harness_only_partial,109-s52-harness-and-standalone-proof,TERMNL01,only remaining degraded reason is missing repository-owned harness/reference evidence,31633,1581,Point,Simplified,s52_point_termnl_simplified_rcid_31633,scene_harness_not_covered
termnl|Point|Simplified|1582|31634,TERMNL,partial,ordinary_s57,harness_only_partial,109-s52-harness-and-standalone-proof,TERMNL01,only remaining degraded reason is missing repository-owned harness/reference evidence,31634,1582,Point,Simplified,s52_point_termnl_simplified_rcid_31634,scene_harness_not_covered
termnl|Point|Simplified|1583|31635,TERMNL,partial,ordinary_s57,harness_only_partial,109-s52-harness-and-standalone-proof,TERMNL12,only remaining degraded reason is missing repository-owned harness/reference evidence,31635,1583,Point,Simplified,s52_point_termnl_simplified_rcid_31635,scene_harness_not_covered
termnl|Point|Simplified|1584|31636,TERMNL,partial,ordinary_s57,harness_only_partial,109-s52-harness-and-standalone-proof,TERMNL03,only remaining degraded reason is missing repository-owned harness/reference evidence,31636,1584,Point,Simplified,s52_point_termnl_simplified_rcid_31636,scene_harness_not_covered
termnl|Point|Simplified|1585|31637,TERMNL,partial,ordinary_s57,harness_only_partial,109-s52-harness-and-standalone-proof,TERMNL04,only remaining degraded reason is missing repository-owned harness/reference evidence,31637,1585,Point,Simplified,s52_point_termnl_simplified_rcid_31637,scene_harness_not_covered
termnl|Point|Simplified|1586|31638,TERMNL,partial,ordinary_s57,harness_only_partial,109-s52-harness-and-standalone-proof,TERMNL05,only remaining degraded reason is missing repository-owned harness/reference evidence,31638,1586,Point,Simplified,s52_point_termnl_simplified_rcid_31638,scene_harness_not_covered
termnl|Point|Simplified|1587|31639,TERMNL,partial,ordinary_s57,harness_only_partial,109-s52-harness-and-standalone-proof,TERMNL06,only remaining degraded reason is missing repository-owned harness/reference evidence,31639,1587,Point,Simplified,s52_point_termnl_simplified_rcid_31639,scene_harness_not_covered
termnl|Point|Simplified|1588|31640,TERMNL,partial,ordinary_s57,harness_only_partial,109-s52-harness-and-standalone-proof,TERMNL07,only remaining degraded reason is missing repository-owned harness/reference evidence,31640,1588,Point,Simplified,s52_point_termnl_simplified_rcid_31640,scene_harness_not_covered
termnl|Point|Simplified|1589|31641,TERMNL,partial,ordinary_s57,harness_only_partial,109-s52-harness-and-standalone-proof,TERMNL08,only remaining degraded reason is missing repository-owned harness/reference evidence,31641,1589,Point,Simplified,s52_point_termnl_simplified_rcid_31641,scene_harness_not_covered
termnl|Point|Simplified|1590|31642,TERMNL,partial,ordinary_s57,harness_only_partial,109-s52-harness-and-standalone-proof,TERMNL09,only remaining degraded reason is missing repository-owned harness/reference evidence,31642,1590,Point,Simplified,s52_point_termnl_simplified_rcid_31642,scene_harness_not_covered
termnl|Point|Simplified|1591|31643,TERMNL,partial,ordinary_s57,harness_only_partial,109-s52-harness-and-standalone-proof,TERMNL10,only remaining degraded reason is missing repository-owned harness/reference evidence,31643,1591,Point,Simplified,s52_point_termnl_simplified_rcid_31643,scene_harness_not_covered
termnl|Point|Simplified|1592|31644,TERMNL,partial,ordinary_s57,harness_only_partial,109-s52-harness-and-standalone-proof,TERMNL11,only remaining degraded reason is missing repository-owned harness/reference evidence,31644,1592,Point,Simplified,s52_point_termnl_simplified_rcid_31644,scene_harness_not_covered
termnl|Point|Simplified|1593|31645,TERMNL,partial,ordinary_s57,harness_only_partial,109-s52-harness-and-standalone-proof,TERMNL12,only remaining degraded reason is missing repository-owned harness/reference evidence,31645,1593,Point,Simplified,s52_point_termnl_simplified_rcid_31645,scene_harness_not_covered
tidcur|Point|Paper|2827|30895,TIDCUR,partial,ordinary_s57,harness_only_partial,109-s52-harness-and-standalone-proof,TIDCUR01,only remaining degraded reason is missing repository-owned harness/reference evidence,30895,2827,Point,Paper,s52_point_tidcur_paper_rcid_30895,scene_harness_not_covered
tidcur|Point|Paper|2828|30896,TIDCUR,partial,ordinary_s57,harness_only_partial,109-s52-harness-and-standalone-proof,TIDCUR02,only remaining degraded reason is missing repository-owned harness/reference evidence,30896,2828,Point,Paper,s52_point_tidcur_paper_rcid_30896,scene_harness_not_covered
tidcur|Point|Paper|2829|30897,TIDCUR,partial,ordinary_s57,harness_only_partial,109-s52-harness-and-standalone-proof,TIDCUR01,only remaining degraded reason is missing repository-owned harness/reference evidence,30897,2829,Point,Paper,s52_point_tidcur_paper_rcid_30897,scene_harness_not_covered
tidcur|Point|Simplified|1594|31646,TIDCUR,partial,ordinary_s57,harness_only_partial,109-s52-harness-and-standalone-proof,TIDCUR01,only remaining degraded reason is missing repository-owned harness/reference evidence,31646,1594,Point,Simplified,s52_point_tidcur_simplified_rcid_31646,scene_harness_not_covered
tidcur|Point|Simplified|1595|31647,TIDCUR,partial,ordinary_s57,harness_only_partial,109-s52-harness-and-standalone-proof,TIDCUR02,only remaining degraded reason is missing repository-owned harness/reference evidence,31647,1595,Point,Simplified,s52_point_tidcur_simplified_rcid_31647,scene_harness_not_covered
tidcur|Point|Simplified|1596|31648,TIDCUR,partial,ordinary_s57,harness_only_partial,109-s52-harness-and-standalone-proof,TIDCUR01,only remaining degraded reason is missing repository-owned harness/reference evidence,31648,1596,Point,Simplified,s52_point_tidcur_simplified_rcid_31648,scene_harness_not_covered
topmar|Point|Paper|3011|3063028,TOPMAR,partial,ordinary_s57,harness_only_partial,109-s52-harness-and-standalone-proof,TOPMA106,only remaining degraded reason is missing repository-owned harness/reference evidence,3063028,3011,Point,Paper,s52_point_topmar_paper_rcid_3063028,scene_harness_not_covered
topmar|Point|Paper|3012|3063029,TOPMAR,partial,ordinary_s57,harness_only_partial,109-s52-harness-and-standalone-proof,TOPSHP51,only remaining degraded reason is missing repository-owned harness/reference evidence,3063029,3012,Point,Paper,s52_point_topmar_paper_rcid_3063029,scene_harness_not_covered
topmar|Point|Paper|3015|3063032,TOPMAR,partial,ordinary_s57,harness_only_partial,109-s52-harness-and-standalone-proof,TOPMA116,only remaining degraded reason is missing repository-owned harness/reference evidence,3063032,3015,Point,Paper,s52_point_topmar_paper_rcid_3063032,scene_harness_not_covered
topmar|Point|Paper|3023|3063039,TOPMAR,partial,ordinary_s57,harness_only_partial,109-s52-harness-and-standalone-proof,TOPSHP51,only remaining degraded reason is missing repository-owned harness/reference evidence,3063039,3023,Point,Paper,s52_point_topmar_paper_rcid_3063039,scene_harness_not_covered
topmar|Point|Paper|2870|30898,TOPMAR,partial,ordinary_s57,harness_only_partial,109-s52-harness-and-standalone-proof,TOPMAR01,only remaining degraded reason is missing repository-owned harness/reference evidence,30898,2870,Point,Paper,s52_point_topmar_paper_rcid_30898,scene_harness_not_covered
topmar|Point|Paper|2830|93820,TOPMAR,partial,ordinary_s57,harness_only_partial,109-s52-harness-and-standalone-proof,TOPMA116,only remaining degraded reason is missing repository-owned harness/reference evidence,93820,2830,Point,Paper,s52_point_topmar_paper_rcid_93820,scene_harness_not_covered
topmar|Point|Paper|2840|93821,TOPMAR,partial,ordinary_s57,harness_only_partial,109-s52-harness-and-standalone-proof,TOPSHPI1,only remaining degraded reason is missing repository-owned harness/reference evidence,93821,2840,Point,Paper,s52_point_topmar_paper_rcid_93821,scene_harness_not_covered
topmar|Point|Paper|2833|93849,TOPMAR,partial,ordinary_s57,harness_only_partial,109-s52-harness-and-standalone-proof,TOPMAR01,only remaining degraded reason is missing repository-owned harness/reference evidence,93849,2833,Point,Paper,s52_point_topmar_paper_rcid_93849,scene_harness_not_covered
topmar|Point|Paper|2832|93851,TOPMAR,partial,ordinary_s57,harness_only_partial,109-s52-harness-and-standalone-proof,TOPMAR01,only remaining degraded reason is missing repository-owned harness/reference evidence,93851,2832,Point,Paper,s52_point_topmar_paper_rcid_93851,scene_harness_not_covered
topmar|Point|Paper|2834|93853,TOPMAR,partial,ordinary_s57,harness_only_partial,109-s52-harness-and-standalone-proof,TOPMAR01,only remaining degraded reason is missing repository-owned harness/reference evidence,93853,2834,Point,Paper,s52_point_topmar_paper_rcid_93853,scene_harness_not_covered
topmar|Point|Paper|2835|93854,TOPMAR,partial,ordinary_s57,harness_only_partial,109-s52-harness-and-standalone-proof,TOPMAR01,only remaining degraded reason is missing repository-owned harness/reference evidence,93854,2835,Point,Paper,s52_point_topmar_paper_rcid_93854,scene_harness_not_covered
topmar|Point|Paper|2858|93856,TOPMAR,partial,ordinary_s57,harness_only_partial,109-s52-harness-and-standalone-proof,TOPSHQ26,only remaining degraded reason is missing repository-owned harness/reference evidence,93856,2858,Point,Paper,s52_point_topmar_paper_rcid_93856,scene_harness_not_covered
topmar|Point|Paper|2842|93857,TOPMAR,partial,ordinary_s57,harness_only_partial,109-s52-harness-and-standalone-proof,TOPMAR01,only remaining degraded reason is missing repository-owned harness/reference evidence,93857,2842,Point,Paper,s52_point_topmar_paper_rcid_93857,scene_harness_not_covered
topmar|Point|Paper|2843|93858,TOPMAR,partial,ordinary_s57,harness_only_partial,109-s52-harness-and-standalone-proof,TOPMAR01,only remaining degraded reason is missing repository-owned harness/reference evidence,93858,2843,Point,Paper,s52_point_topmar_paper_rcid_93858,scene_harness_not_covered
topmar|Point|Paper|2844|93859,TOPMAR,partial,ordinary_s57,harness_only_partial,109-s52-harness-and-standalone-proof,TOPMAR01,only remaining degraded reason is missing repository-owned harness/reference evidence,93859,2844,Point,Paper,s52_point_topmar_paper_rcid_93859,scene_harness_not_covered
topmar|Point|Paper|2845|93860,TOPMAR,partial,ordinary_s57,harness_only_partial,109-s52-harness-and-standalone-proof,TOPMAR01,only remaining degraded reason is missing repository-owned harness/reference evidence,93860,2845,Point,Paper,s52_point_topmar_paper_rcid_93860,scene_harness_not_covered
topmar|Point|Paper|2846|93861,TOPMAR,partial,ordinary_s57,harness_only_partial,109-s52-harness-and-standalone-proof,TOPMAR01,only remaining degraded reason is missing repository-owned harness/reference evidence,93861,2846,Point,Paper,s52_point_topmar_paper_rcid_93861,scene_harness_not_covered
topmar|Point|Paper|2849|93862,TOPMAR,partial,ordinary_s57,harness_only_partial,109-s52-harness-and-standalone-proof,TOPSHQ17,only remaining degraded reason is missing repository-owned harness/reference evidence,93862,2849,Point,Paper,s52_point_topmar_paper_rcid_93862,scene_harness_not_covered
topmar|Point|Paper|2851|93863,TOPMAR,partial,ordinary_s57,harness_only_partial,109-s52-harness-and-standalone-proof,TOPSHQ19,only remaining degraded reason is missing repository-owned harness/reference evidence,93863,2851,Point,Paper,s52_point_topmar_paper_rcid_93863,scene_harness_not_covered
topmar|Point|Paper|2852|93864,TOPMAR,partial,ordinary_s57,harness_only_partial,109-s52-harness-and-standalone-proof,TOPSHQ20,only remaining degraded reason is missing repository-owned harness/reference evidence,93864,2852,Point,Paper,s52_point_topmar_paper_rcid_93864,scene_harness_not_covered
topmar|Point|Paper|2853|93865,TOPMAR,partial,ordinary_s57,harness_only_partial,109-s52-harness-and-standalone-proof,TOPSHQ21,only remaining degraded reason is missing repository-owned harness/reference evidence,93865,2853,Point,Paper,s52_point_topmar_paper_rcid_93865,scene_harness_not_covered
topmar|Point|Paper|2854|93866,TOPMAR,partial,ordinary_s57,harness_only_partial,109-s52-harness-and-standalone-proof,TOPSHQ22,only remaining degraded reason is missing repository-owned harness/reference evidence,93866,2854,Point,Paper,s52_point_topmar_paper_rcid_93866,scene_harness_not_covered
topmar|Point|Paper|2855|93867,TOPMAR,partial,ordinary_s57,harness_only_partial,109-s52-harness-and-standalone-proof,TOPSHQ23,only remaining degraded reason is missing repository-owned harness/reference evidence,93867,2855,Point,Paper,s52_point_topmar_paper_rcid_93867,scene_harness_not_covered
topmar|Point|Paper|2856|93868,TOPMAR,partial,ordinary_s57,harness_only_partial,109-s52-harness-and-standalone-proof,TOPSHQ24,only remaining degraded reason is missing repository-owned harness/reference evidence,93868,2856,Point,Paper,s52_point_topmar_paper_rcid_93868,scene_harness_not_covered
topmar|Point|Paper|2857|93869,TOPMAR,partial,ordinary_s57,harness_only_partial,109-s52-harness-and-standalone-proof,TOPSHQ25,only remaining degraded reason is missing repository-owned harness/reference evidence,93869,2857,Point,Paper,s52_point_topmar_paper_rcid_93869,scene_harness_not_covered
topmar|Point|Paper|2866|93875,TOPMAR,partial,ordinary_s57,harness_only_partial,109-s52-harness-and-standalone-proof,TOPMAR01,only remaining degraded reason is missing repository-owned harness/reference evidence,93875,2866,Point,Paper,s52_point_topmar_paper_rcid_93875,scene_harness_not_covered
topmar|Point|Paper|2838|93877,TOPMAR,partial,ordinary_s57,harness_only_partial,109-s52-harness-and-standalone-proof,TOPMAR01,only remaining degraded reason is missing repository-owned harness/reference evidence,93877,2838,Point,Paper,s52_point_topmar_paper_rcid_93877,scene_harness_not_covered
topmar|Point|Paper|2867|93879,TOPMAR,partial,ordinary_s57,harness_only_partial,109-s52-harness-and-standalone-proof,TOPSHQ06,only remaining degraded reason is missing repository-owned harness/reference evidence,93879,2867,Point,Paper,s52_point_topmar_paper_rcid_93879,scene_harness_not_covered
topmar|Point|Paper|2868|93881,TOPMAR,partial,ordinary_s57,harness_only_partial,109-s52-harness-and-standalone-proof,TOPSHQ08,only remaining degraded reason is missing repository-owned harness/reference evidence,93881,2868,Point,Paper,s52_point_topmar_paper_rcid_93881,scene_harness_not_covered
topmar|Point|Paper|2831|93896,TOPMAR,partial,ordinary_s57,harness_only_partial,109-s52-harness-and-standalone-proof,TOPMAR01,only remaining degraded reason is missing repository-owned harness/reference evidence,93896,2831,Point,Paper,s52_point_topmar_paper_rcid_93896,scene_harness_not_covered
topmar|Point|Paper|2859|93902,TOPMAR,partial,ordinary_s57,harness_only_partial,109-s52-harness-and-standalone-proof,TOPSHQ27,only remaining degraded reason is missing repository-owned harness/reference evidence,93902,2859,Point,Paper,s52_point_topmar_paper_rcid_93902,scene_harness_not_covered
topmar|Point|Paper|2860|93903,TOPMAR,partial,ordinary_s57,harness_only_partial,109-s52-harness-and-standalone-proof,TOPSHQ28,only remaining degraded reason is missing repository-owned harness/reference evidence,93903,2860,Point,Paper,s52_point_topmar_paper_rcid_93903,scene_harness_not_covered
topmar|Point|Paper|2841|93906,TOPMAR,partial,ordinary_s57,harness_only_partial,109-s52-harness-and-standalone-proof,TOPSHPP2,only remaining degraded reason is missing repository-owned harness/reference evidence,93906,2841,Point,Paper,s52_point_topmar_paper_rcid_93906,scene_harness_not_covered
topmar|Point|Paper|2869|93913,TOPMAR,partial,ordinary_s57,harness_only_partial,109-s52-harness-and-standalone-proof,TOPMAR01,only remaining degraded reason is missing repository-owned harness/reference evidence,93913,2869,Point,Paper,s52_point_topmar_paper_rcid_93913,scene_harness_not_covered
topmar|Point|Paper|2865|93916,TOPMAR,partial,ordinary_s57,harness_only_partial,109-s52-harness-and-standalone-proof,TOPMAR01,only remaining degraded reason is missing repository-owned harness/reference evidence,93916,2865,Point,Paper,s52_point_topmar_paper_rcid_93916,scene_harness_not_covered
topmar|Point|Paper|2848|93940,TOPMAR,partial,ordinary_s57,harness_only_partial,109-s52-harness-and-standalone-proof,TOPSHQ16,only remaining degraded reason is missing repository-owned harness/reference evidence,93940,2848,Point,Paper,s52_point_topmar_paper_rcid_93940,scene_harness_not_covered
topmar|Point|Paper|2850|93941,TOPMAR,partial,ordinary_s57,harness_only_partial,109-s52-harness-and-standalone-proof,TOPSHQ18,only remaining degraded reason is missing repository-owned harness/reference evidence,93941,2850,Point,Paper,s52_point_topmar_paper_rcid_93941,scene_harness_not_covered
topmar|Point|Paper|2861|93942,TOPMAR,partial,ordinary_s57,harness_only_partial,109-s52-harness-and-standalone-proof,TOPSHQ29,only remaining degraded reason is missing repository-owned harness/reference evidence,93942,2861,Point,Paper,s52_point_topmar_paper_rcid_93942,scene_harness_not_covered
topmar|Point|Paper|2862|93943,TOPMAR,partial,ordinary_s57,harness_only_partial,109-s52-harness-and-standalone-proof,TOPSHQ30,only remaining degraded reason is missing repository-owned harness/reference evidence,93943,2862,Point,Paper,s52_point_topmar_paper_rcid_93943,scene_harness_not_covered
topmar|Point|Paper|2863|93944,TOPMAR,partial,ordinary_s57,harness_only_partial,109-s52-harness-and-standalone-proof,TOPSHQ31,only remaining degraded reason is missing repository-owned harness/reference evidence,93944,2863,Point,Paper,s52_point_topmar_paper_rcid_93944,scene_harness_not_covered
topmar|Point|Paper|2864|93945,TOPMAR,partial,ordinary_s57,harness_only_partial,109-s52-harness-and-standalone-proof,TOPSHQ32,only remaining degraded reason is missing repository-owned harness/reference evidence,93945,2864,Point,Paper,s52_point_topmar_paper_rcid_93945,scene_harness_not_covered
topmar|Point|Paper|2836|94014,TOPMAR,partial,ordinary_s57,harness_only_partial,109-s52-harness-and-standalone-proof,TOPMA115,only remaining degraded reason is missing repository-owned harness/reference evidence,94014,2836,Point,Paper,s52_point_topmar_paper_rcid_94014,scene_harness_not_covered
topmar|Point|Paper|2837|94015,TOPMAR,partial,ordinary_s57,harness_only_partial,109-s52-harness-and-standalone-proof,TOPMA100,only remaining degraded reason is missing repository-owned harness/reference evidence,94015,2837,Point,Paper,s52_point_topmar_paper_rcid_94015,scene_harness_not_covered
topmar|Point|Paper|2839|94016,TOPMAR,partial,ordinary_s57,harness_only_partial,109-s52-harness-and-standalone-proof,TOPMA114,only remaining degraded reason is missing repository-owned harness/reference evidence,94016,2839,Point,Paper,s52_point_topmar_paper_rcid_94016,scene_harness_not_covered
topmar|Point|Simplified|1597|31649,TOPMAR,partial,ordinary_s57,harness_only_partial,109-s52-harness-and-standalone-proof,TOPMARI1,only remaining degraded reason is missing repository-owned harness/reference evidence,31649,1597,Point,Simplified,s52_point_topmar_simplified_rcid_31649,scene_harness_not_covered
trnbsn|Area|Plain|310|32345,TRNBSN,partial,ordinary_s57,harness_only_partial,109-s52-harness-and-standalone-proof,TRNBSN01,only remaining degraded reason is missing repository-owned harness/reference evidence,32345,310,Area,Plain,s52_area_trnbsn_plain_rcid_32345,scene_harness_not_covered
trnbsn|Area|Symbolized|657|32692,TRNBSN,partial,ordinary_s57,harness_only_partial,109-s52-harness-and-standalone-proof,TRNBSN01,only remaining degraded reason is missing repository-owned harness/reference evidence,32692,657,Area,Symbolized,s52_area_trnbsn_symbolized_rcid_32692,scene_harness_not_covered
trnbsn|Point|Paper|2871|30899,TRNBSN,partial,ordinary_s57,harness_only_partial,109-s52-harness-and-standalone-proof,TRNBSN01,only remaining degraded reason is missing repository-owned harness/reference evidence,30899,2871,Point,Paper,s52_point_trnbsn_paper_rcid_30899,scene_harness_not_covered
trnbsn|Point|Simplified|1598|31650,TRNBSN,partial,ordinary_s57,harness_only_partial,109-s52-harness-and-standalone-proof,TRNBSN01,only remaining degraded reason is missing repository-owned harness/reference evidence,31650,1598,Point,Simplified,s52_point_trnbsn_simplified_rcid_31650,scene_harness_not_covered
uwtroc|Point|Paper|2872|30900,UWTROC,partial,ordinary_s57,harness_only_partial,109-s52-harness-and-standalone-proof,OBSTRN04,only remaining degraded reason is missing repository-owned harness/reference evidence,30900,2872,Point,Paper,s52_point_uwtroc_paper_rcid_30900,scene_harness_not_covered
uwtroc|Point|Simplified|1599|31651,UWTROC,partial,ordinary_s57,harness_only_partial,109-s52-harness-and-standalone-proof,OBSTRN04,only remaining degraded reason is missing repository-owned harness/reference evidence,31651,1599,Point,Simplified,s52_point_uwtroc_simplified_rcid_31651,scene_harness_not_covered
vehtrf|Area|Plain|311|32346,VEHTRF,partial,ordinary_s57,supplemental_upstream_candidate,106-s52-upstream-supplemental-opencpn-assets,VEHTRF01,missing asset is not defined in the pinned snapshot and is a task-106 supplemental-upstream candidate,32346,311,Area,Plain,s52_area_vehtrf_plain_rcid_32346,compiler_missing_point_asset:VEHTRF01;scene_harness_not_covered
vehtrf|Area|Symbolized|658|32693,VEHTRF,partial,ordinary_s57,supplemental_upstream_candidate,106-s52-upstream-supplemental-opencpn-assets,VEHTRF01,missing asset is not defined in the pinned snapshot and is a task-106 supplemental-upstream candidate,32693,658,Area,Symbolized,s52_area_vehtrf_symbolized_rcid_32693,compiler_missing_point_asset:VEHTRF01;scene_harness_not_covered
vehtrf|Point|Paper|2873|30901,VEHTRF,partial,ordinary_s57,supplemental_upstream_candidate,106-s52-upstream-supplemental-opencpn-assets,VEHTRF01,missing asset is not defined in the pinned snapshot and is a task-106 supplemental-upstream candidate,30901,2873,Point,Paper,s52_point_vehtrf_paper_rcid_30901,compiler_missing_point_asset:VEHTRF01
vehtrf|Point|Simplified|1600|31652,VEHTRF,partial,ordinary_s57,supplemental_upstream_candidate,106-s52-upstream-supplemental-opencpn-assets,VEHTRF01,missing asset is not defined in the pinned snapshot and is a task-106 supplemental-upstream candidate,31652,1600,Point,Simplified,s52_point_vehtrf_simplified_rcid_31652,compiler_missing_point_asset:VEHTRF01;scene_harness_not_covered
vessel|Point|Paper|2874|30902,VESSEL,partial,ordinary_s57,harness_only_partial,109-s52-harness-and-standalone-proof,VESSEL01,only remaining degraded reason is missing repository-owned harness/reference evidence,30902,2874,Point,Paper,s52_point_vessel_paper_rcid_30902,scene_harness_not_covered
vessel|Point|Simplified|1601|31653,VESSEL,partial,ordinary_s57,harness_only_partial,109-s52-harness-and-standalone-proof,VESSEL01,only remaining degraded reason is missing repository-owned harness/reference evidence,31653,1601,Point,Simplified,s52_point_vessel_simplified_rcid_31653,scene_harness_not_covered
vrmark|Line|Lines|907|31983,VRMARK,partial,ordinary_s57,harness_only_partial,109-s52-harness-and-standalone-proof,VRMEBL01,only remaining degraded reason is missing repository-owned harness/reference evidence,31983,907,Line,Lines,s52_line_vrmark_lines_rcid_31983,scene_harness_not_covered
waypnt|Point|Paper|2875|30903,WAYPNT,partial,ordinary_s57,harness_only_partial,109-s52-harness-and-standalone-proof,WAYPNT11,only remaining degraded reason is missing repository-owned harness/reference evidence,30903,2875,Point,Paper,s52_point_waypnt_paper_rcid_30903,scene_harness_not_covered
waypnt|Point|Paper|2876|30904,WAYPNT,partial,ordinary_s57,harness_only_partial,109-s52-harness-and-standalone-proof,WAYPNT03,only remaining degraded reason is missing repository-owned harness/reference evidence,30904,2876,Point,Paper,s52_point_waypnt_paper_rcid_30904,scene_harness_not_covered
waypnt|Point|Paper|2877|30905,WAYPNT,partial,ordinary_s57,harness_only_partial,109-s52-harness-and-standalone-proof,WAYPNT11,only remaining degraded reason is missing repository-owned harness/reference evidence,30905,2877,Point,Paper,s52_point_waypnt_paper_rcid_30905,scene_harness_not_covered
waypnt|Point|Simplified|1602|31654,WAYPNT,partial,ordinary_s57,harness_only_partial,109-s52-harness-and-standalone-proof,WAYPNT11,only remaining degraded reason is missing repository-owned harness/reference evidence,31654,1602,Point,Simplified,s52_point_waypnt_simplified_rcid_31654,scene_harness_not_covered
waypnt|Point|Simplified|1603|31655,WAYPNT,partial,ordinary_s57,harness_only_partial,109-s52-harness-and-standalone-proof,WAYPNT03,only remaining degraded reason is missing repository-owned harness/reference evidence,31655,1603,Point,Simplified,s52_point_waypnt_simplified_rcid_31655,scene_harness_not_covered
waypnt|Point|Simplified|1604|31656,WAYPNT,partial,ordinary_s57,harness_only_partial,109-s52-harness-and-standalone-proof,WAYPNT11,only remaining degraded reason is missing repository-owned harness/reference evidence,31656,1604,Point,Simplified,s52_point_waypnt_simplified_rcid_31656,scene_harness_not_covered
wholin|Line|Lines|908|31984,WHOLIN,partial,ordinary_s57,harness_only_partial,109-s52-harness-and-standalone-proof,LS_SOLD_2_NINFO,only remaining degraded reason is missing repository-owned harness/reference evidence,31984,908,Line,Lines,s52_line_wholin_lines_rcid_31984,scene_harness_not_covered
wtwaxs|Line|Lines|909|31985,WTWAXS,partial,ordinary_s57,harness_only_partial,109-s52-harness-and-standalone-proof,LS_DOTT_1_CHGRD,only remaining degraded reason is missing repository-owned harness/reference evidence,31985,909,Line,Lines,s52_line_wtwaxs_lines_rcid_31985,scene_harness_not_covered
wtwgag|Point|Paper|2878|30906,WTWGAG,partial,ordinary_s57,harness_only_partial,109-s52-harness-and-standalone-proof,WTLVGG02,only remaining degraded reason is missing repository-owned harness/reference evidence,30906,2878,Point,Paper,s52_point_wtwgag_paper_rcid_30906,scene_harness_not_covered
wtwgag|Point|Simplified|1605|31657,WTWGAG,partial,ordinary_s57,harness_only_partial,109-s52-harness-and-standalone-proof,WTLVGG02,only remaining degraded reason is missing repository-owned harness/reference evidence,31657,1605,Point,Simplified,s52_point_wtwgag_simplified_rcid_31657,scene_harness_not_covered
wtwprf|Line|Lines|910|31986,WTWPRF,partial,ordinary_s57,harness_only_partial,109-s52-harness-and-standalone-proof,LS_DOTT_1_CHGRD,only remaining degraded reason is missing repository-owned harness/reference evidence,31986,910,Line,Lines,s52_line_wtwprf_lines_rcid_31986,scene_harness_not_covered
